2021461109918,2021,461109918,1,9,0,18,19,5,1,0,0,1,0,0,0,0,1,1,2,2,1,55,8,1747,1,12,-1,1,E01024657,0,-1
202131B041421,2021,31B041421,1,9,0,18,19,5,1,0,0,0,0,0,0,0,1,1,1,1,2,57,9,1747,1,13,-1,5,E01028002,0,-1
2021010310120,2021,010310120,1,9,0,5,5,3,7,0,0,1,0,0,0,0,1,1,2,2,1,28,6,1910,2,14,-1,-1,-1,0,-1
2021440395823,2021,440395823,1,9,0,18,19,3,7,0,0,1,0,0,0,0,1,1,6,6,1,30,6,1910,2,15,-1,4,E01017124,0,-1
2021461102971,2021,461102971,1,9,0,1,1,1,5,0,0,0,0,0,0,0,2,1,3,7,2,33,6,1910,2,14,-1,4,E01024429,0,-1
2021451082708,2021,451082708,1,9,0,9,9,1,2,0,0,0,0,0,0,0,3,1,1,1,1,64,9,1910,2,14,-1,6,E01022907,0,-1
2021421062405,2021,421062405,2,9,0,16,19,3,7,0,0,1,0,0,0,0,1,1,5,6,1,37,7,1910,2,17,-1,4,E01015906,0,-1
2021471116313,2021,471116313,1,9,0,18,19,5,1,0,0,8,0,0,0,0,1,1,5,6,1,41,7,1910,2,14,-1,3,E01031787,0,-1
2021522104372,2021,522104372,1,9,0,16,19,6,1,0,0,8,0,0,3,11,1,1,6,6,1,28,6,1747,1,13,-1,4,E01014946,0,-1
2021991029629,2021,991029629,1,3,0,18,19,5,1,0,0,0,5,0,0,0,1,1,5,6,1,51,8,124,1,3,APRILIA RS 125,1,-1,0,-1
2021361035657,2021,361035657,1,3,0,18,19,4,2,0,0,0,1,0,7,0,1,1,5,6,1,18,4,125,1,13,APRILIA RS 125,6,E01026446,0,-1
2021161107046,2021,161107046,1,3,0,18,19,2,6,0,0,4,0,10,3,4,1,1,6,6,1,49,8,125,1,10,APRILIA RS 125,1,E01012859,0,-1
2021010340541,2021,010340541,2,4,0,18,19,5,1,0,0,1,0,0,0,0,1,1,6,6,2,29,6,124,1,3,APRILIA RS 125,5,E01003368,0,-1
2021201065131,2021,201065131,2,3,0,18,19,7,3,0,0,0,2,0,0,0,2,1,6,6,1,17,4,125,1,15,APRILIA RS 125,8,E01009785,0,-1
2021201058000,2021,201058000,1,3,0,18,19,1,5,9,9,1,1,0,1,0,1,1,6,6,1,18,4,125,1,15,APRILIA RS 125,7,E01009931,0,-1
2021522200840,2021,522200840,1,3,0,17,19,3,8,0,0,0,0,10,1,0,1,1,6,6,1,24,5,124,1,1,APRILIA RS 125,2,E01014526,0,-1
2021141076824,2021,141076824,2,3,0,18,19,5,1,0,0,0,0,0,0,0,1,1,6,6,1,18,4,125,1,13,APRILIA RS 125,2,E01007448,0,-1
2021461061118,2021,461061118,1,3,0,16,19,5,8,0,0,0,0,0,0,0,3,1,6,6,1,17,4,125,1,16,APRILIA RS 125,6,E01024568,0,-1
2021041022301,2021,041022301,1,3,0,18,19,6,2,0,0,1,1,0,0,0,4,1,2,2,1,28,6,125,1,13,APRILIA RS 125,1,E01025286,0,-1
2021461115966,2021,461115966,2,2,0,18,19,3,7,0,0,2,0,0,0,0,1,1,6,6,1,25,5,124,1,4,APRILIA RS 125,5,E01024594,0,-1
2021041084509,2021,041084509,1,3,0,17,19,1,5,0,0,2,1,4,0,0,3,1,5,6,1,50,8,125,1,17,APRILIA RS 125,1,E01025045,0,-1
2021430479903,2021,430479903,2,3,0,18,19,5,1,0,0,8,0,0,0,0,1,1,6,6,1,19,4,124,1,4,APRILIA RS 125,5,E01032726,0,-1
2021221040481,2021,221040481,2,3,0,17,19,4,8,0,0,0,1,0,1,0,1,1,5,6,1,17,4,124,1,3,APRILIA RS 125,4,E01014072,0,-1
2021411018797,2021,411018797,2,3,0,17,19,3,7,0,0,1,0,0,0,0,1,1,5,6,1,18,4,125,1,15,APRILIA RS 125,10,E01023497,0,-1
2021421109816,2021,421109816,2,4,0,13,13,6,2,0,0,0,0,0,0,0,1,1,6,6,1,42,7,124,1,1,APRILIA RS 125,4,E01003672,0,-1
2021211156244,2021,211156244,1,3,0,18,19,6,2,0,0,0,0,0,0,0,1,1,6,6,1,19,4,125,1,13,APRILIA RS 125,8,E01029420,0,-1
2021522201274,2021,522201274,1,3,0,18,19,4,7,0,0,4,0,0,0,0,0,1,6,6,1,18,4,124,1,0,APRILIA RS 125,6,E01014614,0,-1
2021070468239,2021,070468239,2,3,0,18,19,7,3,0,0,1,0,0,0,0,1,1,6,6,1,21,5,125,1,11,APRILIA RS 125,-1,-1,0,-1
2021010342870,2021,010342870,1,3,0,99,99,9,9,99,99,9,9,99,9,99,9,1,6,6,1,33,6,124,1,2,APRILIA RS 125,1,E01002074,0,-1
2021501029151,2021,501029151,1,2,0,4,4,2,6,0,0,0,1,0,0,0,1,1,6,6,1,17,4,49,1,10,-1,9,E01020026,0,-1
2021122100396,2021,122100396,1,2,0,18,19,3,7,0,0,8,1,0,0,0,1,1,6,6,1,16,4,49,1,6,-1,-1,-1,0,-1
2021010324325,2021,010324325,1,2,0,99,99,9,9,99,99,9,9,99,9,99,1,1,6,6,1,17,4,49,1,1,-1,4,E01002681,0,-1
2021991051941,2021,991051941,1,2,0,4,4,7,3,0,0,0,0,0,0,0,1,1,5,6,1,16,4,49,1,5,-1,8,-1,0,-1
2021371136615,2021,371136615,1,2,0,5,5,8,4,0,0,0,0,0,0,0,2,1,5,6,1,16,4,49,1,11,-1,3,E01029914,0,-1
2021052101848,2021,052101848,2,5,0,18,19,5,1,0,0,1,0,0,0,0,1,1,6,6,1,29,6,999,1,10,BMW S 1000,2,E01018525,0,-1
2021131082144,2021,131082144,2,5,0,17,19,3,5,0,0,1,0,0,0,0,1,1,5,6,1,60,9,999,1,10,BMW S 1000,9,E01011847,0,-1
2021320455682,2021,320455682,1,5,0,13,13,6,2,0,0,1,0,0,7,4,1,1,6,6,1,36,7,999,1,4,BMW S 1000,-1,-1,0,-1
2021221089027,2021,221089027,1,5,0,17,19,4,1,0,0,0,0,0,1,0,1,1,5,6,1,34,6,999,1,0,BMW S 1000,8,E01009846,0,-1
2021302101313,2021,302101313,2,5,0,13,13,3,7,0,0,8,0,0,0,0,1,1,6,6,1,42,7,999,1,3,BMW S 1000,9,E01007711,0,-1
2021991070150,2021,991070150,1,5,0,15,15,2,5,0,0,7,5,0,0,0,1,1,5,6,1,29,6,999,1,4,BMW S 1000,6,-1,0,-1
2021010327169,2021,010327169,2,5,0,14,14,7,3,0,0,1,1,0,0,0,1,1,6,6,1,44,7,999,1,3,BMW S 1000,8,E01004081,0,-1
2021061081004,2021,061081004,1,5,0,18,19,6,2,0,0,2,0,0,0,0,1,1,6,6,1,18,4,999,1,10,BMW S 1000,-1,-1,0,-1
2021471061373,2021,471061373,2,5,0,4,4,5,1,0,0,0,1,4,0,0,4,1,5,6,1,50,8,999,1,4,BMW S 1000,10,E01032638,0,-1
2021361090962,2021,361090962,2,5,0,18,19,5,1,0,0,8,0,0,0,0,3,1,6,6,1,54,8,999,1,11,BMW S 1000,1,E01026833,0,-1
2021302100304,2021,302100304,1,5,0,16,19,8,6,0,0,0,0,0,0,0,1,1,6,6,1,31,6,999,1,1,BMW S 1000,9,E01007425,0,-1
2021430021716,2021,430021716,1,4,0,13,13,5,1,0,0,0,0,0,0,0,1,1,6,6,1,30,6,999,1,5,BMW S 1000,5,E01033573,0,-1
2021991050682,2021,991050682,2,5,0,18,19,7,3,0,0,8,2,0,0,0,1,1,5,6,1,46,8,999,1,3,BMW S 1000,2,E01027422,0,-1
2021440260239,2021,440260239,1,5,0,18,19,3,8,0,0,0,0,0,0,0,3,1,6,6,1,49,8,999,1,1,BMW S 1000,6,E01032970,0,-1
2021430421317,2021,430421317,2,5,0,18,19,0,0,0,0,0,0,0,0,0,1,1,6,6,1,54,8,999,1,0,BMW S 1000,5,E01028811,0,-1
202163B062321,2021,63B062321,2,5,0,13,13,8,4,0,0,1,0,0,0,0,1,1,6,6,1,55,8,999,1,0,BMW S 1000,5,W01000546,0,-1
2021440161582,2021,440161582,1,5,0,18,19,8,4,0,0,8,0,0,0,0,1,1,6,6,1,31,6,999,1,6,BMW S 1000,9,E01017248,0,-1
2021471093234,2021,471093234,1,5,0,13,13,7,3,0,0,8,0,0,7,4,1,1,5,6,1,55,8,999,1,3,BMW S 1000,2,E01001735,0,-1
2021461088694,2021,461088694,2,5,0,14,14,4,8,0,0,0,0,0,0,0,3,1,5,6,1,48,8,999,1,5,BMW S 1000,5,E01016127,0,-1
2021451028996,2021,451028996,1,5,0,18,19,5,1,0,0,0,1,10,0,0,1,1,6,6,1,30,6,999,1,2,BMW S 1000,5,E01030656,0,-1
2021371102266,2021,371102266,2,5,0,18,19,6,2,0,0,8,0,11,0,0,1,1,6,6,1,57,9,999,1,6,BMW S 1000,6,E01029930,0,-1
2021221068292,2021,221068292,1,5,0,18,19,4,8,0,0,8,2,0,0,0,1,1,6,6,1,28,6,999,1,8,BMW S 1000,9,E01029664,0,-1
2021320588177,2021,320588177,2,5,0,2,2,0,0,0,0,1,0,0,0,0,4,1,6,6,1,50,8,999,1,2,BMW S 1000,5,E01026435,0,-1
2021991026278,2021,991026278,1,5,0,13,13,7,3,0,0,1,0,0,0,0,1,1,6,6,1,57,9,999,1,4,BMW S 1000,9,-1,0,-1
2021122100567,2021,122100567,1,5,0,17,19,1,3,0,0,0,0,0,0,0,1,1,4,7,1,57,9,999,1,2,BMW S 1000,10,E01025278,0,-1
2021451119445,2021,451119445,3,5,0,9,9,2,6,0,0,5,5,10,0,0,2,1,5,6,1,34,6,999,1,8,BMW S 1000,6,E01030699,0,-1
2021161041649,2021,161041649,1,5,0,3,3,3,7,0,0,8,0,0,0,0,4,1,6,6,1,49,8,999,1,8,BMW S 1000,6,E01012793,0,-1
2021430511847,2021,430511847,2,4,0,18,19,6,1,0,0,8,0,0,0,0,3,1,2,2,1,42,7,999,1,11,BMW S 1000,8,E01028595,0,-1
2021440260239,2021,440260239,2,5,0,18,19,3,8,0,0,0,0,0,0,0,4,1,6,6,1,51,8,999,1,1,BMW S 1000,5,E01015993,0,-1
2021991050604,2021,991050604,1,5,0,17,19,1,5,0,0,0,1,0,1,10,1,1,5,6,1,37,7,999,1,9,BMW S 1000,8,-1,0,-1
2021552101000,2021,552101000,1,5,0,13,13,8,4,0,0,8,0,0,7,11,1,1,6,6,1,73,10,999,1,5,BMW S 1000,9,E01027250,0,-1
2021101094188,2021,101094188,1,5,0,17,19,1,5,0,0,1,1,0,7,0,4,1,5,6,1,40,7,999,1,0,BMW S 1000,7,E01010573,0,-1
2021041088838,2021,041088838,2,5,0,18,19,5,1,0,0,0,0,0,0,0,2,1,6,6,1,68,10,999,1,0,BMW S 1000,6,E01025121,0,-1
2021211113467,2021,211113467,1,5,0,13,13,3,7,0,0,1,0,0,0,0,1,1,5,6,1,55,8,999,1,0,BMW S 1000,-1,-1,0,-1
2021041055683,2021,041055683,2,5,0,18,19,8,4,0,0,0,0,0,0,0,0,1,6,6,3,-1,-1,999,1,7,BMW S 1000,-1,-1,0,-1
2021401098332,2021,401098332,1,5,0,18,19,5,1,0,0,3,1,11,1,7,1,1,6,6,1,34,6,999,1,3,BMW S 1000,8,E01023708,0,-1
2021010308090,2021,010308090,1,5,0,99,99,9,9,99,99,9,9,99,9,99,9,1,2,2,1,42,7,999,1,0,BMW S 1000,10,E01016085,0,-1
2021421101934,2021,421101934,1,5,0,13,13,7,3,0,0,8,5,0,0,0,1,1,5,6,1,55,8,999,1,4,BMW S 1000,6,E01021353,0,-1
2021991067363,2021,991067363,1,5,0,17,19,7,4,0,0,0,0,0,2,7,1,1,5,6,1,36,7,999,1,11,BMW S 1000,4,E01028529,0,-1
2021321071549,2021,321071549,1,5,0,9,9,3,7,0,0,1,0,0,7,0,2,1,6,6,1,60,9,999,1,0,BMW S 1000,-1,-1,0,-1
2021440276322,2021,440276322,1,5,0,18,19,6,2,0,0,8,0,0,0,0,4,1,6,6,1,58,9,999,1,0,BMW S 1000,5,E01018226,0,-1
2021622100456,2021,622100456,2,5,0,18,19,8,4,0,0,3,0,0,0,0,1,1,6,6,1,78,11,999,1,0,BMW S 1000,10,W01001828,0,-1
2021991086653,2021,991086653,1,4,0,13,13,3,7,0,0,0,0,0,0,0,4,1,6,6,1,43,7,999,1,4,BMW S 1000,2,-1,0,-1
2021111101742,2021,111101742,1,5,0,5,5,1,5,0,0,0,1,0,0,0,3,1,2,2,1,35,6,999,1,5,BMW S 1000,2,E01011949,0,-1
2021461113805,2021,461113805,1,5,0,16,19,4,8,0,0,0,1,0,0,0,4,1,5,6,1,82,11,999,1,5,BMW S 1000,6,E01024421,0,-1
2021461086481,2021,461086481,1,5,0,18,19,1,5,0,0,0,5,0,0,0,1,1,6,6,1,35,6,999,1,0,BMW S 1000,3,E01016016,0,-1
202163B014221,2021,63B014221,1,5,0,17,19,4,1,0,0,0,0,0,1,4,1,1,6,6,1,51,8,999,1,1,BMW S 1000,10,W01001340,0,-1
2021430395981,2021,430395981,1,5,0,13,13,5,1,0,0,1,0,0,3,0,1,1,6,6,1,-1,-1,999,1,2,BMW S 1000,-1,-1,0,-1
2021122100453,2021,122100453,2,5,0,18,19,7,3,0,0,0,1,0,0,0,0,1,6,6,1,53,8,999,1,1,BMW S 1000,7,E01011833,0,-1
2021122101018,2021,122101018,2,5,0,18,19,7,3,0,0,1,0,0,0,0,1,1,6,6,1,51,8,999,1,0,BMW S 1000,1,E01012198,0,-1
202134WNC4051,2021,34WNC4051,1,5,0,16,19,5,1,0,0,0,0,0,0,0,3,1,2,2,1,36,7,999,1,0,BMW S 1000,9,E01027163,0,-1
2021061072334,2021,061072334,2,5,0,18,19,2,5,0,0,1,0,0,0,0,4,1,5,6,1,42,7,999,1,0,BMW S 1000,5,E01032559,0,-1
202134WNC5421,2021,34WNC5421,1,5,0,18,19,1,5,0,0,0,1,0,0,0,1,1,1,1,1,31,6,999,1,0,BMW S 1000,2,E01027151,0,-1
2021221083987,2021,221083987,2,5,0,14,14,8,4,0,0,0,0,0,0,0,1,1,5,6,1,31,6,999,1,4,BMW S 1000,9,E01032323,0,-1
2021451052503,2021,451052503,2,5,0,15,15,3,7,0,0,1,0,0,0,0,1,1,5,6,1,43,7,999,1,2,BMW S 1000,6,E01030311,0,-1
202163D053821,2021,63D053821,1,5,0,17,19,8,5,0,0,0,1,0,1,10,4,1,6,6,1,57,9,999,1,0,BMW S 1000,10,E01022602,0,-1
2021546054321,2021,546054321,1,5,0,14,14,1,5,0,0,1,0,0,0,0,1,1,6,6,1,50,8,999,1,5,BMW S 1000,9,E01015471,0,-1
2021320387185,2021,320387185,1,5,0,13,13,8,4,0,0,0,0,0,1,0,1,1,6,6,1,59,9,999,1,2,BMW S 1000,8,E01027938,0,-1
2021010331601,2021,010331601,1,5,0,16,19,3,7,0,0,1,0,0,0,0,0,1,6,6,1,30,6,999,1,11,BMW S 1000,1,E01024597,0,-1
2021161074449,2021,161074449,2,5,0,14,14,5,1,0,0,2,1,0,0,0,1,1,6,6,1,37,7,999,1,7,BMW S 1000,10,E01029507,0,-1
2021161124688,2021,161124688,2,5,0,18,19,4,8,0,0,1,2,0,0,0,1,1,5,6,1,42,7,999,1,4,BMW S 1000,-1,-1,0,-1
2021320678946,2021,320678946,2,5,0,18,19,5,1,0,0,8,0,0,0,0,4,1,6,6,1,51,8,999,1,2,BMW S 1000,5,E01018102,0,-1
2021440079538,2021,440079538,1,5,0,9,9,4,2,0,0,8,0,0,0,0,0,1,6,6,1,38,7,999,1,2,BMW S 1000,6,E01023121,0,-1
2021501061972,2021,501061972,1,5,0,18,19,1,5,0,0,0,0,0,0,0,4,1,6,6,1,57,9,999,1,4,BMW S 1000,10,E01032623,0,-1
2021451096054,2021,451096054,1,5,0,17,19,2,6,0,0,1,1,0,0,0,3,1,5,6,1,52,8,999,1,1,BMW S 1000,4,E01030383,0,-1
2021421104343,2021,421104343,2,5,0,18,19,5,1,0,0,8,0,10,7,2,3,1,2,2,1,55,8,999,1,7,BMW S 1000,6,E01021372,0,-1
2021101073428,2021,101073428,3,5,0,3,3,1,5,0,0,3,5,0,0,0,2,1,6,6,1,51,8,999,1,3,BMW S 1000,3,E01008576,0,-1
2021471050404,2021,471050404,2,5,0,13,13,3,7,0,0,2,0,0,7,0,1,1,5,6,1,48,8,999,1,3,BMW S 1000,8,E01021061,0,-1
2021351034121,2021,351034121,1,5,0,17,19,8,4,0,0,0,0,0,1,0,4,1,5,6,1,56,9,999,1,1,BMW S 1000,9,E01027322,0,-1
2021361080804,2021,361080804,2,5,0,8,8,3,5,0,0,6,0,0,0,0,2,1,5,6,1,53,8,999,1,1,BMW S 1000,6,E01026549,0,-1
2021010324695,2021,010324695,2,5,0,18,19,3,7,0,0,2,2,0,0,0,1,1,6,6,1,30,6,999,1,4,BMW S 1000,-1,-1,0,-1
2021430449079,2021,430449079,2,5,0,18,19,6,2,0,0,8,0,0,0,0,1,1,6,6,1,33,6,999,1,3,BMW S 1000,5,E01016642,0,-1
2021010295238,2021,010295238,2,5,0,99,99,9,9,99,99,9,9,99,9,99,9,1,6,6,3,42,7,999,1,5,BMW S 1000,5,E01004057,0,-1
2021141056141,2021,141056141,1,5,0,18,19,6,2,0,0,1,0,0,0,0,1,1,5,6,1,43,7,999,1,1,BMW S 1000,3,E01032550,0,-1
2021430364106,2021,430364106,1,5,0,11,11,5,2,0,0,8,0,0,0,0,4,1,6,6,1,59,9,999,1,2,BMW S 1000,8,E01023360,0,-1
2021991089734,2021,991089734,1,5,0,7,7,1,5,0,0,0,2,0,8,0,4,1,5,6,1,46,8,999,1,6,BMW S 1000,8,E01005056,0,-1
2021010343243,2021,010343243,1,5,0,11,11,7,3,2,2,2,0,0,0,0,1,1,6,6,1,33,6,999,1,2,BMW S 1000,5,E01033734,0,-1
2021010324083,2021,010324083,2,5,0,5,5,1,5,0,0,1,0,0,0,0,3,1,6,6,1,37,7,999,1,0,BMW S 1000,2,E01001912,0,-1
2021221056241,2021,221056241,1,5,0,17,19,4,1,0,0,0,1,0,1,10,1,1,5,6,1,31,6,999,1,7,BMW S 1000,8,E01032127,0,-1
2021471091242,2021,471091242,1,5,0,9,9,4,2,0,0,8,0,0,0,0,4,1,5,6,1,30,6,999,1,10,BMW S 1000,6,E01021008,0,-1
2021122100389,2021,122100389,2,5,0,13,13,7,3,0,0,1,0,0,7,0,1,1,6,6,3,32,6,999,1,2,BMW S 1000,-1,-1,0,-1
2021010313053,2021,010313053,1,5,0,18,19,1,5,0,0,1,0,0,0,0,1,1,6,6,1,29,6,999,1,6,BMW S 1000,3,E01004427,0,-1
2021371090888,2021,371090888,1,5,0,13,13,4,8,0,0,0,5,0,1,0,1,1,5,6,1,28,6,999,1,8,BMW S 1000,4,E01030161,0,-1
2021543874421,2021,543874421,1,5,0,18,19,1,5,0,0,0,0,0,0,0,3,1,6,6,2,57,9,999,1,7,BMW S 1000,7,E01031866,0,-1
2021471116776,2021,471116776,1,5,0,14,14,6,2,0,0,0,0,0,0,0,1,1,5,6,1,67,10,999,1,5,BMW S 1000,2,E01021179,0,-1
2021991052821,2021,991052821,1,5,0,17,19,1,6,0,0,5,2,0,1,0,3,1,5,6,1,47,8,999,1,0,BMW S 1000,6,-1,0,-1
2021010307105,2021,010307105,2,5,0,18,19,7,3,0,0,1,0,0,0,0,1,1,2,2,1,32,6,999,1,7,BMW S 1000,3,E01023310,0,-1
2021991074702,2021,991074702,2,5,0,18,19,3,7,0,0,0,0,0,1,11,1,1,5,6,1,27,6,999,1,8,BMW S 1000,5,-1,0,-1
2021031032043,2021,031032043,2,4,0,3,3,4,8,0,0,0,0,0,0,0,2,1,1,1,1,42,7,450,1,6,-1,7,E01019344,0,-1
2021131055857,2021,131055857,1,4,0,14,14,7,3,0,0,0,1,4,0,0,3,1,5,6,1,54,8,450,1,6,-1,9,E01010953,0,-1
2021552100851,2021,552100851,2,5,0,14,14,8,4,0,0,8,1,0,0,0,1,1,6,6,1,49,8,1198,1,8,DUCATI MULTISTRADA,10,E01015396,0,-1
2021351027337,2021,351027337,1,5,0,17,19,2,7,0,0,0,0,0,1,9,1,1,6,6,1,61,9,1198,1,5,DUCATI MULTISTRADA,9,E01027084,0,-1
2021501105362,2021,501105362,2,5,0,16,19,3,7,0,0,1,2,0,0,0,1,1,2,2,1,54,8,1158,1,0,DUCATI MULTISTRADA,2,E01015157,0,-1
202163D091421,2021,63D091421,1,4,0,18,19,4,8,0,0,0,1,12,0,0,1,1,6,6,1,57,9,1262,1,3,DUCATI MULTISTRADA,5,E01014004,0,-1
2021122101267,2021,122101267,2,5,0,18,19,6,2,0,0,0,0,0,7,0,1,1,6,6,1,52,8,1198,1,4,DUCATI MULTISTRADA,10,E01014873,0,-1
2021161099270,2021,161099270,1,5,0,16,19,3,1,0,0,3,1,0,0,0,3,1,5,6,1,52,8,1158,1,0,DUCATI MULTISTRADA,10,E01013044,0,-1
2021141093669,2021,141093669,1,5,0,11,11,5,1,1,1,0,2,0,0,0,4,1,2,2,1,48,8,1158,1,0,DUCATI MULTISTRADA,10,E01018658,0,-1
2021010293954,2021,010293954,1,5,0,18,19,1,5,0,0,8,0,0,0,0,1,1,6,6,1,61,9,1198,1,8,DUCATI MULTISTRADA,3,E01001661,0,-1
2021421030663,2021,421030663,2,5,0,3,3,2,6,0,0,1,0,0,0,0,1,1,5,6,1,66,10,937,1,1,DUCATI MULTISTRADA,5,E01003791,0,-1
2021131048027,2021,131048027,1,5,0,18,19,1,1,0,0,1,1,0,0,0,1,1,5,6,1,64,9,937,1,2,DUCATI MULTISTRADA,8,E01011091,0,-1
2021520104268,2021,520104268,1,5,5,18,19,1,5,0,0,0,0,12,0,0,1,1,6,6,1,51,8,1198,1,11,DUCATI MULTISTRADA,8,E01029225,0,-1
2021501051326,2021,501051326,1,4,0,4,4,3,7,0,0,0,0,0,0,0,2,1,6,6,1,54,8,1158,1,0,DUCATI MULTISTRADA,2,E01015157,0,-1
2021010298914,2021,010298914,1,5,0,99,99,9,9,99,99,0,9,99,9,99,9,1,2,2,1,35,6,1262,1,2,DUCATI MULTISTRADA,8,E01000989,0,-1
2021122100548,2021,122100548,1,5,0,16,19,3,7,0,0,6,0,0,0,0,4,1,6,6,3,-1,-1,1262,1,3,DUCATI MULTISTRADA,-1,-1,0,-1
2021991081692,2021,991081692,1,5,0,17,19,1,5,0,0,0,1,0,7,0,3,1,5,6,1,36,7,937,1,4,DUCATI MULTISTRADA,-1,-1,0,-1
2021547213121,2021,547213121,1,5,0,18,19,8,4,0,0,0,2,0,0,0,4,1,6,6,1,62,9,1078,1,12,DUCATI MULTISTRADA,10,E01022873,0,-1
2021552100487,2021,552100487,2,19,0,4,4,7,3,0,0,0,0,0,0,0,2,1,6,6,1,35,6,2442,2,4,-1,8,E01029206,0,-1
2021041107460,2021,041107460,2,3,0,18,19,1,5,0,0,1,0,0,0,0,3,1,2,2,1,27,6,125,1,10,-1,6,E01012618,0,-1
2021411022699,2021,411022699,2,5,0,14,14,4,7,0,0,0,0,0,0,0,1,1,6,6,2,33,6,998,1,9,-1,7,E01023527,0,-1
2021010316331,2021,010316331,1,5,0,99,99,9,9,0,0,8,0,0,0,0,3,1,2,2,1,48,8,998,1,3,-1,5,E01021498,0,-1
2021622100083,2021,622100083,2,5,0,18,19,6,2,0,0,0,0,0,0,0,1,1,6,6,1,44,7,998,1,5,-1,3,W01001137,0,-1
2021991095600,2021,991095600,4,5,0,18,19,7,3,0,0,0,0,0,0,0,1,1,5,6,1,59,9,998,1,5,-1,1,-1,0,-1
2021421061826,2021,421061826,1,5,0,18,19,6,3,0,0,3,5,0,0,0,1,1,6,6,1,30,6,998,1,5,-1,10,E01021557,0,-1
2021991091580,2021,991091580,1,90,0,4,4,1,5,0,0,1,0,0,0,0,2,1,5,6,1,29,6,2287,2,7,-1,3,E01033562,0,-1
2021451103168,2021,451103168,1,9,0,1,1,1,5,0,0,6,0,0,0,0,2,1,5,6,1,44,7,3498,1,8,-1,9,E01028652,0,-1
2021371084623,2021,371084623,1,17,4,18,19,6,3,0,0,0,0,0,0,0,1,1,6,6,1,20,4,4400,2,7,-1,7,E01031197,0,-1
2021122100373,2021,122100373,2,17,0,10,10,1,5,0,0,1,0,0,0,0,2,1,1,1,1,36,7,4400,2,7,-1,5,E01027793,0,-1
2021041052737,2021,041052737,1,5,0,18,19,3,7,0,0,0,0,0,1,4,1,1,6,6,1,56,9,1000,1,13,-1,1,E01006604,0,-1
2021451030519,2021,451030519,1,5,0,18,19,2,6,0,0,1,0,0,0,0,1,1,2,2,1,59,9,1043,1,10,-1,4,E01003441,0,-1
2021520201069,2021,520201069,1,5,0,18,19,2,6,0,0,0,1,0,0,0,3,1,6,6,1,28,6,1043,1,6,-1,8,E01014506,0,-1
2021451110812,2021,451110812,1,5,0,18,19,5,1,0,0,0,0,0,0,0,1,1,5,6,1,46,8,1043,1,6,-1,9,E01030431,0,-1
2021461099602,2021,461099602,1,3,0,-1,-1,-1,-1,-1,-1,0,-1,-1,-1,0,-1,1,6,6,1,30,6,125,1,3,LEXMOTO ZSX,7,E01024518,0,-1
2021501100949,2021,501100949,1,3,0,17,19,1,5,0,0,0,0,0,0,0,1,1,5,6,1,18,4,125,1,1,LEXMOTO ZSX,5,E01019992,0,-1
2021371030271,2021,371030271,2,3,0,18,19,4,8,0,0,1,0,0,0,0,3,1,1,1,1,17,4,125,1,5,LEXMOTO ZSX,10,E01018288,0,-1
2021471078872,2021,471078872,1,3,0,18,19,3,7,0,0,2,2,0,0,0,0,1,2,2,1,26,6,124,1,5,LEXMOTO ZSX,1,E01031429,0,-1
202131C013621,2021,31C013621,2,3,0,15,15,5,1,0,0,8,0,0,0,0,3,1,6,6,1,30,6,125,1,2,LEXMOTO ZSX,2,E01013835,0,-1
2021010295844,2021,010295844,2,3,0,13,13,5,1,0,0,1,0,0,0,0,1,1,6,6,1,24,5,124,1,6,LEXMOTO ZSX,-1,-1,0,-1
2021501040899,2021,501040899,1,3,0,13,13,8,4,0,0,1,0,0,0,0,1,1,6,6,1,21,5,125,1,1,LEXMOTO ZSX,4,E01020070,0,-1
2021010341982,2021,010341982,1,3,0,18,19,5,1,0,0,1,0,0,0,0,4,1,2,2,1,23,5,125,1,4,LEXMOTO ZSX,4,E01000565,0,-1
2021501087778,2021,501087778,1,3,0,17,19,1,5,0,0,8,0,0,0,0,1,1,2,2,1,18,4,125,1,1,LEXMOTO ZSX,6,E01020204,0,-1
2021401121811,2021,401121811,2,3,0,18,19,1,5,0,0,1,0,0,1,0,1,1,5,6,1,22,5,125,1,2,LEXMOTO ZSX,2,E01023404,0,-1
2021552100871,2021,552100871,2,3,0,16,19,7,3,0,0,0,0,0,0,0,1,1,6,6,1,22,5,124,1,0,LEXMOTO ZSX,4,E01015385,0,-1
2021430341570,2021,430341570,2,2,0,18,19,2,6,0,0,1,0,0,0,0,1,1,6,6,1,20,4,125,1,1,LEXMOTO ZSX,10,E01028667,0,-1
202131B090321,2021,31B090321,2,3,0,13,13,7,3,0,0,8,0,0,0,0,1,1,6,6,1,17,4,125,1,4,LEXMOTO ZSX,9,E01028346,0,-1
2021440243174,2021,440243174,1,3,0,7,7,7,1,0,0,8,0,0,0,0,3,1,6,6,1,56,9,125,1,2,LEXMOTO ZSX,8,E01023080,0,-1
2021991042659,2021,991042659,1,3,0,18,19,7,3,0,0,1,0,0,0,0,1,1,6,6,1,25,5,125,1,5,LEXMOTO ZSX,2,-1,0,-1
2021161031057,2021,161031057,2,3,0,18,19,7,3,0,0,2,0,0,0,0,1,1,5,6,1,32,6,125,1,2,LEXMOTO ZSX,6,E01013105,0,-1
2021131110806,2021,131110806,2,3,0,18,19,7,3,0,0,1,0,0,0,0,4,1,6,6,1,17,4,124,1,5,LEXMOTO ZSX,8,E01011889,0,-1
202131D030221,2021,31D030221,1,3,0,16,19,1,4,0,0,8,0,0,0,0,1,1,2,2,1,17,4,125,1,1,LEXMOTO ZSX,10,E01028389,0,-1
2021991029277,2021,991029277,2,3,0,18,19,2,7,0,0,1,1,0,1,0,0,1,2,2,1,17,4,125,1,2,LEXMOTO ZSX,6,-1,0,-1
202134NNC2651,2021,34NNC2651,1,3,0,18,19,7,3,0,0,1,1,0,0,0,1,1,6,6,1,17,4,125,1,3,LEXMOTO ZSX,3,E01027038,0,-1
2021430349099,2021,430349099,2,4,0,18,19,4,8,0,0,1,0,0,0,0,1,1,6,6,1,23,5,125,1,1,LEXMOTO ZSX,8,E01028578,0,-1
2021201058319,2021,201058319,1,3,0,16,19,1,6,0,0,0,0,0,0,0,3,1,6,6,1,44,7,124,1,5,LEXMOTO ZSX,4,E01032358,0,-1
2021440494083,2021,440494083,1,3,0,16,19,3,7,0,0,0,0,0,0,0,4,1,6,6,1,57,9,125,1,2,LEXMOTO ZSX,8,E01023080,0,-1
2021501028757,2021,501028757,2,3,0,4,4,4,8,0,0,1,0,0,0,0,2,1,6,6,1,24,5,125,1,1,LEXMOTO ZSX,1,E01015255,0,-1
2021031049345,2021,031049345,1,3,0,4,4,8,4,0,0,1,5,0,0,0,4,1,2,2,1,30,6,125,1,5,LEXMOTO ZSX,7,E01019136,0,-1
2021421074682,2021,421074682,2,3,0,7,7,3,7,0,0,6,0,0,0,0,1,1,5,6,1,26,6,125,1,1,LEXMOTO ZSX,6,E01021369,0,-1
2021440480952,2021,440480952,1,3,0,18,19,2,6,0,0,8,1,0,0,0,1,1,6,6,1,20,4,125,1,4,LEXMOTO ZSX,3,E01017335,0,-1
2021440191241,2021,440191241,1,3,0,17,19,1,5,0,0,0,1,0,1,0,1,1,2,2,1,23,5,125,1,0,LEXMOTO ZSX,3,E01017082,0,-1
2021451066780,2021,451066780,1,3,0,18,19,7,3,0,0,8,0,0,0,0,4,1,4,7,1,18,4,125,1,1,LEXMOTO ZSX,8,E01030313,0,-1
2021070440609,2021,070440609,1,3,0,7,7,1,5,0,0,4,2,0,0,0,4,1,2,2,1,22,5,125,1,2,LEXMOTO ZSX,8,E01012373,0,-1
2021547719121,2021,547719121,2,2,0,7,7,4,6,0,0,2,0,0,0,0,2,1,6,6,1,18,4,125,1,2,LEXMOTO ZSX,6,-1,0,-1
2021552100398,2021,552100398,1,2,0,18,19,2,6,0,0,1,0,0,0,0,1,1,6,6,1,17,4,124,1,7,LEXMOTO ZSX,4,E01020571,0,-1
2021421100826,2021,421100826,2,3,0,4,4,5,1,0,0,0,0,0,0,0,1,1,2,2,1,18,4,125,1,4,LEXMOTO ZSX,2,E01021278,0,-1
2021421061891,2021,421061891,1,3,0,18,19,2,7,0,0,0,5,0,0,0,0,1,5,6,1,17,4,125,1,2,LEXMOTO ZSX,7,E01021913,0,-1
2021411121055,2021,411121055,2,9,0,18,19,6,2,0,0,0,0,0,0,0,2,1,6,6,1,43,7,4244,1,14,-1,8,E01033029,0,-1
2021440339964,2021,440339964,2,9,0,9,9,3,7,0,0,1,0,0,0,0,4,1,6,6,1,63,9,2967,1,16,-1,9,E01023275,0,-1
2021531078671,2021,531078671,1,9,0,9,9,-1,-1,0,0,8,0,0,0,0,1,1,2,2,2,33,6,-1,3,6,NISSAN LEAF,9,E01022223,0,-1
2021010338315,2021,010338315,1,9,0,4,4,1,5,0,0,4,0,0,0,0,3,1,6,6,2,62,9,-1,3,3,NISSAN LEAF,4,E01002448,0,-1
2021010312410,2021,010312410,1,8,0,10,10,4,2,0,0,1,0,0,0,0,1,9,1,1,1,46,8,-1,3,0,NISSAN LEAF,3,E01002532,0,-1
2021010316500,2021,010316500,2,9,9,18,19,1,5,99,99,9,9,99,9,99,9,1,6,6,1,-1,-1,-1,3,1,NISSAN LEAF,3,E01000081,0,-1
2021010349794,2021,010349794,2,9,0,18,19,5,1,0,0,6,0,0,0,0,1,1,6,6,1,51,8,-1,3,6,NISSAN LEAF,3,E01004203,0,-1
2021221019258,2021,221019258,1,9,0,7,7,7,2,0,0,4,0,0,0,0,1,1,5,6,1,50,8,-1,3,7,NISSAN LEAF,4,E01032397,0,-1
2021522105645,2021,522105645,1,9,0,2,2,0,0,0,0,0,0,0,0,0,2,1,6,6,1,42,7,-1,3,7,NISSAN LEAF,3,E01022254,0,-1
2021010331660,2021,010331660,1,9,4,18,19,2,6,0,0,6,0,0,3,0,1,1,1,1,1,31,6,-1,3,2,NISSAN LEAF,-1,-1,0,-1
2021361114513,2021,361114513,1,9,0,9,9,5,3,0,0,2,0,0,0,0,3,1,5,6,2,39,7,-1,3,4,NISSAN LEAF,5,E01026525,0,-1
2021010331521,2021,010331521,1,8,0,3,3,1,5,0,0,2,0,0,0,0,1,1,1,1,1,52,8,-1,3,2,NISSAN LEAF,-1,-1,0,-1
2021010307114,2021,010307114,1,8,0,3,3,7,3,0,0,2,0,0,0,0,3,1,1,1,1,61,9,-1,3,0,NISSAN LEAF,3,E01000107,0,-1
2021501121720,2021,501121720,1,9,0,10,10,8,4,0,0,1,0,0,0,0,1,1,5,6,2,43,7,-1,3,4,NISSAN LEAF,7,E01018901,0,-1
2021052101156,2021,052101156,1,9,0,17,19,7,5,0,0,8,0,0,0,0,4,1,6,6,3,56,9,-1,3,10,NISSAN LEAF,3,E01006587,0,-1
2021010344896,2021,010344896,1,8,0,18,19,5,1,0,0,8,0,0,0,0,1,1,1,1,1,51,8,-1,3,2,NISSAN LEAF,3,E01003686,0,-1
2021010332545,2021,010332545,1,8,0,99,99,9,9,99,99,0,9,99,9,99,1,9,6,6,3,46,8,-1,3,3,NISSAN LEAF,1,E01000508,0,-1
2021010335924,2021,010335924,1,9,0,18,19,1,5,0,0,0,2,0,2,2,4,1,6,6,2,35,6,-1,3,4,NISSAN LEAF,2,E01004720,0,-1
2021010333542,2021,010333542,1,9,0,99,99,9,9,99,99,9,9,99,9,99,1,9,2,2,1,42,7,-1,3,2,NISSAN LEAF,2,E01024066,0,-1
2021201070581,2021,201070581,1,9,0,7,7,4,7,0,0,3,0,0,0,0,1,1,6,6,1,24,5,-1,3,7,NISSAN LEAF,1,E01009131,0,-1
2021010314687,2021,010314687,2,9,0,18,19,3,7,0,0,2,1,0,1,2,1,1,6,6,1,26,6,-1,3,2,NISSAN LEAF,-1,-1,0,-1
2021302100678,2021,302100678,2,9,0,4,4,4,7,0,0,6,0,0,0,0,3,1,6,6,1,70,10,-1,3,4,NISSAN LEAF,7,E01019472,0,-1
2021010338248,2021,010338248,2,9,0,99,99,9,9,99,99,9,9,99,9,99,2,9,6,6,1,-1,-1,-1,3,2,NISSAN LEAF,8,E01003009,0,-1
2021041046282,2021,041046282,1,9,0,17,19,3,7,0,0,1,0,0,0,0,1,1,2,2,1,42,7,-1,3,3,NISSAN LEAF,1,E01024940,0,-1
2021061044022,2021,061044022,2,9,0,10,10,6,2,0,0,1,0,0,0,0,2,1,1,1,2,21,5,-1,3,0,NISSAN LEAF,1,E01005581,0,-1
2021501076464,2021,501076464,1,9,0,18,19,5,1,0,0,0,0,0,0,0,1,1,6,6,1,78,11,-1,3,0,NISSAN LEAF,3,E01031911,0,-1
2021461095268,2021,461095268,1,9,0,18,19,5,1,0,0,0,0,0,0,0,1,1,5,6,2,59,9,-1,3,5,NISSAN LEAF,9,E01023995,0,-1
2021070101622,2021,070101622,1,9,0,5,5,4,8,0,0,1,0,0,0,0,1,1,6,6,1,40,7,-1,3,1,NISSAN LEAF,10,E01012517,0,-1
2021461114667,2021,461114667,2,9,0,13,13,1,5,0,0,1,0,0,0,0,1,1,3,7,2,36,7,-1,3,6,NISSAN LEAF,7,E01024388,0,-1
2021543234521,2021,543234521,3,9,0,18,19,8,4,0,0,0,1,0,0,0,1,1,6,6,1,47,8,-1,3,8,NISSAN LEAF,2,E01029042,0,-1
2021010307203,2021,010307203,1,8,0,99,99,9,9,99,99,9,9,99,9,99,9,9,6,6,3,-1,-1,-1,3,2,NISSAN LEAF,3,E01004528,0,-1
202154C185021,2021,54C185021,1,9,0,18,19,8,4,0,0,1,0,0,0,0,1,1,6,6,2,67,10,-1,3,4,NISSAN LEAF,7,E01015520,0,-1
2021320588032,2021,320588032,1,8,0,1,1,5,1,0,0,1,0,0,0,0,2,1,1,1,2,60,9,-1,3,1,NISSAN LEAF,9,E01026225,0,-1
2021351106065,2021,351106065,2,9,0,17,19,1,5,0,0,0,0,0,0,0,1,1,5,6,2,74,10,-1,3,4,NISSAN LEAF,9,E01033433,0,-1
2021101019789,2021,101019789,2,9,0,18,19,5,1,0,0,0,0,0,0,0,3,1,2,2,1,43,7,-1,3,5,NISSAN LEAF,4,E01020644,0,-1
2021010315645,2021,010315645,2,9,0,99,99,9,9,99,99,9,9,99,9,99,9,9,6,6,1,45,7,-1,3,2,NISSAN LEAF,7,E01004508,0,-1
202106M079765,2021,06M079765,2,9,0,18,19,7,6,0,0,8,0,0,0,0,1,1,6,6,1,30,6,-1,3,2,NISSAN LEAF,5,E01018706,0,-1
2021101103796,2021,101103796,1,9,0,16,19,1,3,0,0,0,0,0,0,0,1,1,5,6,2,36,7,-1,3,1,NISSAN LEAF,8,E01008529,0,-1
2021101112301,2021,101112301,1,9,0,7,7,5,3,0,0,1,0,0,0,0,-1,1,6,6,2,35,6,-1,3,0,NISSAN LEAF,2,E01008474,0,-1
2021221042215,2021,221042215,1,9,0,18,19,1,5,0,0,0,0,0,0,0,1,1,6,6,1,34,6,-1,3,6,NISSAN LEAF,8,E01013997,0,-1
2021010293281,2021,010293281,2,8,0,99,99,9,9,99,99,9,9,99,9,99,9,9,6,6,1,57,9,-1,3,2,NISSAN LEAF,3,E01003592,0,-1
2021010315719,2021,010315719,1,8,0,3,3,5,1,0,0,1,0,0,0,0,1,1,2,2,1,51,8,-1,3,2,NISSAN LEAF,4,E01000926,0,-1
2021351068411,2021,351068411,1,9,0,1,1,3,7,0,0,0,0,0,0,0,2,1,1,1,1,37,7,-1,3,2,NISSAN LEAF,8,E01033115,0,-1
202163C089721,2021,63C089721,4,9,0,3,3,7,3,0,0,0,0,0,0,0,2,1,1,1,1,57,9,-1,3,4,NISSAN LEAF,7,W01000735,0,-1
2021010333448,2021,010333448,1,8,0,99,99,9,9,99,99,9,9,99,9,99,9,9,1,1,1,41,7,-1,3,2,NISSAN LEAF,3,E01001972,0,-1
2021430356181,2021,430356181,2,9,0,9,9,2,8,0,0,5,0,0,0,0,3,1,6,6,2,35,6,-1,3,4,NISSAN LEAF,8,E01017669,0,-1
2021522104411,2021,522104411,1,9,0,5,5,1,5,0,0,4,0,0,0,0,1,1,6,6,1,62,9,-1,3,2,NISSAN LEAF,6,E01031889,0,-1
2021522200487,2021,522200487,1,9,0,9,9,3,1,0,0,8,0,0,0,0,1,1,6,6,1,52,8,-1,3,4,NISSAN LEAF,8,E01014938,0,-1
2021991074272,2021,991074272,1,9,0,9,9,4,2,0,0,8,0,0,0,0,1,1,1,1,1,50,8,-1,3,1,NISSAN LEAF,9,-1,0,-1
2021430241181,2021,430241181,4,9,0,3,3,8,4,0,0,1,0,0,0,0,3,1,6,6,2,-1,-1,-1,3,2,NISSAN LEAF,-1,-1,0,-1
2021010307830,2021,010307830,1,9,0,99,99,9,9,99,99,0,9,99,9,99,1,9,6,6,3,25,5,-1,3,2,NISSAN LEAF,5,E01004648,0,-1
2021010318264,2021,010318264,1,8,0,6,6,6,6,0,0,0,0,0,0,0,3,1,1,1,1,58,9,-1,3,0,NISSAN LEAF,5,E01004451,0,-1
2021010341830,2021,010341830,2,8,0,10,10,4,2,0,0,5,0,0,1,0,2,1,1,1,1,59,9,-1,3,2,NISSAN LEAF,2,E01001745,0,-1
2021010319398,2021,010319398,2,9,0,9,9,5,2,0,0,3,0,10,0,0,3,1,2,2,2,52,8,-1,3,1,NISSAN LEAF,5,E01033741,0,-1
2021010319630,2021,010319630,1,9,0,18,19,5,1,9,9,0,2,0,7,2,1,1,6,6,2,22,5,-1,3,2,NISSAN LEAF,3,E01004678,0,-1
2021440339784,2021,440339784,2,9,0,9,9,2,8,0,0,8,0,0,0,0,1,1,6,6,2,47,8,-1,3,2,NISSAN LEAF,10,E01023278,0,-1
2021421122033,2021,421122033,1,9,0,3,3,7,3,0,0,0,0,0,0,0,1,1,6,6,1,75,10,-1,3,6,NISSAN LEAF,8,E01021377,0,-1
2021010324383,2021,010324383,1,9,0,18,19,3,7,0,0,2,0,0,0,0,1,1,1,1,1,50,8,-1,3,1,NISSAN LEAF,3,E01003113,0,-1
2021430433449,2021,430433449,2,9,0,18,19,1,5,0,0,2,0,0,0,0,2,1,6,6,2,54,8,-1,3,2,NISSAN LEAF,7,E01028438,0,-1
2021351033933,2021,351033933,2,9,0,5,5,6,2,0,0,8,0,0,0,0,1,1,6,6,1,48,8,-1,3,7,NISSAN LEAF,9,E01018298,0,-1
2021010298267,2021,010298267,1,9,0,18,19,5,1,0,0,2,0,0,0,0,3,1,6,6,2,30,6,-1,3,4,NISSAN LEAF,3,E01002803,0,-1
2021010350633,2021,010350633,1,9,0,99,99,9,9,99,99,9,9,99,9,99,1,9,6,6,1,58,9,-1,3,5,NISSAN LEAF,5,E01000338,0,-1
2021010340779,2021,010340779,2,9,0,99,99,9,9,99,99,9,9,99,9,99,1,9,6,6,3,51,8,-1,3,5,NISSAN LEAF,7,E01000714,0,-1
2021101075926,2021,101075926,1,9,0,4,4,3,7,0,0,1,0,0,0,0,1,1,6,6,2,66,10,-1,3,10,NISSAN LEAF,5,E01008431,0,-1
2021501150122,2021,501150122,3,9,0,2,2,0,0,0,0,0,0,0,0,0,2,1,5,6,2,64,9,-1,3,0,NISSAN LEAF,8,E01020170,0,-1
2021052101829,2021,052101829,1,9,0,18,19,5,1,0,0,0,0,0,0,0,2,1,6,6,1,59,9,-1,3,5,NISSAN LEAF,3,E01006654,0,-1
2021991112111,2021,991112111,1,9,0,18,19,3,7,0,0,0,0,0,0,0,3,1,1,1,1,60,9,-1,3,4,NISSAN LEAF,9,-1,0,-1
2021010316590,2021,010316590,2,9,9,99,99,9,9,99,99,9,9,99,9,99,9,9,6,6,3,-1,-1,-1,3,2,NISSAN LEAF,-1,-1,0,-1
2021010334984,2021,010334984,1,9,0,99,99,9,9,99,99,0,9,99,9,99,9,9,6,6,3,54,8,-1,3,3,NISSAN LEAF,4,E01004495,0,-1
2021010324803,2021,010324803,1,9,0,18,19,7,3,0,0,1,0,0,0,0,1,1,1,1,1,54,8,-1,3,2,NISSAN LEAF,-1,-1,0,-1
2021430257590,2021,430257590,2,9,0,10,10,3,1,0,0,6,0,0,0,0,1,1,6,6,1,30,6,-1,3,4,NISSAN LEAF,10,E01027293,0,-1
2021041041387,2021,041041387,2,9,0,9,9,4,1,0,0,4,0,0,0,0,1,2,1,1,1,45,7,-1,3,5,NISSAN LEAF,1,E01012695,0,-1
2021010304338,2021,010304338,1,8,0,5,5,5,1,0,0,4,0,0,0,0,1,1,6,6,1,53,8,-1,3,2,NISSAN LEAF,2,E01000931,0,-1
2021302101977,2021,302101977,1,9,0,9,9,6,4,0,0,2,0,0,0,0,1,1,6,6,1,36,7,-1,3,4,NISSAN LEAF,-1,-1,0,-1
2021481142658,2021,481142658,1,9,0,9,9,3,1,0,0,8,0,0,0,0,1,1,6,6,1,40,7,-1,3,1,NISSAN LEAF,-1,-1,0,-1
2021010328694,2021,010328694,2,9,0,9,9,5,3,0,0,8,0,0,0,0,1,1,6,6,1,41,7,-1,3,4,NISSAN LEAF,9,E01000415,0,-1
2021010329923,2021,010329923,2,9,0,99,99,9,9,0,0,9,0,0,9,0,9,9,6,6,3,-1,-1,-1,3,0,NISSAN LEAF,8,E01030390,0,-1
2021302101938,2021,302101938,1,9,0,1,1,0,0,9,9,0,0,0,0,0,2,1,1,1,1,28,6,-1,3,4,NISSAN LEAF,7,E01019626,0,-1
2021141041399,2021,141041399,1,9,0,4,4,5,1,0,0,1,0,0,0,0,1,2,2,2,1,50,8,-1,3,2,NISSAN LEAF,7,E01013242,0,-1
2021010329625,2021,010329625,1,9,0,9,9,1,6,0,0,5,0,0,0,0,3,1,6,6,1,30,6,-1,3,8,NISSAN LEAF,5,E01003040,0,-1
2021201072700,2021,201072700,1,9,0,4,4,2,6,0,0,1,0,0,0,0,1,1,6,6,2,22,5,-1,3,5,NISSAN LEAF,8,E01009846,0,-1
2021010320858,2021,010320858,2,8,0,99,99,9,9,99,99,9,9,99,9,99,1,9,6,6,3,-1,-1,-1,3,3,NISSAN LEAF,1,E01004670,0,-1
2021010332517,2021,010332517,3,9,0,99,99,9,9,99,99,9,9,99,9,99,2,9,6,6,3,-1,-1,-1,3,5,NISSAN LEAF,2,E01003162,0,-1
2021010344869,2021,010344869,1,9,0,6,6,1,1,0,0,1,0,10,0,0,4,1,1,1,1,26,6,-1,3,4,NISSAN LEAF,10,E01030297,0,-1
2021440512930,2021,440512930,2,9,0,18,19,6,2,0,0,8,0,0,0,0,4,1,6,6,2,39,7,-1,3,5,NISSAN LEAF,6,E01017204,0,-1
2021101119006,2021,101119006,1,9,0,9,9,7,3,0,0,1,0,0,0,0,4,1,5,6,2,46,8,-1,3,0,NISSAN LEAF,-1,-1,0,-1
2021991018069,2021,991018069,1,9,0,18,19,4,8,0,0,0,1,0,1,4,1,1,6,6,1,34,6,-1,3,6,NISSAN LEAF,8,-1,0,-1
2021010324963,2021,010324963,1,9,0,14,14,1,5,0,0,1,0,0,0,0,4,1,1,1,1,63,9,-1,3,1,NISSAN LEAF,2,E01023339,0,-1
2021010292875,2021,010292875,2,9,0,99,99,9,9,99,99,9,9,99,9,99,1,9,6,6,3,-1,-1,-1,3,1,NISSAN LEAF,-1,-1,0,-1
2021501093007,2021,501093007,2,9,0,2,2,0,0,0,0,0,0,0,0,0,2,1,5,6,1,-1,-1,-1,3,0,NISSAN LEAF,6,E01015027,0,-1
2021070612955,2021,070612955,1,9,0,17,19,6,1,0,0,0,0,0,0,0,1,1,6,6,2,41,7,-1,3,6,NISSAN LEAF,-1,-1,0,-1
2021440458976,2021,440458976,1,9,0,5,5,7,3,9,9,0,0,7,7,10,1,1,6,6,2,87,11,-1,3,3,NISSAN LEAF,6,E01031507,0,-1
2021010315984,2021,010315984,2,9,0,99,99,9,9,99,99,9,9,99,9,99,9,9,6,6,1,63,9,-1,3,2,NISSAN LEAF,2,E01000548,0,-1
2021010349884,2021,010349884,2,8,0,99,99,9,9,99,99,9,9,99,9,99,9,9,6,6,3,39,7,-1,3,2,NISSAN LEAF,2,E01002702,0,-1
2021010317261,2021,010317261,1,9,0,14,14,7,3,0,0,0,0,4,0,0,1,1,6,6,1,39,7,-1,3,5,NISSAN LEAF,6,E01002617,0,-1
2021101124100,2021,101124100,2,8,0,10,10,5,1,0,0,8,0,0,0,0,2,1,1,1,1,31,6,-1,3,1,NISSAN LEAF,8,E01027425,0,-1
2021991084357,2021,991084357,2,8,0,2,2,2,5,0,0,1,0,0,0,0,2,1,1,1,1,52,8,-1,3,1,NISSAN LEAF,7,-1,0,-1
2021351060691,2021,351060691,1,9,0,18,19,5,1,0,0,4,0,0,0,0,1,1,6,6,1,50,8,-1,3,4,NISSAN LEAF,7,E01017969,0,-1
2021351102844,2021,351102844,1,8,0,9,9,4,8,0,0,2,0,0,0,0,3,1,1,1,1,50,8,-1,3,3,NISSAN LEAF,4,E01017953,0,-1
2021421118765,2021,421118765,1,9,0,18,19,1,4,0,0,0,0,0,0,0,1,1,2,2,1,48,8,-1,3,4,NISSAN LEAF,6,E01021714,0,-1
2021010321466,2021,010321466,1,8,0,99,99,9,9,99,99,9,9,99,9,99,0,9,6,6,1,-1,-1,-1,3,1,NISSAN LEAF,3,E01001834,0,-1
2021010299979,2021,010299979,2,8,0,99,99,9,9,99,99,9,9,99,9,99,9,9,6,6,1,52,8,-1,3,1,NISSAN LEAF,2,E01001848,0,-1
2021101100460,2021,101100460,1,9,0,18,19,8,4,9,9,8,0,0,0,0,1,1,5,6,2,62,9,-1,3,1,NISSAN LEAF,10,E01027507,0,-1
2021010337764,2021,010337764,1,9,0,99,99,9,9,0,0,1,0,0,0,0,1,1,6,6,1,-1,-1,-1,3,0,NISSAN LEAF,-1,-1,0,-1
2021010331474,2021,010331474,1,9,0,9,9,5,2,0,0,6,0,0,0,0,1,1,6,6,1,40,7,-1,3,2,NISSAN LEAF,2,E01002804,0,-1
2021411055970,2021,411055970,1,9,0,7,7,8,4,0,0,1,0,0,0,0,1,1,1,1,1,56,9,-1,3,5,NISSAN LEAF,6,E01002117,0,-1
2021010310137,2021,010310137,2,9,0,18,19,1,5,0,0,1,0,0,0,0,4,1,6,6,1,-1,-1,-1,3,0,NISSAN LEAF,4,E01000260,0,-1
2021010340882,2021,010340882,1,8,0,18,19,3,7,0,0,2,0,0,0,0,1,1,1,1,1,53,8,-1,3,2,NISSAN LEAF,8,E01004623,0,-1
2021501111832,2021,501111832,2,9,0,18,19,6,2,0,0,0,0,0,0,0,1,1,5,6,1,58,9,-1,3,0,NISSAN LEAF,4,E01018968,0,-1
2021010309108,2021,010309108,2,8,0,99,99,9,9,99,99,9,9,99,9,99,9,9,6,6,1,41,7,-1,3,0,NISSAN LEAF,7,E01002220,0,-1
2021131039376,2021,131039376,2,9,0,18,19,1,5,0,0,8,0,0,0,0,1,1,6,6,2,47,8,-1,3,0,NISSAN LEAF,2,E01011126,0,-1
2021131110994,2021,131110994,1,9,0,16,19,4,8,8,6,5,0,0,1,1,1,1,2,2,1,39,7,-1,3,1,NISSAN LEAF,4,E01007699,0,-1
2021010310102,2021,010310102,2,9,0,99,99,9,9,99,99,9,9,99,9,99,1,9,6,6,3,31,6,-1,3,1,NISSAN LEAF,-1,-1,0,-1
2021010315627,2021,010315627,1,8,0,5,5,1,5,0,0,4,0,0,0,0,1,1,6,6,1,54,8,-1,3,4,NISSAN LEAF,6,E01003449,0,-1
2021010334360,2021,010334360,2,9,0,99,99,9,9,99,99,9,9,99,9,99,9,9,6,6,3,-1,-1,-1,3,5,NISSAN LEAF,2,E01000526,0,-1
2021010334621,2021,010334621,2,9,0,9,9,7,5,0,0,6,0,0,0,0,1,1,6,6,1,79,11,-1,3,6,NISSAN LEAF,2,E01003079,0,-1
2021010300198,2021,010300198,1,9,0,18,19,5,1,0,0,9,0,0,0,0,1,9,6,6,1,59,9,-1,3,1,NISSAN LEAF,2,E01032565,0,-1
2021430428119,2021,430428119,1,9,0,3,3,3,7,0,0,1,0,0,0,0,2,1,2,2,1,42,7,-1,3,0,NISSAN LEAF,3,E01032729,0,-1
202131C153421,2021,31C153421,3,9,0,11,11,8,4,0,0,2,0,0,0,0,2,1,6,6,1,41,7,-1,3,5,NISSAN LEAF,2,E01013965,0,-1
2021201059141,2021,201059141,1,9,0,18,19,5,1,0,0,0,0,0,0,0,1,1,1,1,1,33,6,-1,3,4,NISSAN LEAF,1,E01009351,0,-1
2021010301670,2021,010301670,1,9,0,9,9,2,7,0,0,1,0,0,0,0,1,1,6,6,1,53,8,-1,3,5,NISSAN LEAF,8,E01004480,0,-1
2021440152837,2021,440152837,1,9,0,18,19,2,6,0,0,0,0,0,0,0,4,1,6,6,2,41,7,-1,3,5,NISSAN LEAF,1,E01017210,0,-1
2021010334412,2021,010334412,1,9,0,18,19,3,7,0,0,1,0,0,0,0,1,1,2,2,1,20,4,-1,3,5,NISSAN LEAF,6,E01003647,0,-1
2021010291607,2021,010291607,1,8,0,18,19,1,5,0,0,1,0,0,0,0,0,1,1,1,1,50,8,-1,3,2,NISSAN LEAF,1,E01001978,0,-1
2021010288333,2021,010288333,1,9,0,99,99,9,9,99,99,9,9,99,9,99,9,9,6,6,1,58,9,-1,3,1,NISSAN LEAF,3,E01033699,0,-1
2021010346730,2021,010346730,4,9,0,18,19,4,8,0,0,0,0,0,0,0,1,1,1,1,1,52,8,-1,3,1,NISSAN LEAF,3,E01003581,0,-1
2021351129089,2021,351129089,1,9,0,18,19,3,7,0,0,0,0,6,7,0,1,1,6,6,1,50,8,-1,3,1,NISSAN LEAF,10,E01031668,0,-1
2021131127229,2021,131127229,2,9,0,18,19,3,7,0,0,1,0,0,0,0,3,1,5,6,1,43,7,-1,3,2,NISSAN LEAF,1,E01011658,0,-1
2021010293252,2021,010293252,1,9,0,9,9,7,6,0,0,8,1,0,1,10,3,1,6,6,1,76,11,-1,3,2,NISSAN LEAF,3,E01003819,0,-1
2021010301605,2021,010301605,1,9,0,5,5,0,3,0,0,6,0,0,0,0,3,1,6,6,1,72,10,-1,3,4,NISSAN LEAF,5,E01001524,0,-1
2021522201080,2021,522201080,1,9,0,18,19,1,5,0,0,0,0,0,0,0,1,1,6,6,1,57,9,-1,3,0,NISSAN LEAF,2,E01014643,0,-1
2021010318780,2021,010318780,1,8,9,99,99,9,9,99,99,9,9,99,9,99,9,1,6,6,1,-1,-1,-1,3,2,NISSAN LEAF,-1,-1,0,-1
2021010347295,2021,010347295,1,9,0,18,19,6,2,0,0,1,0,0,0,0,1,1,6,6,1,36,7,-1,3,1,NISSAN LEAF,2,E01003994,0,-1
2021010290253,2021,010290253,1,8,0,99,99,9,9,0,0,8,0,0,0,0,3,9,6,6,1,31,6,-1,3,2,NISSAN LEAF,2,E01003783,0,-1
2021440190799,2021,440190799,1,9,0,18,19,1,5,0,0,0,0,0,7,3,1,1,6,6,1,76,11,-1,3,3,NISSAN LEAF,9,E01023053,0,-1
2021522100874,2021,522100874,3,9,0,3,3,4,8,0,0,0,0,0,0,0,2,1,6,6,2,60,9,-1,3,2,NISSAN LEAF,5,E01014466,0,-1
2021010320033,2021,010320033,1,9,0,18,19,1,5,0,0,1,0,0,0,0,1,1,1,1,1,37,7,-1,3,2,NISSAN LEAF,5,E01033573,0,-1
2021010289785,2021,010289785,1,9,0,4,4,5,1,0,0,1,0,0,0,0,1,1,6,6,1,58,9,-1,3,5,NISSAN LEAF,8,E01003827,0,-1
2021471109436,2021,471109436,1,9,0,4,4,1,6,0,0,2,0,0,0,0,1,1,5,6,1,64,9,-1,3,2,NISSAN LEAF,6,E01031440,0,-1
2021522200326,2021,522200326,1,9,0,18,19,5,1,0,0,0,0,0,7,9,1,1,6,6,2,57,9,-1,3,1,NISSAN LEAF,8,E01022255,0,-1
2021010308060,2021,010308060,1,9,0,10,10,1,6,0,0,8,0,0,0,0,4,1,6,6,2,32,6,-1,3,8,NISSAN LEAF,8,E01000282,0,-1
2021302101745,2021,302101745,2,9,0,5,5,6,2,0,0,1,0,0,0,0,1,1,6,6,2,74,10,-1,3,1,NISSAN LEAF,8,E01019734,0,-1
2021231082841,2021,231082841,1,9,0,12,12,5,1,0,0,0,0,0,0,0,3,1,5,6,1,72,10,-1,3,1,NISSAN LEAF,8,E01031069,0,-1
2021201141341,2021,201141341,2,9,0,3,3,3,7,0,0,1,0,0,0,0,2,1,6,6,2,41,7,-1,3,5,NISSAN LEAF,1,E01009048,0,-1
2021361072032,2021,361072032,1,9,0,18,19,6,2,0,0,0,0,0,0,0,1,1,1,1,1,35,6,-1,3,1,NISSAN LEAF,5,E01026435,0,-1
2021451039867,2021,451039867,1,9,0,18,19,2,6,0,0,8,0,0,0,0,1,1,5,6,2,41,7,-1,3,5,NISSAN LEAF,8,E01030302,0,-1
2021010324187,2021,010324187,2,9,0,99,99,9,9,99,99,9,9,99,9,99,1,9,6,6,1,45,7,-1,3,4,NISSAN LEAF,5,E01033741,0,-1
2021010305287,2021,010305287,1,8,0,99,99,9,9,0,0,8,0,0,0,0,2,1,6,6,1,53,8,-1,3,3,NISSAN LEAF,9,E01004136,0,-1
2021010334507,2021,010334507,2,9,9,99,99,9,9,99,99,0,9,99,9,99,9,9,6,6,2,52,8,-1,3,2,NISSAN LEAF,2,E01004729,0,-1
2021010307373,2021,010307373,1,9,0,18,19,1,5,0,0,0,0,0,0,0,1,1,2,2,1,42,7,-1,3,3,NISSAN LEAF,4,E01000999,0,-1
202131D089421,2021,31D089421,3,9,0,10,10,1,5,0,0,1,0,0,0,0,2,1,1,1,2,58,9,-1,3,2,NISSAN LEAF,6,E01019774,0,-1
2021122100039,2021,122100039,1,9,0,16,19,3,7,0,0,0,1,0,0,0,1,1,6,6,2,41,7,-1,3,6,NISSAN LEAF,5,E01027789,0,-1
2021440225400,2021,440225400,1,9,0,16,19,5,1,0,0,1,0,0,0,0,1,1,6,6,1,77,11,-1,3,3,NISSAN LEAF,10,E01022624,0,-1
202163A001821,2021,63A001821,2,9,0,18,19,4,8,0,0,0,1,0,0,0,1,1,1,1,1,53,8,-1,3,6,NISSAN LEAF,6,W01000716,0,-1
202131C009021,2021,31C009021,2,9,0,18,19,2,6,0,0,7,0,0,1,0,1,1,6,6,2,57,9,-1,3,2,NISSAN LEAF,8,E01028082,0,-1
2021010302687,2021,010302687,2,8,0,99,99,9,9,99,99,9,9,99,9,99,9,9,6,6,3,-1,-1,-1,3,2,NISSAN LEAF,-1,-1,0,-1
2021221054418,2021,221054418,1,9,0,9,9,8,5,0,0,5,0,0,0,0,1,1,5,6,1,81,11,-1,3,1,NISSAN LEAF,8,E01013997,0,-1
202134NNC0361,2021,34NNC0361,3,9,0,18,19,1,5,0,0,8,0,0,0,0,1,1,6,6,1,43,7,-1,3,3,NISSAN LEAF,3,E01026969,0,-1
2021010347988,2021,010347988,1,9,0,18,19,6,2,0,0,1,0,0,0,0,1,1,6,6,1,35,6,-1,3,5,NISSAN LEAF,2,E01004001,0,-1
2021070864627,2021,070864627,2,9,0,5,5,7,3,0,0,1,0,0,0,0,1,1,6,6,1,80,11,-1,3,7,NISSAN LEAF,4,E01005798,0,-1
2021041109726,2021,041109726,1,9,0,7,7,5,7,0,0,1,0,0,0,0,3,1,1,1,1,34,6,-1,3,4,NISSAN LEAF,7,E01012717,0,-1
2021010334052,2021,010334052,1,8,0,9,9,3,1,0,0,5,0,0,0,0,1,1,1,1,1,30,6,-1,3,1,NISSAN LEAF,6,E01016506,0,-1
2021010341306,2021,010341306,2,9,0,99,99,9,9,99,99,9,9,99,9,99,2,9,6,6,3,-1,-1,-1,3,4,NISSAN LEAF,-1,-1,0,-1
2021010319481,2021,010319481,2,9,0,99,99,9,9,99,99,9,9,99,9,99,1,9,6,6,2,42,7,-1,3,9,NISSAN LEAF,2,E01001653,0,-1
2021010305844,2021,010305844,1,8,0,3,3,7,3,0,0,2,0,0,0,0,2,2,6,6,1,51,8,-1,3,4,NISSAN LEAF,2,E01002763,0,-1
2021010344979,2021,010344979,1,8,0,4,4,1,5,0,0,2,0,0,0,0,2,2,1,1,1,60,9,-1,3,0,NISSAN LEAF,6,E01001312,0,-1
2021010343022,2021,010343022,1,8,0,9,9,8,7,0,0,8,0,0,0,0,1,1,1,1,1,65,9,-1,3,2,NISSAN LEAF,1,E01001559,0,-1
2021547692221,2021,547692221,2,9,0,18,19,5,1,0,0,0,0,0,0,0,3,1,6,6,1,66,10,-1,3,3,NISSAN LEAF,7,E01030576,0,-1
2021010311750,2021,010311750,2,8,0,99,99,9,9,99,99,1,9,99,9,99,1,9,6,6,1,41,7,-1,3,3,NISSAN LEAF,2,E01003582,0,-1
2021010338097,2021,010338097,1,9,0,99,99,9,9,99,99,0,9,99,9,99,9,9,6,6,1,52,8,-1,3,0,NISSAN LEAF,10,E01002958,0,-1
2021010328006,2021,010328006,3,9,0,3,3,1,5,0,0,1,0,4,0,0,2,1,6,6,1,35,6,-1,3,3,NISSAN LEAF,2,E01003497,0,-1
2021010304295,2021,010304295,2,9,0,11,11,7,3,0,0,0,0,0,0,0,2,1,6,6,1,41,7,-1,3,1,NISSAN LEAF,2,E01000065,0,-1
2021991056845,2021,991056845,1,9,0,18,19,5,1,0,0,1,0,0,0,0,2,1,5,6,1,66,10,-1,3,2,NISSAN LEAF,8,-1,0,-1
2021010324168,2021,010324168,1,9,0,16,19,3,7,0,0,1,0,0,0,0,4,1,1,1,1,54,8,-1,3,1,NISSAN LEAF,1,E01032513,0,-1
2021010339365,2021,010339365,1,9,0,99,99,9,9,99,99,0,9,99,9,99,2,9,6,6,2,60,9,-1,3,0,NISSAN LEAF,7,E01001346,0,-1
2021552100930,2021,552100930,2,9,0,2,2,0,0,0,0,0,0,0,0,0,2,1,6,6,3,-1,-1,-1,3,3,NISSAN LEAF,-1,-1,0,-1
2021991103610,2021,991103610,1,8,0,9,9,7,5,0,0,5,0,12,0,0,1,1,1,1,1,42,7,-1,3,1,NISSAN LEAF,1,-1,0,-1
2021302101809,2021,302101809,3,9,0,18,19,3,7,0,0,0,0,0,0,0,1,1,6,6,2,41,7,-1,3,0,NISSAN LEAF,7,E01019477,0,-1
2021501112600,2021,501112600,2,9,0,10,10,2,7,0,0,0,0,0,0,0,2,1,5,6,2,60,9,-1,3,1,NISSAN LEAF,3,E01019070,0,-1
2021010337734,2021,010337734,1,8,0,9,9,7,5,0,0,6,0,0,0,0,4,1,1,1,1,51,8,-1,3,4,NISSAN LEAF,5,E01004616,0,-1
2021010345732,2021,010345732,2,9,0,99,99,9,9,99,99,0,9,99,9,99,3,9,6,6,3,-1,-1,-1,3,2,NISSAN LEAF,-1,-1,0,-1
2021481095619,2021,481095619,1,8,0,18,19,7,3,0,0,1,0,0,0,0,4,1,1,1,1,48,8,-1,3,0,NISSAN LEAF,1,E01004248,0,-1
2021010322270,2021,010322270,1,8,0,6,6,3,3,0,0,0,0,0,8,11,1,1,6,6,1,49,8,-1,3,3,NISSAN LEAF,-1,-1,0,-1
2021501113976,2021,501113976,1,9,0,18,19,3,4,0,0,0,0,0,0,0,1,1,6,6,2,66,10,-1,3,3,NISSAN LEAF,5,E01020339,0,-1
2021371067723,2021,371067723,2,9,0,17,19,2,6,0,0,8,0,0,0,0,1,1,5,6,2,47,8,-1,3,7,NISSAN LEAF,5,E01030176,0,-1
2021010317016,2021,010317016,1,8,0,18,19,1,5,0,0,2,0,0,0,0,1,1,6,6,1,33,6,-1,3,0,NISSAN LEAF,7,E01002203,0,-1
2021451012631,2021,451012631,2,23,0,18,19,1,5,0,0,0,0,0,0,0,2,1,2,2,1,24,5,-1,3,1,-1,7,E01002930,0,-1
2021052102208,2021,052102208,1,2,0,18,19,1,5,0,0,1,0,0,0,0,1,1,1,1,1,30,6,-1,3,0,-1,1,E01032903,0,-1
2021031013859,2021,031013859,2,4,0,18,19,1,5,0,0,1,0,0,0,0,1,1,6,6,1,21,5,49,1,11,-1,1,E01019164,0,-1
2021371055561,2021,371055561,1,2,-1,-1,-1,-1,-1,-1,-1,0,-1,-1,-1,0,-1,1,6,6,1,17,4,49,1,20,-1,7,E01033449,0,-1
2021440418943,2021,440418943,1,3,0,18,19,6,2,0,0,1,0,0,0,0,1,1,6,6,1,18,4,49,1,18,-1,1,E01017167,0,-1
2021161096146,2021,161096146,1,2,0,12,12,4,8,0,0,0,0,0,0,0,1,1,5,6,1,18,4,49,1,10,-1,1,E01012778,0,-1
2021440369128,2021,440369128,1,2,0,9,9,3,1,0,0,1,1,0,0,0,1,1,6,6,2,22,5,49,1,11,-1,1,E01017336,0,-1
2021131045392,2021,131045392,2,3,0,13,13,5,1,0,0,8,1,0,0,0,1,1,6,6,3,-1,-1,100,1,19,-1,-1,-1,0,-1
2021010346775,2021,010346775,1,9,0,18,19,3,7,0,0,8,1,10,1,2,1,1,6,6,1,34,6,6592,1,4,-1,4,E01004694,0,-1
2021131076995,2021,131076995,2,9,0,2,2,0,0,0,0,0,0,0,0,0,2,1,5,6,1,34,6,6592,1,6,-1,3,E01010717,0,-1
2021471088768,2021,471088768,1,5,0,11,11,1,7,0,0,0,0,0,0,0,4,1,5,6,1,34,6,999,1,9,MAKE AND MODEL REDACTED,8,E01021232,0,-1
2021010312547,2021,010312547,1,5,0,99,99,9,9,99,99,9,9,99,9,99,9,1,2,2,1,57,9,1050,1,6,-1,4,E01003452,0,-1
2021501040407,2021,501040407,1,5,0,16,19,5,8,0,0,0,0,0,1,7,1,1,2,2,1,42,7,1050,1,5,-1,4,E01019031,0,-1
2021170L21041,2021,170L21041,1,11,0,18,19,6,2,0,0,4,0,0,0,0,1,1,1,1,1,70,10,12902,2,4,-1,6,E01012242,0,-1
2021302101510,2021,302101510,2,3,0,9,9,8,6,0,0,6,0,0,0,0,4,1,6,6,1,37,7,124,1,22,-1,8,E01019714,0,-1
2022201179053,2022,201179053,2,3,0,18,19,6,2,0,0,8,0,0,0,0,1,1,6,6,1,18,4,124,1,7,-1,1,E01010080,0,-1
2022501155677,2022,501155677,1,3,0,5,5,3,7,0,0,0,0,0,0,0,1,1,6,6,2,18,4,124,1,7,-1,1,E01015087,0,-1
2022131187208,2022,131187208,2,2,0,18,19,3,7,0,0,0,0,0,0,0,2,1,5,6,1,21,5,124,1,6,-1,1,E01010850,0,-1
2022010366505,2022,010366505,2,3,0,99,99,9,9,99,99,9,9,99,9,99,1,1,6,6,3,-1,-1,124,1,7,-1,-1,-1,0,-1
2022302202193,2022,302202193,2,3,0,9,9,6,4,0,0,8,0,0,0,0,4,1,6,6,1,27,6,124,1,4,-1,6,E01019514,0,-1
2022122200400,2022,122200400,1,5,0,18,19,8,4,0,0,0,1,0,0,0,1,1,6,6,1,63,9,998,1,17,-1,10,E01027576,0,-1
2022991209123,2022,991209123,1,5,0,16,19,7,4,0,0,0,1,11,7,0,1,1,5,6,1,25,5,999,1,10,APRILIA TUONO,2,-1,0,-1
2022991190889,2022,991190889,1,5,0,13,13,2,7,0,0,0,2,0,1,9,1,1,5,6,1,39,7,1077,1,4,APRILIA TUONO,10,-1,0,-1
2022010368175,2022,010368175,2,5,0,13,13,1,5,0,0,1,2,0,0,0,4,1,6,6,1,37,7,999,1,8,APRILIA TUONO,2,E01003551,0,-1
2022010358521,2022,010358521,2,4,0,18,19,5,1,0,0,1,5,0,0,0,4,1,6,6,1,23,5,124,1,4,-1,2,E01015938,0,-1
20225222NS291,2022,5222NS291,1,5,0,18,19,7,3,0,0,0,0,0,0,0,3,1,6,6,1,56,9,998,1,14,APRILIA TUONO,4,E01032673,0,-1
2022302201006,2022,302201006,2,3,0,18,19,4,8,0,0,0,0,0,0,0,1,1,6,6,1,54,8,998,1,18,-1,10,E01019604,0,-1
2022010407607,2022,010407607,1,5,0,99,99,9,9,99,99,9,9,99,9,99,1,1,6,6,1,29,6,659,1,1,APRILIA TUONO,8,E01000671,0,-1
2022471208883,2022,471208883,2,5,0,18,19,5,1,0,0,0,1,0,2,0,4,1,5,6,1,54,8,659,1,0,APRILIA TUONO,9,E01021123,0,-1
202263A078322,2022,63A078322,1,5,0,13,13,6,1,0,0,0,0,0,0,0,1,1,6,6,1,51,8,659,1,0,APRILIA TUONO,10,E01014405,0,-1
2022010396253,2022,010396253,2,5,0,18,19,7,3,0,0,8,0,0,1,0,1,1,2,2,1,51,8,1077,1,5,APRILIA TUONO,7,E01003820,0,-1
2022351176397,2022,351176397,2,3,0,9,9,4,8,0,0,0,0,0,0,0,3,1,5,6,1,31,6,124,1,0,-1,4,E01026280,0,-1
2022440364747,2022,440364747,1,3,0,17,19,6,2,0,0,8,0,0,0,0,0,1,6,6,1,19,4,124,1,4,-1,5,E01017307,0,-1
2022141213185,2022,141213185,1,5,0,13,13,1,5,0,0,0,0,10,0,0,1,1,5,6,1,67,10,998,1,14,APRILIA TUONO,5,E01007484,0,-1
2022311243699,2022,311243699,1,5,0,18,19,8,4,0,0,4,0,0,3,0,1,1,6,6,1,24,5,659,1,0,APRILIA TUONO,7,E01028370,0,-1
2022131186851,2022,131186851,2,5,0,18,19,7,3,0,0,8,0,0,0,0,1,1,5,6,1,48,8,659,1,1,APRILIA TUONO,8,E01011109,0,-1
2022430299446,2022,430299446,2,5,0,18,19,1,5,0,0,8,0,0,0,0,4,1,6,6,1,47,8,659,1,1,APRILIA TUONO,10,E01016262,0,-1
2022221148906,2022,221148906,2,5,0,4,4,6,2,7,6,0,0,0,0,0,4,1,5,6,1,63,9,999,1,9,APRILIA TUONO,4,E01029552,0,-1
2022231223138,2022,231223138,1,5,0,13,13,3,7,0,0,0,0,0,0,0,1,1,5,6,1,46,8,1077,1,2,APRILIA TUONO,2,E01031075,0,-1
2022010382500,2022,010382500,2,5,0,18,19,3,7,0,0,1,0,0,0,0,4,1,6,6,1,30,6,659,1,0,APRILIA TUONO,4,E01024742,0,-1
2022501223692,2022,501223692,2,5,0,18,19,3,7,0,0,1,0,0,0,0,1,1,6,6,1,50,8,659,1,0,APRILIA TUONO,4,E01020217,0,-1
2022440327841,2022,440327841,1,5,0,18,19,7,3,0,0,7,0,0,0,0,4,1,6,6,1,26,6,1077,1,2,APRILIA TUONO,10,E01022926,0,-1
2022451198114,2022,451198114,2,5,0,7,7,5,8,0,0,1,5,0,1,0,4,1,6,6,1,41,7,659,1,1,APRILIA TUONO,7,E01031536,0,-1
2022141191562,2022,141191562,1,5,0,16,19,2,5,0,0,0,2,10,0,0,1,1,6,6,1,26,6,998,1,16,APRILIA TUONO,5,E01007853,0,-1
2022302200240,2022,302200240,2,5,0,13,13,4,8,0,0,0,1,10,7,4,1,1,6,6,1,27,6,988,1,15,APRILIA TUONO,3,E01019877,0,-1
2022101178952,2022,101178952,2,3,0,18,19,5,1,0,0,1,0,0,0,0,2,1,5,6,1,41,7,998,1,19,-1,6,E01020619,0,-1
2022320712340,2022,320712340,2,5,0,18,19,6,2,0,0,8,0,0,0,0,3,1,2,2,1,32,6,1077,1,6,APRILIA TUONO,10,E01026139,0,-1
2022361206649,2022,361206649,2,5,0,18,19,1,5,0,0,1,0,0,0,0,2,1,5,6,1,67,10,1077,1,5,APRILIA TUONO,4,E01026660,0,-1
2022201237809,2022,201237809,1,5,0,12,12,2,6,0,0,2,0,7,4,3,4,1,6,6,1,32,6,999,1,9,APRILIA TUONO,4,E01009111,0,-1
2022010397875,2022,010397875,1,5,0,3,3,1,5,0,0,8,0,0,0,0,2,1,6,6,1,57,9,1077,1,3,APRILIA TUONO,6,E01000232,0,-1
2022543135822,2022,543135822,2,5,0,18,19,5,1,0,0,1,0,0,0,0,1,1,6,6,1,35,6,999,1,10,APRILIA TUONO,7,E01032082,0,-1
2022522205416,2022,522205416,1,3,0,18,19,5,2,0,0,8,0,0,0,0,1,1,6,6,1,18,4,124,1,0,-1,7,E01014598,0,-1
2022430534746,2022,430534746,1,3,0,18,19,8,4,0,0,0,0,0,0,0,1,1,1,1,1,55,8,124,1,1,-1,5,E01017687,0,-1
2022351180698,2022,351180698,1,5,0,18,19,3,3,0,0,8,1,0,1,0,3,1,6,6,1,23,5,1077,1,3,APRILIA TUONO,7,E01018074,0,-1
2022221218685,2022,221218685,1,2,0,18,19,3,7,0,0,8,0,0,0,0,4,1,5,6,1,23,5,124,1,5,-1,1,E01014197,0,-1
2022421196986,2022,421196986,1,5,0,17,19,8,3,0,0,0,1,0,1,4,1,1,5,6,1,23,5,1077,1,7,APRILIA TUONO,6,E01022095,0,-1
2022010381863,2022,010381863,1,5,0,18,19,8,4,0,0,1,5,0,0,0,1,1,6,6,1,19,4,659,1,0,APRILIA TUONO,-1,-1,0,-1
2022010359745,2022,010359745,1,5,0,13,13,3,7,0,0,0,0,0,0,0,1,1,6,6,1,19,4,1077,1,2,APRILIA TUONO,6,E01002955,0,-1
2022221181679,2022,221181679,3,5,0,2,2,0,0,6,6,0,0,0,0,0,3,1,5,6,1,38,7,1077,1,1,APRILIA TUONO,8,E01030173,0,-1
2022010391647,2022,010391647,1,5,0,18,19,5,1,0,0,2,0,0,0,0,4,1,2,2,1,58,9,1077,1,0,APRILIA TUONO,3,E01000163,0,-1
2022421194405,2022,421194405,1,5,0,18,19,3,7,0,0,2,0,0,0,0,0,1,5,6,1,48,8,998,1,12,APRILIA TUONO,7,E01021505,0,-1
2022421193018,2022,421193018,2,5,0,3,3,4,8,0,0,1,0,0,0,0,1,1,5,6,1,38,7,1077,1,0,APRILIA TUONO,10,E01033053,0,-1
2022546319622,2022,546319622,2,5,0,17,19,1,7,0,0,5,0,0,0,0,1,1,6,6,1,45,7,1077,1,0,APRILIA TUONO,10,E01014869,0,-1
2022131218169,2022,131218169,2,5,0,18,19,3,7,0,0,8,0,0,0,0,1,1,5,6,1,56,9,1077,1,4,APRILIA TUONO,3,E01011532,0,-1
2022041207450,2022,041207450,1,5,0,17,19,5,1,0,0,0,2,0,1,11,1,1,5,6,1,32,6,1077,1,4,APRILIA TUONO,1,E01024865,0,-1
2022122200871,2022,122200871,1,5,0,17,19,7,3,0,0,0,1,0,0,0,4,1,1,1,1,69,10,998,1,14,APRILIA TUONO,5,E01027594,0,-1
2022122200459,2022,122200459,2,5,0,18,19,5,3,0,0,0,1,0,7,0,4,1,6,6,1,35,6,998,1,14,APRILIA TUONO,3,E01011868,0,-1
2022010379239,2022,010379239,1,4,9,99,99,9,9,0,0,9,9,0,9,99,9,1,6,6,3,65,9,500,1,1,-1,5,E01017044,0,-1
2022041244929,2022,041244929,1,3,0,18,19,5,1,0,0,2,0,0,0,0,0,1,5,6,1,46,8,125,1,0,-1,4,E01033281,0,-1
2022211188812,2022,211188812,1,4,0,18,19,8,4,0,0,4,0,0,0,0,3,1,5,6,1,32,6,500,1,2,-1,5,E01014319,0,-1
20225222SG496,2022,5222SG496,3,9,0,18,19,5,1,0,0,0,0,0,0,0,2,1,6,6,1,37,7,1910,2,15,-1,-1,-1,0,-1
2022010413083,2022,010413083,2,9,0,99,99,9,9,99,99,9,9,99,9,99,9,9,6,6,3,-1,-1,2792,1,14,-1,-1,-1,0,-1
2022010375200,2022,010375200,1,9,0,9,9,3,1,0,0,8,0,0,0,0,1,1,6,6,2,19,4,-1,3,10,-1,3,E01001763,0,-1
2022430208401,2022,430208401,1,4,0,18,19,1,5,0,0,0,0,12,0,0,1,1,2,2,1,57,9,449,1,1,-1,-1,-1,0,-1
2022070591826,2022,070591826,2,9,0,3,3,3,7,0,0,0,0,0,0,0,2,1,6,6,2,25,5,4951,1,5,FORD MUSTANG,6,E01012491,0,-1
20225222NS635,2022,5222NS635,2,9,0,9,9,6,4,0,0,8,1,0,0,0,1,1,6,6,1,36,7,2261,1,6,FORD MUSTANG,3,E01014515,0,-1
202263A030322,2022,63A030322,3,9,0,18,19,4,8,0,0,0,0,0,0,0,0,1,6,6,1,29,6,4951,1,5,FORD MUSTANG,2,W01000942,0,-1
202234NNC5352,2022,34NNC5352,3,9,0,17,19,6,2,0,0,0,0,0,0,0,1,1,6,6,1,68,10,4600,1,26,FORD MUSTANG,2,E01015612,0,-1
2022320517985,2022,320517985,2,9,0,11,11,6,2,0,0,0,0,0,0,0,4,1,6,6,1,36,7,4951,1,4,FORD MUSTANG,7,E01026372,0,-1
2022010365990,2022,010365990,1,9,0,18,19,8,4,0,0,0,0,0,0,0,1,1,6,6,1,34,6,2261,1,5,FORD MUSTANG,5,E01021810,0,-1
2022010359329,2022,010359329,1,9,0,18,19,3,7,0,0,8,0,0,0,0,2,1,6,6,1,40,7,4951,1,4,FORD MUSTANG,5,E01001530,0,-1
2022501222346,2022,501222346,1,9,0,18,19,5,1,0,0,2,0,6,4,0,1,1,6,6,1,30,6,5038,1,3,FORD MUSTANG,4,E01018758,0,-1
2022991246733,2022,991246733,3,9,0,4,4,4,8,0,0,0,0,0,0,0,2,1,5,6,1,63,9,5038,1,2,FORD MUSTANG,8,-1,0,-1
2022231163568,2022,231163568,1,9,0,18,19,8,4,0,0,0,1,0,1,9,1,1,2,2,1,34,6,5038,1,2,FORD MUSTANG,9,E01031113,0,-1
2022010391207,2022,010391207,2,9,0,99,99,9,9,99,99,9,9,99,9,99,2,9,6,6,1,29,6,4951,1,6,FORD MUSTANG,8,E01000343,0,-1
2022991209964,2022,991209964,1,9,0,5,5,1,5,0,0,0,1,0,0,0,1,1,6,6,1,26,6,2261,1,6,FORD MUSTANG,2,-1,0,-1
2022141144745,2022,141144745,1,9,0,18,19,1,5,0,0,0,2,6,1,9,1,1,1,1,1,26,6,4951,1,5,FORD MUSTANG,4,E01007567,0,-1
2022421145203,2022,421145203,1,9,0,5,5,2,6,0,0,0,0,0,0,0,4,1,5,6,1,50,8,2261,1,4,FORD MUSTANG,1,E01022027,0,-1
2022531132693,2022,531132693,2,9,0,9,9,7,5,0,0,8,0,0,0,0,3,2,5,6,1,26,6,4600,1,15,FORD MUSTANG,10,E01022431,0,-1
2022221246198,2022,221246198,3,9,0,2,2,0,0,0,0,0,0,0,0,0,2,1,5,6,1,63,9,5038,1,1,FORD MUSTANG,9,E01032231,0,-1
2022421190290,2022,421190290,1,9,0,18,19,3,7,0,0,0,0,0,0,0,3,1,2,2,1,41,7,2261,1,4,FORD MUSTANG,7,E01021524,0,-1
2022010358417,2022,010358417,1,9,0,7,7,6,8,0,0,4,0,0,0,0,3,1,2,2,1,35,6,4951,1,5,FORD MUSTANG,8,E01030840,0,-1
2022461259679,2022,461259679,1,9,0,18,19,3,7,0,0,0,1,0,0,0,1,1,6,6,1,30,6,4951,1,6,FORD MUSTANG,4,E01024373,0,-1
2022302201890,2022,302201890,1,9,0,18,19,4,8,0,0,0,0,0,0,0,4,1,1,1,1,30,6,4951,1,4,FORD MUSTANG,6,E01027962,0,-1
2022421249546,2022,421249546,1,9,0,18,19,6,2,0,0,0,1,0,0,0,1,1,5,6,1,64,9,4951,1,4,FORD MUSTANG,9,E01023597,0,-1
2022010362803,2022,010362803,1,9,0,18,19,5,1,0,0,2,1,0,7,4,1,1,1,1,1,41,7,5038,1,3,FORD MUSTANG,4,E01001297,0,-1
2022371130225,2022,371130225,4,9,0,18,19,3,7,0,0,0,0,0,0,0,4,1,5,6,1,25,5,2300,1,3,FORD MUSTANG,3,E01030163,0,-1
2022991211117,2022,991211117,1,9,0,14,14,1,5,0,0,0,1,11,0,0,4,1,6,6,1,23,5,2000,1,19,-1,1,-1,0,-1
2022302201492,2022,302201492,1,9,0,18,19,4,8,0,0,2,0,0,0,0,3,1,6,6,1,91,11,1341,1,25,-1,5,E01019501,0,-1
2022471136490,2022,471136490,1,9,0,18,19,1,5,0,0,2,1,0,1,7,1,1,2,2,2,37,7,1495,1,24,-1,2,E01031432,0,-1
2022061149555,2022,061149555,2,9,0,2,2,0,0,0,0,0,0,0,0,0,4,1,6,6,3,-1,-1,1495,1,26,-1,-1,-1,0,-1
2022471199993,2022,471199993,1,9,0,18,19,2,6,0,0,0,0,0,0,0,1,1,5,6,1,50,8,1341,1,17,-1,5,E01020951,0,-1
2022451169461,2022,451169461,1,9,0,11,11,1,6,0,0,3,0,0,1,0,1,2,6,6,2,38,7,1399,1,15,-1,6,E01030736,0,-1
2022010361717,2022,010361717,1,9,0,9,9,1,6,0,0,1,0,0,0,0,1,1,6,6,1,64,9,1495,1,20,-1,8,E01000200,0,-1
2022010382166,2022,010382166,2,9,0,99,99,9,9,99,99,9,9,99,9,99,9,9,6,6,3,-1,-1,1341,1,21,-1,-1,-1,0,-1
2022440229784,2022,440229784,1,9,0,18,19,1,5,0,0,0,0,0,1,4,4,1,2,2,1,57,9,1399,1,14,-1,3,E01023058,0,-1
2022421193026,2022,421193026,2,9,0,5,5,7,3,0,0,1,0,0,0,0,3,1,6,6,1,37,7,1495,1,22,-1,5,E01021905,0,-1
2022440271647,2022,440271647,2,9,0,4,4,5,1,0,0,8,0,0,0,0,2,1,6,6,3,-1,-1,3996,1,21,JAGUAR XK SERIES,-1,-1,0,-1
202234WNC5092,2022,34WNC5092,4,9,0,18,19,1,5,0,0,0,0,0,0,0,1,1,6,6,2,63,9,5000,1,8,JAGUAR XK SERIES,7,E01019656,0,-1
2022461192730,2022,461192730,1,9,0,3,3,8,4,0,0,0,0,0,0,0,1,1,6,6,1,77,11,3996,1,23,JAGUAR XK SERIES,8,E01024642,0,-1
2022010382191,2022,010382191,2,9,0,99,99,9,9,99,99,9,9,99,9,99,9,9,6,6,1,-1,-1,3996,1,21,JAGUAR XK SERIES,7,E01003475,0,-1
2022010399780,2022,010399780,1,9,0,18,19,7,3,0,0,7,5,10,2,10,1,1,6,6,1,40,7,5000,1,11,JAGUAR XK SERIES,5,E01003040,0,-1
2022421177224,2022,421177224,1,9,0,18,19,4,5,0,0,0,1,0,7,9,1,1,6,6,1,69,10,3980,1,25,JAGUAR XK SERIES,-1,-1,0,-1
2022070511460,2022,070511460,1,9,0,5,5,1,5,0,0,0,0,0,0,0,0,1,6,6,1,59,9,4196,1,15,JAGUAR XK SERIES,5,E01018483,0,-1
2022430012347,2022,430012347,1,9,0,18,19,2,6,0,0,1,0,0,0,0,1,1,2,2,1,42,7,4196,1,15,JAGUAR XK SERIES,10,E01016659,0,-1
2022371214460,2022,371214460,2,9,0,18,19,8,4,0,0,8,0,0,0,0,3,1,5,6,1,72,10,4196,1,15,JAGUAR XK SERIES,10,E01030078,0,-1
2022520202148,2022,520202148,1,9,0,18,19,5,1,0,0,6,0,0,0,0,1,1,6,6,1,56,9,3996,1,23,JAGUAR XK SERIES,5,E01029053,0,-1
2022501165197,2022,501165197,1,9,0,5,5,1,3,9,9,4,0,0,0,0,1,1,2,2,1,39,7,5000,1,13,JAGUAR XK SERIES,4,E01020041,0,-1
2022622200025,2022,622200025,2,9,0,2,2,0,0,0,0,0,0,0,0,0,1,1,6,6,2,65,9,3980,1,25,JAGUAR XK SERIES,7,W01001958,0,-1
2022231254307,2022,231254307,1,9,0,18,19,5,1,0,0,0,2,10,2,2,4,1,5,6,1,73,10,5000,1,8,JAGUAR XK SERIES,3,E01031321,0,-1
2022170H10322,2022,170H10322,2,9,0,18,19,5,1,0,0,0,0,0,0,0,1,1,6,6,1,68,10,4196,1,13,JAGUAR XK SERIES,9,E01027405,0,-1
2022991222706,2022,991222706,1,9,0,18,19,6,2,0,0,0,1,0,1,10,2,1,5,6,1,70,10,3980,1,25,JAGUAR XK SERIES,7,-1,0,-1
2022430037313,2022,430037313,1,9,0,18,19,4,8,0,0,1,5,0,1,7,1,1,6,6,2,41,7,3996,1,23,JAGUAR XK SERIES,8,E01024721,0,-1
2022131191325,2022,131191325,1,9,0,18,19,7,3,0,0,1,0,4,1,0,1,1,5,6,1,88,11,4196,1,20,JAGUAR XK SERIES,4,E01011753,0,-1
2022991201512,2022,991201512,1,9,0,17,19,3,6,0,0,0,0,0,0,0,1,1,5,6,1,81,11,5000,1,9,JAGUAR XK SERIES,8,-1,0,-1
2022010388281,2022,010388281,5,9,0,2,2,0,0,0,0,0,0,0,0,0,1,1,6,6,3,-1,-1,4196,1,14,JAGUAR XK SERIES,-1,-1,0,-1
2022411154683,2022,411154683,4,9,0,18,19,1,5,0,0,0,0,0,0,0,1,1,6,6,1,41,7,5000,1,13,JAGUAR XK SERIES,6,E01002006,0,-1
2022010364961,2022,010364961,1,9,0,18,19,8,4,0,0,0,0,0,0,0,1,1,6,6,1,58,9,4196,1,17,JAGUAR XK SERIES,6,E01004726,0,-1
2022451254553,2022,451254553,2,9,0,18,19,3,7,0,0,0,0,0,0,0,4,1,6,6,2,65,9,4196,1,17,JAGUAR XK SERIES,8,E01031518,0,-1
2022010411572,2022,010411572,1,9,0,18,19,7,3,0,0,0,2,0,1,0,1,1,6,6,1,53,8,3996,1,21,JAGUAR XK SERIES,3,E01001920,0,-1
2022010352615,2022,010352615,2,9,0,2,2,0,0,0,0,2,0,0,0,0,3,1,6,6,3,-1,-1,5000,1,12,JAGUAR XK SERIES,-1,-1,0,-1
2022411235610,2022,411235610,1,9,0,18,19,4,8,0,0,0,0,0,0,0,1,1,6,6,1,67,10,5000,1,8,JAGUAR XK SERIES,4,E01023555,0,-1
2022351221358,2022,351221358,1,9,0,18,19,1,5,0,0,6,0,0,0,0,1,1,5,6,1,28,6,4196,1,16,JAGUAR XK SERIES,8,E01018277,0,-1
2022991184346,2022,991184346,2,9,0,2,2,0,0,0,0,2,0,0,0,0,3,1,6,6,3,-1,-1,5000,1,12,JAGUAR XK SERIES,-1,-1,0,-1
2022041236152,2022,041236152,1,9,0,18,19,3,7,0,0,0,0,0,0,0,1,1,5,6,1,79,11,2487,8,0,-1,9,E01024967,0,-1
2022061218607,2022,061218607,1,9,-1,-1,-1,-1,-1,-1,-1,-1,-1,-1,-1,0,-1,1,6,6,1,42,7,2487,8,0,-1,7,E01005856,0,-1
20225222BR199,2022,5222BR199,1,9,0,18,19,2,6,0,0,1,0,0,0,0,3,1,6,6,1,32,6,4973,1,31,-1,8,E01014552,0,-1
2022320173531,2022,320173531,1,2,0,18,19,2,6,0,0,1,5,0,0,0,4,1,6,6,2,16,4,49,1,15,-1,6,E01026159,0,-1
2022010415440,2022,010415440,1,2,0,99,99,9,9,99,99,9,9,99,9,99,9,1,6,6,1,16,4,49,1,12,-1,8,E01002922,0,-1
2022361183505,2022,361183505,2,2,0,13,13,6,2,0,0,1,0,0,0,0,1,1,5,6,1,17,4,49,1,1,-1,1,E01026830,0,-1
2022122200861,2022,122200861,2,2,0,5,5,4,2,0,0,1,0,0,0,0,1,1,6,6,1,16,4,49,1,14,-1,3,E01013410,0,-1
2022052200684,2022,052200684,2,3,0,4,4,7,3,0,0,4,0,0,0,0,2,1,6,6,1,51,8,124,1,7,-1,1,E01006432,0,-1
2022501156272,2022,501156272,1,3,0,18,19,1,5,0,0,0,0,0,0,0,1,1,5,6,1,18,4,125,1,6,-1,9,E01019983,0,-1
2022421180063,2022,421180063,1,3,0,3,3,1,5,0,0,6,0,0,0,0,2,1,6,6,1,52,8,125,1,0,-1,-1,-1,0,-1
2022010371829,2022,010371829,1,3,0,99,99,9,9,99,99,9,9,99,9,99,1,1,2,2,2,32,6,125,1,0,-1,6,E01002742,0,-1
2022131241117,2022,131241117,3,3,0,18,19,5,1,0,0,0,0,0,0,0,1,1,5,6,1,22,5,125,1,1,-1,5,E01011392,0,-1
2022401217512,2022,401217512,1,4,0,18,19,6,2,0,0,1,0,0,0,0,1,1,5,6,1,25,5,278,1,1,-1,2,E01017474,0,-1
2022440221117,2022,440221117,1,3,0,17,19,3,7,0,0,0,0,0,0,0,3,1,6,6,1,20,4,125,1,6,-1,5,E01017283,0,-1
2022010418035,2022,010418035,1,3,0,7,7,3,5,0,0,1,0,0,1,0,3,1,6,6,1,49,8,125,1,6,-1,3,E01000495,0,-1
2022010376197,2022,010376197,1,3,0,99,99,9,9,99,99,9,9,99,9,99,9,1,6,6,3,55,8,125,1,5,-1,6,E01003375,0,-1
2022041137885,2022,041137885,1,3,0,18,19,3,7,0,0,1,0,0,0,0,1,1,5,6,1,56,9,125,1,6,-1,5,E01024989,0,-1
2022552201034,2022,552201034,2,4,0,18,19,1,5,0,0,8,0,0,0,0,4,1,2,2,1,48,8,125,1,6,-1,6,E01020531,0,-1
2022351169005,2022,351169005,2,5,0,18,19,4,8,0,0,1,0,0,0,0,1,1,5,6,1,70,10,1600,1,12,TRIUMPH THUNDERBIRD,9,E01032999,0,-1
2022440167093,2022,440167093,1,3,0,18,19,4,8,0,0,0,0,12,0,0,1,1,6,6,1,59,9,1700,1,10,-1,3,E01030901,0,-1
202263D059522,2022,63D059522,1,5,0,18,19,4,8,0,0,0,0,0,0,0,1,1,6,6,1,52,8,1600,1,11,TRIUMPH THUNDERBIRD,8,W01000106,0,-1
2022031214635,2022,031214635,1,5,0,17,19,7,3,0,0,0,5,0,1,4,1,1,6,6,1,44,7,1700,1,7,TRIUMPH THUNDERBIRD,3,E01019209,0,-1
202234WNC3032,2022,34WNC3032,1,4,0,12,12,3,7,0,0,0,0,0,0,0,3,1,6,6,1,75,10,1600,1,12,-1,4,E01027320,0,-1
2022221166787,2022,221166787,2,5,0,18,19,7,3,0,0,8,0,0,0,0,1,1,5,6,1,46,8,1700,1,5,TRIUMPH THUNDERBIRD,5,E01014088,0,-1
2022122200586,2022,122200586,1,5,0,4,4,6,2,0,0,1,0,0,0,0,3,1,6,6,1,50,8,1700,1,8,TRIUMPH THUNDERBIRD,7,E01013124,0,-1
2022320261236,2022,320261236,2,5,0,18,19,4,8,0,0,0,5,0,8,0,3,1,6,6,1,42,7,1600,1,11,TRIUMPH THUNDERBIRD,3,E01026075,0,-1
2022461160790,2022,461160790,1,5,0,13,13,5,1,0,0,0,0,0,0,0,0,1,5,6,1,56,9,1700,1,12,TRIUMPH THUNDERBIRD,2,E01024078,0,-1
2022552200594,2022,552200594,2,5,0,17,19,8,4,0,0,0,1,0,1,0,3,1,6,6,1,50,8,1700,1,8,TRIUMPH THUNDERBIRD,3,E01015293,0,-1
2022401160769,2022,401160769,1,5,0,4,4,6,2,0,0,0,0,0,0,0,1,1,5,6,1,51,8,1700,1,11,TRIUMPH THUNDERBIRD,10,E01027006,0,-1
2022361208764,2022,361208764,2,5,0,18,19,5,8,0,0,1,0,0,0,0,1,1,5,6,1,53,8,1600,1,10,TRIUMPH THUNDERBIRD,4,E01030201,0,-1
2022122200484,2022,122200484,3,5,0,4,4,7,3,0,0,0,0,0,1,0,3,1,6,6,1,25,5,1600,1,8,TRIUMPH THUNDERBIRD,6,E01012331,0,-1
2022501145483,2022,501145483,2,5,0,2,2,8,4,0,0,2,0,0,0,0,1,1,6,6,1,58,9,1600,1,12,TRIUMPH THUNDERBIRD,2,E01020014,0,-1
2022991183109,2022,991183109,1,5,0,18,19,8,4,0,0,0,0,0,0,0,4,1,5,6,1,53,8,1600,1,9,TRIUMPH THUNDERBIRD,2,E01018078,0,-1
2022547222322,2022,547222322,1,5,0,4,4,1,5,0,0,1,0,0,0,0,1,1,6,6,1,44,7,1700,1,11,TRIUMPH THUNDERBIRD,9,E01015485,0,-1
2022440443625,2022,440443625,1,5,0,14,14,5,1,0,0,1,0,0,0,0,1,1,6,6,1,29,6,890,1,24,TRIUMPH THUNDERBIRD,3,E01017123,0,-1
2023122301288,2023,122301288,2,2,0,18,19,5,2,0,0,8,0,0,0,0,1,1,6,6,1,16,4,50,1,2,-1,7,E01027724,0,-1
2023610032123,2023,610032123,2,5,0,18,19,2,6,0,0,8,0,0,0,0,1,1,6,6,1,53,8,650,1,28,-1,5,E01022272,0,-1
2023101325922,2023,101325922,1,5,0,4,4,6,2,0,0,0,0,0,0,0,1,1,6,6,1,61,9,650,1,25,-1,8,E01008527,0,-1
2023545307623,2023,545307623,1,5,0,18,19,6,2,0,0,3,1,0,0,0,0,1,6,6,1,65,9,650,1,23,-1,3,E01028543,0,-1
2023991312331,2023,991312331,1,5,0,18,19,1,5,0,0,0,0,0,6,0,1,1,6,6,1,69,10,650,1,24,-1,7,-1,0,-1
2023010439852,2023,010439852,2,9,0,7,7,1,3,0,0,6,0,0,0,0,1,2,6,6,2,46,8,1598,1,4,DS DS7,-1,-1,0,-1
2023010427239,2023,010427239,2,9,0,3,3,1,5,0,0,0,0,0,0,0,4,1,6,6,2,45,7,1997,2,3,DS DS7,2,E01002722,0,-1
2023201377927,2023,201377927,1,9,0,4,4,8,4,0,0,0,0,0,0,0,1,1,6,6,2,26,6,1499,2,3,DS DS7,2,E01009314,0,-1
2023610015523,2023,610015523,2,9,0,2,2,0,0,0,0,0,0,0,0,0,2,1,6,6,1,-1,-1,1598,1,4,DS DS7,2,W01001529,0,-1
2023421312822,2023,421312822,2,9,0,7,7,1,5,0,0,3,0,0,0,0,1,1,6,6,2,52,8,1598,1,4,DS DS7,3,E01015988,0,-1
2023371343182,2023,371343182,3,9,0,18,19,5,1,0,0,0,0,0,0,0,2,1,6,6,1,53,8,1499,2,4,DS DS7,9,E01030214,0,-1
2023471340001,2023,471340001,1,9,0,7,7,3,6,0,0,8,0,0,0,0,1,1,6,6,2,21,5,1997,2,5,DS DS7,5,E01022842,0,-1
2023221328531,2023,221328531,3,9,0,18,19,4,8,0,0,0,0,0,0,0,1,1,5,6,2,62,9,1598,8,0,DS DS7,2,E01014196,0,-1
2023631340423,2023,631340423,1,9,0,18,19,8,4,0,0,0,0,0,1,3,1,1,5,6,2,25,5,1997,2,4,DS DS7,9,W01000549,0,-1
2023010432278,2023,010432278,1,9,0,4,4,7,3,0,0,0,0,0,0,0,2,1,1,1,1,30,6,1598,8,1,DS DS7,8,E01016334,0,-1
2023340WN2672,2023,340WN2672,1,9,0,13,13,6,2,0,0,2,5,10,0,0,2,1,2,2,1,52,8,1499,2,3,DS DS7,5,E01027232,0,-1
2023461328686,2023,461328686,1,9,0,4,4,2,6,0,0,1,0,0,0,0,1,1,5,6,1,69,10,1997,2,4,DS DS7,1,E01024678,0,-1
2023201396967,2023,201396967,2,9,0,2,2,0,0,9,9,1,0,0,0,0,3,1,6,6,2,43,7,1598,1,4,DS DS7,3,E01009768,0,-1
2023421394347,2023,421394347,2,9,0,4,4,1,5,0,0,0,0,0,0,0,2,1,2,2,1,38,7,1500,2,1,DS DS7,2,E01021278,0,-1
2023451312167,2023,451312167,2,9,0,18,19,5,1,0,0,0,0,0,0,0,3,1,6,6,3,45,7,1499,2,4,DS DS7,6,E01001064,0,-1
2023010467749,2023,010467749,1,9,0,5,5,0,5,9,9,0,0,0,2,10,1,1,2,2,1,38,7,1997,2,4,DS DS7,3,E01033583,0,-1
2023520300733,2023,520300733,1,9,0,13,13,3,7,0,0,1,1,0,1,4,4,1,6,6,2,60,9,1997,2,5,DS DS7,9,E01014789,0,-1
2023010445489,2023,010445489,1,3,0,99,99,9,9,99,99,9,9,99,9,99,1,1,1,1,1,43,7,109,1,7,-1,4,E01000676,0,-1
2023010438873,2023,010438873,2,2,0,3,3,5,1,0,0,1,0,0,0,0,4,1,1,1,1,26,6,109,1,7,-1,5,E01003067,0,-1
2023010472012,2023,010472012,1,3,0,99,99,9,9,99,99,9,9,99,9,99,2,1,1,1,1,26,6,109,1,7,-1,5,E01003067,0,-1
2023221378207,2023,221378207,1,4,0,18,19,4,2,0,0,8,0,0,0,0,4,1,6,6,1,60,9,305,1,29,KAWASAKI EX,8,E01032218,0,-1
2023010434122,2023,010434122,1,5,0,18,19,1,5,1,1,4,0,4,0,0,1,1,6,6,2,39,7,649,1,6,KAWASAKI EX,3,E01004123,0,-1
2023610023723,2023,610023723,2,3,0,18,19,1,1,0,0,4,0,0,0,0,0,1,6,6,1,41,7,649,1,9,-1,3,W01001137,0,-1
2023991315944,2023,991315944,2,5,0,18,19,8,4,0,0,0,0,0,0,0,4,1,5,6,1,32,6,649,1,15,KAWASAKI EX,3,-1,0,-1
2023010477965,2023,010477965,1,5,0,18,19,1,5,0,0,8,1,0,0,0,3,1,2,2,1,27,6,649,1,14,KAWASAKI EX,7,E01001986,0,-1
2023332300403,2023,332300403,1,4,0,14,14,1,5,0,0,0,1,0,0,0,4,1,2,2,1,41,7,649,1,9,KAWASAKI EX,3,E01013775,0,-1
2023010444274,2023,010444274,1,5,0,4,4,7,3,0,0,0,0,0,0,0,1,1,6,6,1,32,6,649,1,13,KAWASAKI EX,6,E01032780,0,-1
2023501341245,2023,501341245,1,4,0,16,19,5,1,0,0,1,2,0,8,0,1,1,6,6,1,19,4,249,1,12,KAWASAKI EX,5,E01020123,0,-1
2023622300439,2023,622300439,1,5,0,18,19,1,5,0,0,1,1,0,0,0,1,1,6,6,1,23,5,649,1,6,KAWASAKI EX,4,W01000760,0,-1
2023131294673,2023,131294673,2,5,0,18,19,7,3,0,0,8,0,0,0,0,4,1,5,6,1,39,7,649,1,5,KAWASAKI EX,8,E01011399,0,-1
2023622300932,2023,622300932,2,5,0,18,19,1,6,0,0,3,0,0,0,0,2,1,6,6,1,54,8,649,1,14,KAWASAKI EX,9,W01001198,0,-1
2023991339554,2023,991339554,1,5,0,16,19,8,3,0,0,0,0,0,7,11,1,1,6,6,1,19,4,649,1,12,KAWASAKI EX,7,-1,0,-1
2023552300869,2023,552300869,2,5,0,9,9,8,6,0,0,5,0,0,0,0,1,1,6,6,1,61,9,649,1,6,KAWASAKI EX,4,E01015420,0,-1
2023131259705,2023,131259705,1,5,0,9,9,5,1,0,0,0,0,0,1,0,4,1,5,6,1,20,4,649,1,14,KAWASAKI EX,1,E01011906,0,-1
2023340WN6112,2023,340WN6112,2,5,0,18,19,5,1,0,0,1,0,0,0,0,3,1,6,6,1,22,5,649,1,6,KAWASAKI EX,7,E01027004,0,-1
2023430514169,2023,430514169,1,5,0,18,19,1,5,0,0,0,1,0,0,0,1,1,6,6,1,26,6,649,1,13,KAWASAKI EX,2,E01028577,0,-1
2023052300341,2023,052300341,2,4,0,18,19,5,1,0,0,8,0,0,0,0,0,1,6,6,1,20,4,649,1,12,KAWASAKI EX,7,E01007222,0,-1
2023522400190,2023,522400190,2,5,0,18,19,2,6,0,0,8,1,0,0,0,1,1,6,6,1,27,6,649,1,11,KAWASAKI EX,5,E01032066,0,-1
2023052302646,2023,052302646,2,5,0,18,19,7,3,0,0,4,1,0,0,0,4,1,6,6,1,17,4,649,1,17,KAWASAKI EX,6,E01018736,0,-1
2023351333152,2023,351333152,2,4,0,9,9,-1,-1,0,0,3,1,0,0,0,3,1,2,2,1,26,6,249,1,13,KAWASAKI EX,8,E01018164,0,-1
2023320183711,2023,320183711,1,3,0,17,19,2,6,0,0,0,2,0,0,0,4,1,6,6,2,20,4,296,1,10,-1,6,E01026252,0,-1
2023421383594,2023,421383594,2,4,0,18,19,7,3,0,0,8,5,0,0,0,1,1,6,6,1,39,7,249,1,11,KAWASAKI EX,5,E01015975,0,-1
2023430456995,2023,430456995,1,5,0,18,19,3,7,0,0,2,0,0,0,0,1,1,2,2,1,84,11,649,1,12,KAWASAKI EX,7,E01017860,0,-1
2023010477445,2023,010477445,2,5,0,5,5,6,2,0,0,8,2,0,0,0,1,1,2,2,1,60,9,249,1,13,KAWASAKI EX,-1,-1,0,-1
2023520001099,2023,520001099,2,4,0,13,13,5,1,0,0,0,1,0,0,0,1,1,6,6,1,29,6,296,1,10,KAWASAKI EX,2,E01014522,0,-1
2023461320542,2023,461320542,1,4,0,18,19,3,7,0,0,1,0,0,0,0,1,1,5,6,1,24,5,399,1,5,KAWASAKI EX,6,E01030563,0,-1
2023340WN3152,2023,340WN3152,2,4,0,18,19,5,1,0,0,1,0,0,0,0,1,1,6,6,1,32,6,649,1,7,KAWASAKI EX,2,E01027229,0,-1
2023531356254,2023,531356254,1,5,0,18,19,5,1,0,0,0,0,0,0,0,1,1,6,6,1,35,6,649,1,10,KAWASAKI EX,1,E01026965,0,-1
2023520400073,2023,520400073,1,4,0,18,19,1,5,0,0,8,0,0,0,0,3,1,6,6,1,24,5,249,1,12,KAWASAKI EX,3,E01029284,0,-1
2023302300353,2023,302300353,2,4,0,14,14,8,4,0,0,1,1,0,0,0,1,1,6,6,1,63,9,249,1,14,KAWASAKI EX,2,E01019581,0,-1
2023451260849,2023,451260849,2,4,0,18,19,5,1,0,0,0,0,0,0,0,3,1,1,1,1,21,5,296,1,10,KAWASAKI EX,8,E01030552,0,-1
2023501295538,2023,501295538,1,5,0,18,19,1,5,0,0,0,0,0,0,0,1,1,6,6,1,20,4,649,1,6,KAWASAKI EX,5,E01020177,0,-1
2023991373283,2023,991373283,2,5,0,18,19,6,1,0,0,1,0,0,0,0,1,1,5,6,1,25,5,649,1,5,KAWASAKI EX,7,-1,0,-1
2023631339148,2023,631339148,1,5,0,16,19,1,4,0,0,0,0,0,0,0,0,1,6,6,1,20,4,296,1,8,KAWASAKI EX,5,E01028982,0,-1
2023010445062,2023,010445062,2,5,0,13,13,7,3,0,0,0,0,0,0,0,1,1,6,6,1,40,7,649,1,9,KAWASAKI EX,1,E01000868,0,-1
2023320549721,2023,320549721,2,2,0,18,19,3,5,0,0,3,0,0,0,0,4,1,6,6,1,51,8,649,1,15,-1,2,E01026154,0,-1
2023041340380,2023,041340380,2,4,0,18,19,3,7,0,0,1,0,0,0,0,2,1,5,6,1,20,4,399,1,5,KAWASAKI EX,9,E01025455,0,-1
2023010442315,2023,010442315,1,5,0,14,14,3,7,0,0,1,0,0,0,0,1,1,2,2,1,33,6,649,1,8,KAWASAKI EX,7,E01001026,0,-1
2023211360023,2023,211360023,1,5,0,13,13,3,7,0,0,0,2,4,1,0,1,1,2,2,1,23,5,649,1,9,KAWASAKI EX,2,E01029429,0,-1
2023101290239,2023,101290239,1,4,0,15,15,5,7,0,0,1,0,0,0,0,1,1,6,6,3,30,6,249,1,14,KAWASAKI EX,-1,-1,0,-1
2023411325780,2023,411325780,1,5,0,18,19,1,5,0,0,0,0,0,0,0,4,1,1,1,1,30,6,649,1,11,KAWASAKI EX,9,E01002362,0,-1
2023010470333,2023,010470333,2,5,0,18,19,5,1,0,0,8,0,0,0,0,4,1,6,6,1,53,8,649,1,5,KAWASAKI EX,5,E01000825,0,-1
2023461349210,2023,461349210,1,5,0,5,5,5,1,6,6,0,1,0,6,0,3,1,2,2,1,36,7,649,1,16,KAWASAKI EX,1,E01024670,0,-1
2023141346143,2023,141346143,2,4,0,18,19,6,2,0,0,8,5,0,0,0,4,1,5,6,1,49,8,498,1,24,KAWASAKI EX,-1,-1,0,-1
2023421362197,2023,421362197,2,5,0,18,19,3,7,0,0,0,1,0,0,0,1,1,5,6,1,50,8,649,1,5,KAWASAKI EX,8,E01021396,0,-1
2023451319007,2023,451319007,1,5,0,11,11,1,5,0,0,0,0,0,0,0,1,1,5,6,1,42,7,649,1,6,KAWASAKI EX,9,E01003365,0,-1
2023041426563,2023,041426563,1,5,0,18,19,1,5,0,0,0,0,0,0,0,3,1,6,6,1,73,10,649,1,17,KAWASAKI EX,5,E01006180,0,-1
2023622300414,2023,622300414,1,4,0,18,19,3,7,0,0,0,0,0,1,4,1,1,6,6,1,22,5,649,1,5,KAWASAKI EX,8,E01009908,0,-1
2023052300826,2023,052300826,1,3,0,18,19,1,5,0,0,0,1,0,0,0,1,1,6,6,1,50,8,249,1,15,-1,3,E01006743,0,-1
2023552301035,2023,552301035,1,5,0,18,19,7,3,0,0,0,1,0,0,0,1,1,6,6,1,21,5,649,1,17,KAWASAKI EX,6,E01015318,0,-1
2023010443310,2023,010443310,2,4,0,18,19,1,5,0,0,0,2,4,0,0,1,1,6,6,1,22,5,296,1,10,KAWASAKI EX,8,E01030659,0,-1
2023010435424,2023,010435424,1,5,0,18,19,5,1,0,0,2,0,0,0,0,1,1,2,2,1,29,6,649,1,5,KAWASAKI EX,7,E01017705,0,-1
2023141265508,2023,141265508,4,5,0,18,19,6,3,0,0,0,1,0,0,0,1,1,6,6,1,21,5,649,1,15,KAWASAKI EX,8,E01019449,0,-1
2023201379086,2023,201379086,2,5,0,18,19,6,2,2,2,8,0,0,0,0,1,1,6,6,1,57,9,649,1,8,KAWASAKI EX,3,E01009184,0,-1
2023461317742,2023,461317742,2,4,0,6,6,-1,-1,0,0,0,0,0,0,0,4,1,6,6,2,58,9,249,1,12,KAWASAKI EX,5,E01016029,0,-1
2023161351431,2023,161351431,1,4,0,18,19,3,7,0,0,0,0,0,0,0,1,1,2,2,1,65,9,498,1,26,KAWASAKI EX,8,E01013123,0,-1
2023421316416,2023,421316416,1,5,0,17,19,7,3,0,0,0,5,10,1,0,1,1,5,6,1,57,9,649,1,17,KAWASAKI EX,6,E01033121,0,-1
2023010443986,2023,010443986,1,5,0,99,99,9,9,99,99,9,9,99,9,99,1,1,6,6,1,41,7,649,1,16,KAWASAKI EX,2,E01002032,0,-1
2023311367738,2023,311367738,1,9,0,5,5,1,6,0,0,2,1,10,7,0,1,1,5,6,2,42,7,1582,2,9,KIA CEED,5,E01028132,0,-1
2023131302712,2023,131302712,1,9,0,18,19,5,1,0,0,0,0,0,0,0,1,1,1,1,1,62,9,1582,2,9,KIA CEED,1,E01011001,0,-1
2023440516092,2023,440516092,2,9,0,9,9,3,1,0,0,6,0,0,0,0,1,1,6,6,2,71,10,1582,2,8,KIA CEED,6,E01017300,0,-1
2023311316530,2023,311316530,3,9,0,3,3,6,2,0,0,0,0,0,0,0,2,1,2,2,1,35,6,1582,2,8,KIA CEED,-1,-1,0,-1
202360A144850,2023,60A144850,1,9,0,18,19,6,2,0,0,0,0,0,0,0,3,1,2,2,1,24,5,1396,1,9,KIA CEED,-1,-1,0,-1
2023421322112,2023,421322112,1,9,0,18,19,3,7,0,0,0,5,0,7,0,1,1,6,6,1,31,6,1582,2,12,KIA CEED,10,E01033053,0,-1
2023131377722,2023,131377722,2,9,0,9,9,1,5,0,0,1,0,0,0,0,2,1,1,1,1,58,9,1598,8,2,KIA CEED,2,E01007464,0,-1
2023421296400,2023,421296400,2,9,0,2,2,0,0,0,0,1,0,0,0,0,3,1,6,6,3,16,4,1582,2,9,KIA CEED,-1,-1,0,-1
2023332301148,2023,332301148,1,9,0,9,9,7,5,0,0,4,0,0,0,0,3,1,6,6,1,33,6,1582,2,15,KIA CEED,1,E01009892,0,-1
2023122301236,2023,122301236,2,9,0,18,19,8,3,0,0,8,0,0,0,0,1,1,6,6,2,52,8,1582,2,10,KIA CEED,6,E01027734,0,-1
2023101360488,2023,101360488,1,9,0,5,5,7,3,0,0,0,0,0,0,0,3,1,6,6,1,33,6,1582,2,13,KIA CEED,2,E01008301,0,-1
2023010421406,2023,010421406,1,9,0,7,7,5,8,0,0,5,0,0,0,0,1,1,6,6,1,46,8,1582,2,5,KIA CEED,9,E01002239,0,-1
2023010434138,2023,010434138,2,9,0,99,99,9,9,99,99,9,9,99,9,99,1,9,6,6,3,-1,-1,1582,2,12,KIA CEED,-1,-1,0,-1
2023010420730,2023,010420730,1,9,0,5,5,1,5,0,0,1,0,0,0,0,4,1,6,6,2,76,11,1396,1,13,KIA CEED,10,E01002419,0,-1
2023311392732,2023,311392732,1,9,0,18,19,3,7,0,0,4,0,0,0,0,1,1,5,6,1,51,8,1582,2,15,KIA CEED,6,E01019514,0,-1
2023471392152,2023,471392152,4,9,0,2,2,0,0,9,9,8,0,0,0,0,3,1,6,6,3,-1,-1,1353,1,5,KIA CEED,-1,-1,0,-1
2023070175999,2023,070175999,2,9,0,18,19,5,1,0,0,0,0,0,0,0,2,1,2,2,1,45,7,1582,2,12,KIA CEED,6,E01006864,0,-1
2023430370001,2023,430370001,2,9,0,18,19,8,4,0,0,8,0,0,0,0,1,1,6,6,2,70,10,1582,2,6,KIA CEED,10,E01017732,0,-1
2023201338817,2023,201338817,1,9,0,11,11,6,2,0,0,0,1,4,0,0,3,1,6,6,3,-1,-1,1482,1,0,KIA CEED,-1,-1,0,-1
2023131268486,2023,131268486,2,9,0,18,19,5,1,0,0,8,0,0,0,0,3,1,1,1,1,30,6,1598,8,2,KIA CEED,4,E01011075,0,-1
2023991323797,2023,991323797,1,9,0,13,13,4,8,0,0,0,0,0,0,0,1,1,5,6,1,77,11,1598,2,4,KIA CEED,-1,-1,0,-1
2023201431406,2023,201431406,1,9,0,18,19,4,8,0,0,8,0,0,0,0,1,1,6,6,2,55,8,1582,2,6,KIA CEED,3,E01008989,0,-1
2023041347646,2023,041347646,2,9,0,18,19,8,8,0,0,0,0,0,0,0,2,1,5,6,1,42,7,1591,1,12,KIA CEED,7,E01025014,0,-1
2023451378705,2023,451378705,1,9,0,3,3,1,5,0,0,0,0,0,0,0,2,1,5,6,1,45,7,1591,1,8,KIA CEED,10,E01030953,0,-1
2023122301046,2023,122301046,2,9,0,18,19,7,3,0,0,1,0,0,0,0,1,1,1,1,1,62,9,1598,2,4,KIA CEED,8,E01027754,0,-1
2023320255534,2023,320255534,1,9,0,13,13,2,6,0,0,8,0,0,7,11,1,1,2,2,2,41,7,1353,1,4,KIA CEED,-1,-1,0,-1
2023070324649,2023,070324649,1,9,0,9,9,4,8,0,0,1,0,0,0,0,3,1,6,6,1,31,6,1582,2,13,KIA CEED,8,E01005852,0,-1
2023141306325,2023,141306325,1,9,0,18,19,1,5,0,0,8,0,0,0,0,1,1,6,6,1,49,8,1582,2,7,KIA CEED,8,E01007594,0,-1
2023031299268,2023,031299268,2,9,0,18,19,8,4,0,0,0,2,0,1,0,3,1,2,2,1,35,6,998,1,3,KIA CEED,7,-1,0,-1
202360A194232,2023,60A194232,2,9,0,5,5,8,4,0,0,4,0,0,0,0,3,1,6,6,2,50,8,1482,1,1,KIA CEED,-1,-1,0,-1
2023631391701,2023,631391701,1,9,0,18,19,8,5,0,0,0,5,0,2,4,4,1,5,6,1,47,8,1582,2,11,KIA CEED,-1,-1,0,-1
2023041258821,2023,041258821,2,9,0,2,2,0,0,0,0,1,0,0,0,0,3,1,5,6,1,37,7,1582,2,10,KIA CEED,1,E01012571,0,-1
2023302300328,2023,302300328,1,9,0,9,9,6,4,0,0,4,0,0,0,0,1,1,6,6,2,38,7,998,1,7,KIA CEED,9,E01019706,0,-1
2023311334493,2023,311334493,1,9,0,5,5,4,8,0,0,0,0,0,0,0,0,1,1,1,1,43,7,1582,2,14,KIA CEED,1,E01027968,0,-1
2023451299257,2023,451299257,1,9,0,18,19,7,3,0,0,0,0,0,0,0,3,1,6,6,2,38,7,1396,1,8,KIA CEED,4,E01030749,0,-1
2023211285017,2023,211285017,1,9,0,17,19,1,2,0,0,0,1,0,0,0,1,1,1,1,1,50,8,1582,2,12,KIA CEED,2,E01010525,0,-1
2023131302470,2023,131302470,2,9,0,12,12,5,1,0,0,0,0,0,0,0,2,1,5,6,1,30,6,1396,1,13,KIA CEED,6,E01032159,0,-1
2023041288248,2023,041288248,2,9,0,18,19,3,7,0,0,0,0,0,1,11,1,1,5,6,2,26,6,1582,2,8,KIA CEED,5,E01025589,0,-1
2023401345125,2023,401345125,1,9,0,18,19,5,1,0,0,0,0,0,1,0,1,1,5,6,1,39,7,1582,2,7,KIA CEED,9,E01016060,0,-1
2023361318357,2023,361318357,2,9,0,9,9,7,3,0,0,1,1,0,0,0,2,1,1,1,1,29,6,1582,2,7,KIA CEED,8,E01026434,0,-1
2023221328531,2023,221328531,1,9,0,4,4,4,8,0,0,0,0,0,0,0,2,1,5,6,1,58,9,1582,2,12,KIA CEED,9,E01014183,0,-1
2023332300777,2023,332300777,1,9,0,5,5,5,1,0,0,6,0,0,7,1,4,1,6,6,1,41,7,1582,2,9,KIA CEED,1,E01009571,0,-1
2023520300128,2023,520300128,1,9,0,18,19,8,4,0,0,0,1,0,7,4,1,1,6,6,1,30,6,1582,2,14,KIA CEED,4,E01029187,0,-1
2023041279763,2023,041279763,1,9,0,9,9,5,2,0,0,5,0,0,0,0,3,1,5,6,1,70,10,1396,1,14,KIA CEED,9,E01025377,0,-1
2023302300230,2023,302300230,1,9,0,18,19,6,2,0,0,1,0,0,0,0,1,1,6,6,1,86,11,1582,2,10,KIA CEED,8,E01019476,0,-1
2023010426573,2023,010426573,2,9,0,18,19,2,6,0,0,8,0,0,0,0,1,1,6,6,3,-1,-1,1598,8,2,KIA CEED,-1,-1,0,-1
2023052300163,2023,052300163,1,9,0,18,19,1,5,0,0,1,0,0,0,0,3,1,6,6,2,46,8,1582,2,12,KIA CEED,2,E01012506,0,-1
2023311320307,2023,311320307,2,9,0,2,2,6,6,9,9,0,0,0,0,0,-1,1,6,6,3,-1,-1,1353,1,5,KIA CEED,-1,-1,0,-1
2023332301056,2023,332301056,1,9,0,4,4,4,8,0,0,0,0,0,0,0,2,1,6,6,2,42,7,1582,2,14,KIA CEED,8,E01025830,0,-1
2023221364927,2023,221364927,1,9,0,17,19,8,5,0,0,0,0,0,0,0,1,1,5,6,1,54,8,1582,2,7,KIA CEED,1,E01032424,0,-1
2023161376125,2023,161376125,2,9,0,18,19,3,7,0,0,2,0,0,1,0,1,1,1,1,1,29,6,1582,2,7,KIA CEED,6,E01013006,0,-1
2023052301629,2023,052301629,2,9,0,18,19,6,2,0,0,0,0,0,0,0,0,1,6,6,1,50,8,1598,2,3,KIA CEED,3,E01006433,0,-1
2023131348502,2023,131348502,1,9,0,18,19,1,5,0,0,0,0,0,0,0,1,1,6,6,1,28,6,1598,12,0,KIA CEED,10,E01011948,0,-1
2023201383165,2023,201383165,1,9,0,9,9,6,4,0,0,6,0,0,0,0,1,1,5,6,1,-1,-1,1396,1,14,KIA CEED,-1,-1,0,-1
2023622301016,2023,622301016,1,9,0,18,19,5,2,0,0,2,0,0,0,0,1,1,6,6,2,38,7,1482,1,0,KIA CEED,1,W01000992,0,-1
2023332300369,2023,332300369,1,9,0,7,7,3,5,0,0,6,0,0,0,0,1,1,6,6,1,58,9,1591,1,16,KIA CEED,4,E01013750,0,-1
2023201408329,2023,201408329,2,9,0,18,19,3,7,0,0,8,0,0,0,0,4,1,2,2,1,36,7,1582,2,8,KIA CEED,1,E01009640,0,-1
2023302301468,2023,302301468,2,9,0,5,5,7,3,0,0,0,0,0,0,0,1,1,6,6,2,30,6,1582,2,8,KIA CEED,9,E01013514,0,-1
2023545433623,2023,545433623,2,9,0,18,19,2,6,0,0,0,0,0,1,3,3,1,6,6,1,61,9,1396,1,9,KIA CEED,6,E01031902,0,-1
2023061363533,2023,061363533,2,9,0,3,3,3,7,0,0,1,0,0,0,0,2,1,5,6,2,63,9,1582,2,11,KIA CEED,5,E01005254,0,-1
2023320499926,2023,320499926,1,9,0,18,19,4,8,0,0,0,0,0,0,0,3,1,6,6,2,60,9,998,1,1,KIA CEED,1,E01026312,0,-1
2023070972719,2023,070972719,2,9,0,3,3,4,8,0,0,1,0,0,0,0,2,1,1,1,1,53,8,1582,2,11,KIA CEED,2,E01012390,0,-1
2023461305732,2023,461305732,2,9,0,5,5,2,8,0,0,8,0,0,0,0,1,1,1,1,2,38,7,1582,2,7,KIA CEED,4,E01016141,0,-1
2023141327240,2023,141327240,1,9,0,18,19,5,1,0,0,8,1,0,0,0,1,1,2,2,1,59,9,1582,2,12,KIA CEED,7,E01007846,0,-1
2023440076404,2023,440076404,1,9,0,18,19,7,3,0,0,1,0,0,0,0,3,1,1,1,2,36,7,998,1,5,KIA CEED,5,E01022800,0,-1
2023122300707,2023,122300707,1,9,0,12,12,1,5,0,0,0,0,0,0,0,3,1,6,6,2,32,6,1598,2,4,KIA CEED,-1,-1,0,-1
2023131302138,2023,131302138,1,9,0,9,9,5,3,0,0,0,0,0,0,0,4,1,1,1,1,78,11,1582,2,9,KIA CEED,5,E01010849,0,-1
2023332300323,2023,332300323,1,9,0,18,19,2,6,0,0,8,0,0,0,0,1,1,2,2,1,37,7,1591,1,15,KIA CEED,2,E01013682,0,-1
2023361355898,2023,361355898,1,9,0,18,19,3,7,9,9,0,0,7,1,0,1,1,6,6,1,85,11,1582,2,7,KIA CEED,6,E01026900,0,-1
2023440325781,2023,440325781,2,9,0,4,4,2,6,0,0,0,0,0,0,0,2,1,2,2,1,28,6,1482,1,0,KIA CEED,4,E01022484,0,-1
2023991293319,2023,991293319,1,9,0,18,19,4,8,0,0,0,0,0,0,0,1,1,5,6,2,58,9,1582,2,11,KIA CEED,9,-1,0,-1
2023061381145,2023,061381145,1,9,0,5,5,1,5,0,0,0,0,0,0,0,1,1,5,6,1,65,9,1582,2,8,KIA CEED,2,E01005178,0,-1
2023131268529,2023,131268529,1,9,0,-1,-1,-1,-1,-1,-1,0,-1,-1,-1,-1,-1,1,6,6,3,99,11,1582,2,16,KIA CEED,-1,-1,0,-1
2023440173348,2023,440173348,2,9,0,16,19,1,4,0,0,0,0,0,0,0,1,1,6,6,1,61,9,1396,1,13,KIA CEED,2,E01022833,0,-1
2023122300984,2023,122300984,2,9,0,18,19,3,7,0,0,1,0,0,0,0,1,1,6,6,2,21,5,1396,2,8,KIA CEED,8,E01027694,0,-1
2023461379078,2023,461379078,1,9,0,9,9,1,3,0,0,6,0,0,0,0,1,1,5,6,1,42,7,1591,1,15,KIA CEED,6,E01024212,0,-1
2023131343828,2023,131343828,1,9,0,15,15,7,3,0,0,0,0,0,0,0,1,1,2,2,1,44,7,1582,2,5,KIA CEED,9,E01025299,0,-1
2023141383082,2023,141383082,2,9,0,2,2,0,0,0,0,2,0,0,0,0,2,1,6,6,3,-1,-1,1482,1,0,KIA CEED,-1,-1,0,-1
2023101354555,2023,101354555,2,9,0,18,19,8,4,0,0,0,0,0,1,0,0,1,1,1,1,50,8,1582,2,11,KIA CEED,7,E01008320,0,-1
2023421319256,2023,421319256,2,9,0,3,3,7,3,0,0,0,0,0,0,0,1,1,6,6,1,30,6,1591,1,15,KIA CEED,2,E01021711,0,-1
2023411362594,2023,411362594,2,9,0,18,19,1,5,0,0,1,0,0,0,0,4,1,5,6,1,86,11,1598,2,4,KIA CEED,4,E01023357,0,-1
2023131354768,2023,131354768,2,9,0,2,2,3,7,9,9,0,0,0,0,0,1,1,6,6,3,-1,-1,1582,2,8,KIA CEED,-1,-1,0,-1
2023991393543,2023,991393543,2,9,0,17,19,4,7,0,0,0,1,0,8,0,1,1,6,6,1,40,7,998,1,3,KIA CEED,4,-1,0,-1
2023122300357,2023,122300357,1,9,0,9,9,7,5,0,0,8,0,0,0,0,4,1,6,6,1,60,9,1396,1,15,KIA CEED,2,E01013347,0,-1
2023131287173,2023,131287173,1,9,0,5,5,1,3,0,0,8,0,0,0,0,1,1,5,6,1,73,10,1582,2,13,KIA CEED,2,E01011126,0,-1
2023522300498,2023,522300498,1,9,0,18,19,6,2,0,0,0,0,0,0,0,1,1,6,6,1,66,10,998,1,1,KIA CEED,3,E01014519,0,-1
2023070740317,2023,070740317,2,9,0,4,4,7,3,0,0,0,0,0,0,0,2,1,1,1,2,26,6,998,1,6,KIA CEED,8,E01018344,0,-1
2023320317152,2023,320317152,1,9,0,9,9,2,6,0,0,8,0,0,0,0,1,1,6,6,1,87,11,1582,2,8,KIA CEED,-1,-1,0,-1
2023302300743,2023,302300743,2,9,0,11,11,2,4,0,0,1,0,0,0,0,2,1,1,1,1,48,8,1396,2,6,KIA CEED,8,E01019847,0,-1
2023161332505,2023,161332505,1,9,0,18,19,5,1,0,0,1,0,0,0,0,1,1,5,6,1,40,7,1582,2,15,KIA CEED,1,E01012891,0,-1
2023991321369,2023,991321369,1,9,0,18,19,8,4,0,0,1,0,0,0,0,4,1,3,7,1,43,7,1591,1,7,KIA CEED,6,-1,0,-1
2023461296514,2023,461296514,1,9,0,-1,-1,-1,-1,-1,-1,0,-1,-1,-1,0,-1,1,6,6,2,-1,-1,1582,2,13,KIA CEED,8,E01024012,0,-1
2023010426385,2023,010426385,1,9,0,99,99,9,9,99,99,9,9,99,9,99,2,9,6,6,1,34,6,1591,1,16,KIA CEED,5,E01032771,0,-1
2023991295991,2023,991295991,1,9,0,3,3,7,3,0,0,1,0,0,0,0,1,1,2,2,1,40,7,1598,8,2,KIA CEED,6,-1,0,-1
2023131370646,2023,131370646,2,9,0,9,9,1,5,0,0,1,0,0,7,0,3,1,6,6,2,31,6,1591,1,16,KIA CEED,5,E01011902,0,-1
2023610032223,2023,610032223,1,9,0,4,4,2,6,0,0,0,0,0,0,0,1,1,6,6,1,50,8,1582,2,13,KIA CEED,4,W01001355,0,-1
2023430401390,2023,430401390,2,9,0,2,2,0,0,0,0,0,0,0,0,0,3,1,6,6,3,-1,-1,1591,1,8,KIA CEED,-1,-1,0,-1
2023471340878,2023,471340878,2,9,0,4,4,7,1,0,0,0,0,0,0,0,4,1,5,6,2,29,6,1582,2,12,KIA CEED,6,E01031468,0,-1
2023471355698,2023,471355698,1,9,0,12,12,4,8,0,0,0,0,0,0,0,2,1,5,6,1,55,8,1591,1,3,KIA CEED,4,E01021076,0,-1
2023991260655,2023,991260655,1,9,0,18,19,6,6,0,0,3,1,0,0,0,4,1,5,6,2,37,7,1582,2,11,KIA CEED,4,-1,0,-1
2023061325967,2023,061325967,1,9,0,5,5,5,1,0,0,6,0,0,0,0,1,1,6,6,2,25,5,1582,2,14,KIA CEED,8,E01005988,0,-1
2023471279844,2023,471279844,1,9,0,4,4,1,5,0,0,2,0,0,0,0,2,1,5,6,1,59,9,1582,2,11,KIA CEED,5,E01016892,0,-1
2023041375486,2023,041375486,1,9,0,18,19,5,1,0,0,2,0,0,0,0,1,1,6,6,2,65,9,1582,2,6,KIA CEED,8,E01025089,0,-1
2023161352584,2023,161352584,1,9,0,11,11,6,2,0,0,0,0,0,0,0,1,1,6,6,1,24,5,1598,2,4,KIA CEED,1,E01007643,0,-1
2023061333331,2023,061333331,1,9,0,6,6,2,1,0,0,1,0,4,0,0,4,1,2,2,1,35,6,1396,2,8,KIA CEED,3,E01005013,0,-1
2023371384629,2023,371384629,1,9,0,9,9,-1,-1,0,0,1,0,0,0,0,1,1,6,6,1,-1,-1,1582,2,11,KIA CEED,5,E01030138,0,-1
2023991328013,2023,991328013,1,9,0,13,13,2,6,0,0,0,0,0,0,0,4,1,5,6,1,26,6,1482,1,0,KIA CEED,-1,-1,0,-1
2023471340381,2023,471340381,1,9,0,18,19,5,1,0,0,0,0,0,0,0,4,1,6,6,1,80,11,1582,2,11,KIA CEED,3,E01016951,0,-1
2023061325176,2023,061325176,2,9,0,3,3,3,7,0,0,0,0,0,0,0,2,1,1,1,1,27,6,1582,2,13,KIA CEED,6,E01006271,0,-1
2023411373019,2023,411373019,1,9,0,5,5,8,4,0,0,0,0,0,0,0,1,1,2,2,1,42,7,1582,2,8,KIA CEED,8,E01021671,0,-1
2023061293042,2023,061293042,1,9,-1,3,3,7,3,0,0,0,0,0,0,0,1,1,6,6,1,-1,-1,1582,2,6,KIA CEED,-1,-1,0,-1
2023991309304,2023,991309304,1,9,0,5,5,5,7,0,0,6,0,0,0,0,1,1,5,6,2,74,10,1582,2,8,KIA CEED,-1,-1,0,-1
2023041384495,2023,041384495,1,9,0,18,19,5,1,0,0,4,0,0,0,0,1,1,5,6,1,42,7,1582,2,10,KIA CEED,1,E01033231,0,-1
2023141320804,2023,141320804,1,9,0,7,7,5,7,9,9,0,1,0,1,11,2,1,5,6,1,17,4,1582,2,13,KIA CEED,1,E01007716,0,-1
2023010473086,2023,010473086,2,9,0,99,99,9,9,99,99,9,9,99,9,99,9,9,6,6,3,51,8,1591,1,15,KIA CEED,5,E01001157,0,-1
2023311276218,2023,311276218,2,9,0,10,10,5,1,0,0,0,0,0,0,0,4,1,6,6,1,22,5,1582,2,7,KIA CEED,2,E01028230,0,-1
2023461277398,2023,461277398,1,9,0,11,11,5,1,0,0,0,5,10,1,0,0,1,5,6,1,23,5,1353,1,4,KIA CEED,4,E01024027,0,-1
2023411374373,2023,411374373,2,9,0,4,4,1,5,0,0,0,0,0,0,0,2,1,5,6,2,30,6,1582,2,11,KIA CEED,9,E01033194,0,-1
2023351388116,2023,351388116,1,9,0,6,6,2,6,0,0,1,0,0,0,0,1,1,5,6,1,51,8,1482,1,0,KIA CEED,1,E01015611,0,-1
2023401309148,2023,401309148,1,9,0,18,19,2,6,0,0,1,0,0,1,11,1,1,5,6,1,77,11,1598,2,4,KIA CEED,9,E01017585,0,-1
2023471357240,2023,471357240,1,9,0,7,7,5,1,0,0,8,0,0,0,0,1,1,6,6,2,58,9,1396,1,14,KIA CEED,10,E01031666,0,-1
2023221397614,2023,221397614,3,9,0,18,19,8,4,0,0,0,0,0,0,0,1,1,2,2,2,28,6,1582,2,10,KIA CEED,7,E01028884,0,-1
2023010471965,2023,010471965,2,9,0,99,99,9,9,99,99,0,9,99,9,99,1,9,6,6,3,-1,-1,1591,1,15,KIA CEED,-1,-1,0,-1
2023430013677,2023,430013677,1,9,0,3,3,8,4,0,0,1,0,0,0,0,2,1,3,7,2,50,8,1582,2,13,KIA CEED,7,E01017789,0,-1
2023991303798,2023,991303798,3,9,0,2,2,0,0,0,0,0,0,0,0,0,1,2,6,6,3,-1,-1,1591,1,15,KIA CEED,-1,-1,0,-1
2023545548823,2023,545548823,2,9,0,18,19,1,5,0,0,0,0,0,0,0,3,1,6,6,1,55,8,1582,2,9,KIA CEED,8,E01032033,0,-1
2023010468595,2023,010468595,2,9,0,99,99,9,9,99,99,0,9,99,9,99,9,9,6,6,3,66,10,1591,1,13,KIA CEED,5,E01001525,0,-1
2023141305494,2023,141305494,1,9,0,9,9,5,3,0,0,1,0,0,0,0,1,1,1,1,2,47,8,1591,1,14,KIA CEED,2,E01007726,0,-1
202363A014123,2023,63A014123,2,9,0,18,19,1,5,0,0,0,0,0,0,0,3,1,6,6,2,51,8,1591,1,15,KIA CEED,6,W01000701,0,-1
2023401292040,2023,401292040,1,9,0,18,19,1,5,0,0,1,0,0,0,0,1,1,6,6,2,54,8,1582,2,9,KIA CEED,7,E01017437,0,-1
2023531357874,2023,531357874,1,9,0,9,9,8,4,0,0,0,0,0,0,0,1,1,6,6,3,-1,-1,1591,1,15,KIA CEED,-1,-1,0,-1
2023141292209,2023,141292209,1,9,0,4,4,3,7,0,0,1,0,0,0,0,2,1,2,2,1,50,8,1582,2,15,KIA CEED,7,E01007423,0,-1
2023421363629,2023,421363629,1,9,0,6,6,4,8,0,0,0,0,0,0,0,3,1,6,6,1,-1,-1,1582,2,13,KIA CEED,-1,-1,0,-1
2023010480379,2023,010480379,3,9,0,2,2,0,0,0,0,0,0,4,0,0,4,1,6,6,3,-1,-1,1353,1,4,KIA CEED,-1,-1,0,-1
2023061279268,2023,061279268,2,8,0,18,19,2,6,0,0,0,0,0,0,0,1,1,1,1,1,23,5,998,1,1,-1,1,E01005427,0,-1
2023461388557,2023,461388557,1,9,0,18,19,5,3,0,0,0,1,7,0,0,1,1,6,6,1,21,5,1582,2,12,KIA CEED,-1,-1,0,-1
2023340NN1982,2023,340NN1982,1,9,0,9,9,2,8,0,0,5,0,0,0,0,1,1,6,6,1,62,9,1591,1,13,KIA CEED,2,E01027342,0,-1
2023471300750,2023,471300750,1,9,0,18,19,4,8,0,0,0,0,0,0,0,3,1,5,6,1,36,7,998,1,1,KIA CEED,8,E01023232,0,-1
2023430358390,2023,430358390,1,9,0,3,3,7,3,0,0,0,0,0,0,0,2,1,6,6,2,75,10,1591,1,16,KIA CEED,10,E01017630,0,-1
2023552301070,2023,552301070,1,9,0,18,19,3,7,0,0,8,0,7,0,0,1,1,6,6,2,38,7,1482,1,1,KIA CEED,-1,-1,0,-1
2023041276771,2023,041276771,1,9,0,7,7,7,3,0,0,1,0,0,0,0,1,1,6,6,3,-1,-1,1368,1,7,KIA CEED,-1,-1,0,-1
2023501332422,2023,501332422,1,9,0,18,19,1,5,0,0,5,0,0,0,0,1,1,6,6,2,56,9,1396,1,15,KIA CEED,4,E01018969,0,-1
2023161309760,2023,161309760,1,9,0,18,19,7,3,0,0,0,0,0,0,0,1,1,6,6,1,67,10,1582,2,7,KIA CEED,5,E01013297,0,-1
2023631347290,2023,631347290,1,9,0,17,19,2,6,0,0,0,1,0,0,0,1,1,6,6,1,18,4,1582,2,10,KIA CEED,8,W01000596,0,-1
2023631375890,2023,631375890,2,9,0,18,19,1,5,0,0,0,0,0,0,0,1,1,6,6,1,53,8,1582,2,7,KIA CEED,2,E01006653,0,-1
202363C024423,2023,63C024423,2,9,0,4,4,8,4,0,0,1,0,0,0,0,2,1,6,6,2,35,6,1582,2,13,KIA CEED,6,W01000571,0,-1
2023010477272,2023,010477272,2,9,0,2,2,0,0,0,0,0,0,0,0,0,2,1,6,6,3,-1,-1,1582,2,10,KIA CEED,-1,-1,0,-1
2023131321161,2023,131321161,2,9,0,18,19,3,7,0,0,8,0,0,0,0,4,1,5,6,1,29,6,1598,2,4,KIA CEED,1,E01011346,0,-1
2023320770235,2023,320770235,3,9,0,2,2,0,0,0,0,0,0,0,0,0,1,1,6,6,1,30,6,1591,1,13,KIA CEED,4,E01026248,0,-1
2023010421840,2023,010421840,2,9,0,99,99,9,9,99,99,9,9,99,9,99,9,9,6,6,3,-1,-1,1591,1,14,KIA CEED,-1,-1,0,-1
2023540501823,2023,540501823,4,9,0,18,19,1,5,0,0,0,0,0,0,0,0,1,6,6,2,34,6,1591,1,9,KIA CEED,2,E01015528,0,-1
2023070436282,2023,070436282,2,9,0,3,3,1,5,0,0,0,0,0,0,0,2,1,2,2,2,25,5,1353,1,5,KIA CEED,9,E01018737,0,-1
2023010461228,2023,010461228,1,9,0,18,19,3,7,0,0,1,0,0,0,0,4,1,6,6,2,21,5,1591,1,13,KIA CEED,2,E01000604,0,-1
2023231388974,2023,231388974,2,9,0,18,19,6,2,0,0,8,5,0,1,0,2,1,6,6,1,43,7,1582,2,10,KIA CEED,6,E01019878,0,-1
2023461364075,2023,461364075,1,9,0,18,19,3,7,0,0,1,0,0,0,0,3,1,6,6,2,47,8,1582,2,15,KIA CEED,3,E01033092,0,-1
2023201408378,2023,201408378,1,9,0,13,13,6,2,0,0,0,0,0,0,0,1,1,2,2,1,65,9,1482,1,1,KIA CEED,3,E01009584,0,-1
2023430231207,2023,430231207,1,9,0,18,19,1,5,0,0,5,0,0,0,0,1,1,6,6,1,40,7,1582,2,10,KIA CEED,-1,-1,0,-1
2023010459249,2023,010459249,2,9,0,3,3,5,1,0,0,8,0,0,0,0,4,1,6,6,1,35,6,1482,1,0,KIA CEED,-1,-1,0,-1
2023340NN2172,2023,340NN2172,1,9,0,9,9,3,1,0,0,5,0,0,0,0,1,1,6,6,2,76,11,1582,2,15,KIA CEED,8,E01027183,0,-1
2023361343673,2023,361343673,1,9,0,9,9,3,4,0,0,7,0,0,0,0,4,1,6,6,1,67,10,1582,2,14,KIA CEED,3,E01026747,0,-1
2023430423714,2023,430423714,1,9,0,18,19,3,7,0,0,1,0,0,0,0,1,1,1,1,1,74,10,1582,2,13,KIA CEED,10,E01023421,0,-1
2023061281776,2023,061281776,2,9,0,8,8,5,8,0,0,0,0,0,0,0,2,1,5,6,2,31,6,1582,2,13,KIA CEED,1,E01005683,0,-1
2023201297372,2023,201297372,2,9,0,5,5,7,6,0,0,6,0,0,0,0,1,1,1,1,2,24,5,998,1,1,KIA CEED,8,E01010487,0,-1
2023471317223,2023,471317223,1,9,0,18,19,3,7,0,0,4,0,0,0,0,4,1,5,6,2,33,6,1582,2,11,KIA CEED,6,E01017009,0,-1
2023311366824,2023,311366824,1,9,0,3,3,5,2,0,0,0,0,0,0,0,2,1,6,6,2,49,8,1582,2,11,KIA CEED,7,E01027990,0,-1
2023501347154,2023,501347154,1,9,0,18,19,7,3,0,0,0,0,0,0,0,1,1,6,6,1,24,5,1396,1,13,KIA CEED,3,E01018872,0,-1
2023141340620,2023,141340620,1,9,0,18,19,7,3,0,0,0,0,0,0,0,4,1,6,6,3,35,6,1582,2,15,KIA CEED,-1,-1,0,-1
2023201453568,2023,201453568,1,9,0,5,5,5,1,2,2,0,0,0,0,0,1,1,6,6,1,59,9,1582,2,12,KIA CEED,1,E01008962,0,-1
2023010475863,2023,010475863,1,9,0,3,3,7,3,0,0,0,0,0,0,0,2,1,6,6,1,36,7,1591,1,14,KIA CEED,3,E01001479,0,-1
2023041323756,2023,041323756,2,9,0,18,19,2,6,0,0,0,0,0,0,0,4,1,5,6,2,39,7,1396,2,8,KIA CEED,1,E01025224,0,-1
2023471365396,2023,471365396,1,9,0,8,8,5,7,0,0,0,0,0,0,0,1,1,6,6,2,84,11,1582,2,9,KIA CEED,8,E01031420,0,-1
2023231342332,2023,231342332,1,9,0,18,19,6,2,0,0,0,0,0,0,0,1,1,5,6,1,33,6,1582,2,13,KIA CEED,6,E01031178,0,-1
2023311292775,2023,311292775,1,9,0,7,7,7,5,0,0,5,0,10,0,0,1,1,1,1,2,57,9,1582,2,8,KIA CEED,10,E01028396,0,-1
2023552300626,2023,552300626,2,9,0,16,19,5,8,0,0,0,0,0,0,0,1,1,6,6,1,71,10,1591,1,8,KIA CEED,-1,-1,0,-1
2023302300189,2023,302300189,2,9,0,9,9,5,3,0,0,8,0,0,0,0,2,1,6,6,2,-1,-1,1582,2,11,KIA CEED,3,E01019541,0,-1
2023552300419,2023,552300419,1,9,0,7,7,6,8,0,0,6,0,0,0,0,1,1,2,2,2,45,7,1582,2,12,KIA CEED,8,E01015350,0,-1
2023622300460,2023,622300460,2,9,0,18,19,1,5,0,0,1,0,0,7,11,1,1,6,6,1,22,5,1396,1,13,KIA CEED,1,W01001699,0,-1
2023070370899,2023,070370899,1,9,0,5,5,4,8,0,0,2,0,0,0,0,1,1,6,6,3,-1,-1,998,1,1,KIA CEED,-1,-1,0,-1
2023991375445,2023,991375445,3,9,0,18,19,7,3,0,0,0,0,0,0,0,2,1,6,6,1,58,9,1582,2,7,KIA CEED,-1,-1,0,-1
2023340NN1032,2023,340NN1032,1,9,0,5,5,3,7,0,0,6,0,0,1,11,1,1,6,6,2,52,8,1582,2,11,KIA CEED,1,E01027083,0,-1
2023548881023,2023,548881023,2,9,0,18,19,7,3,0,0,1,0,0,0,0,1,1,6,6,1,70,10,1396,2,10,KIA CEED,-1,-1,0,-1
2023471310269,2023,471310269,2,9,0,18,19,5,1,0,0,0,1,4,0,0,1,1,2,2,1,42,7,1582,2,6,KIA CEED,4,E01031716,0,-1
2023371259552,2023,371259552,1,9,0,9,9,7,5,0,0,0,0,0,0,0,3,1,5,6,1,36,7,1482,1,1,KIA CEED,5,E01029946,0,-1
2023411301619,2023,411301619,1,9,0,9,9,3,7,0,0,2,0,0,3,4,1,1,6,6,1,32,6,1582,2,12,KIA CEED,2,E01015737,0,-1
2023440135503,2023,440135503,1,9,0,5,5,5,3,0,0,6,0,0,3,11,3,1,6,6,2,35,6,1591,1,14,KIA CEED,3,E01022901,0,-1
2023471314181,2023,471314181,2,9,0,4,4,7,3,0,0,1,0,0,0,0,0,1,5,6,1,35,6,998,1,4,KIA CEED,3,E01023323,0,-1
2023311318754,2023,311318754,2,9,0,2,2,0,0,0,0,0,0,0,0,0,4,1,5,6,1,46,8,1591,1,14,KIA CEED,10,E01028123,0,-1
2023031309569,2023,031309569,1,9,0,18,19,5,1,0,0,0,0,0,0,0,1,1,6,6,1,42,7,1582,2,12,KIA CEED,7,E01019240,0,-1
2023351381445,2023,351381445,1,9,0,18,19,5,8,0,0,0,0,0,0,0,1,1,6,6,1,31,6,1482,1,0,KIA CEED,1,E01002092,0,-1
2023010420547,2023,010420547,2,9,0,99,99,9,9,99,99,9,9,99,9,99,1,9,6,6,2,-1,-1,1396,1,13,KIA CEED,6,E01003449,0,-1
2023332301228,2023,332301228,3,9,0,18,19,8,4,0,0,0,0,0,0,0,1,1,6,6,2,26,6,1582,2,13,KIA CEED,8,E01025771,0,-1
2023061286886,2023,061286886,1,8,0,3,3,-1,-1,0,0,-1,-1,1,1,0,3,1,6,6,1,-1,-1,1600,2,11,-1,-1,-1,0,-1
2023010445915,2023,010445915,1,9,0,9,9,7,4,0,0,8,0,0,0,0,1,1,6,6,1,36,7,1482,1,0,KIA CEED,2,E01003057,0,-1
2023622300840,2023,622300840,2,9,0,18,19,4,8,0,0,0,0,0,0,0,1,1,6,6,1,61,9,1591,1,5,KIA CEED,4,W01000688,0,-1
2023471316355,2023,471316355,1,9,0,9,9,3,1,0,0,8,0,0,0,0,1,1,2,2,1,17,4,1582,2,8,KIA CEED,10,E01031627,0,-1
2023201292359,2023,201292359,1,9,0,18,19,8,4,0,0,6,0,0,0,0,1,1,6,6,2,48,8,1582,2,5,KIA CEED,1,E01009983,0,-1
2023991316088,2023,991316088,1,9,0,7,7,4,6,0,0,5,0,0,0,0,4,1,5,6,2,66,10,998,1,1,KIA CEED,-1,-1,0,-1
2023430166306,2023,430166306,2,9,0,17,19,4,1,0,0,0,0,0,0,0,3,1,6,6,2,31,6,1582,2,13,KIA CEED,7,E01017792,0,-1
2023421368618,2023,421368618,2,9,0,18,19,4,8,0,0,0,0,0,0,0,3,1,6,6,2,32,6,1582,2,5,KIA CEED,10,E01021622,0,-1
2023461317657,2023,461317657,2,9,0,3,3,3,6,0,0,0,0,0,0,0,2,1,6,6,2,-1,-1,1582,2,11,KIA CEED,-1,-1,0,-1
2023141319102,2023,141319102,2,9,0,2,2,0,0,0,0,2,0,0,0,0,2,1,6,6,3,-1,-1,1598,2,5,KIA CEED,-1,-1,0,-1
2023461367332,2023,461367332,1,9,0,4,4,6,2,0,0,0,1,0,1,0,3,1,2,2,1,35,6,1582,2,10,KIA CEED,2,E01024616,0,-1
2023451390822,2023,451390822,1,9,0,9,9,5,2,0,0,8,0,0,0,0,1,1,5,6,2,32,6,1582,2,5,KIA CEED,8,E01030611,0,-1
2023411335914,2023,411335914,1,9,0,9,9,3,7,0,0,5,0,0,0,0,2,1,5,6,2,58,9,1582,2,14,KIA CEED,6,E01023494,0,-1
2023141336261,2023,141336261,2,9,0,18,19,7,3,0,0,1,0,0,0,0,1,1,1,1,1,18,4,1598,2,4,KIA CEED,4,E01007559,0,-1
2023340NN9112,2023,340NN9112,2,9,0,18,19,8,4,0,0,1,0,0,4,0,1,1,6,6,1,32,6,1582,2,7,KIA CEED,10,E01018295,0,-1
2023122300574,2023,122300574,1,9,0,3,3,5,1,0,0,1,0,0,0,0,2,1,6,6,1,51,8,1582,2,11,KIA CEED,8,E01027895,0,-1
2023543265923,2023,543265923,2,9,0,18,19,3,7,0,0,8,0,0,1,10,4,1,6,6,1,62,9,1582,2,6,KIA CEED,9,E01015481,0,-1
2023010430699,2023,010430699,2,9,0,99,99,9,9,99,99,9,9,99,9,99,9,9,6,6,3,-1,-1,1396,1,15,KIA CEED,-1,-1,0,-1
2023371326010,2023,371326010,1,9,0,4,4,3,7,0,0,0,0,0,0,0,2,1,1,1,1,59,9,1580,8,2,KIA CEED,9,E01030191,0,-1
2023430334149,2023,430334149,2,9,0,18,19,8,4,0,0,0,0,0,0,0,1,1,6,6,1,70,10,1582,2,11,KIA CEED,9,E01028749,0,-1
2023031321697,2023,031321697,1,9,0,18,19,6,2,0,0,1,0,0,0,0,1,1,1,1,1,54,8,1582,2,11,KIA CEED,2,E01019159,0,-1
2023440319992,2023,440319992,1,9,0,4,4,7,3,0,0,0,0,0,0,0,2,1,1,1,1,30,6,1598,2,5,KIA CEED,9,E01022610,0,-1
2023451364985,2023,451364985,1,9,0,5,5,5,1,0,0,8,0,0,0,0,1,1,5,6,1,31,6,1591,1,13,KIA CEED,8,E01002942,0,-1
2023430369982,2023,430369982,3,9,0,3,3,5,1,0,0,0,0,0,0,0,2,1,6,6,1,62,9,1582,2,11,KIA CEED,9,E01008159,0,-1
2023010445593,2023,010445593,2,9,0,18,19,3,7,0,0,4,0,0,0,0,2,1,6,6,1,59,9,1591,1,14,KIA CEED,6,E01001984,0,-1
2023401278234,2023,401278234,2,9,0,18,19,5,1,0,0,0,0,0,0,0,1,1,5,6,1,24,5,1591,1,15,KIA CEED,2,E01015733,0,-1
2023010471233,2023,010471233,1,9,0,5,5,0,7,0,0,8,0,0,0,0,1,1,6,6,2,55,8,1396,1,8,KIA CEED,1,E01003487,0,-1
2023070548369,2023,070548369,1,9,0,18,19,5,1,0,0,4,0,0,0,0,1,1,6,6,2,57,9,998,1,5,KIA CEED,10,E01018603,0,-1
2023122300939,2023,122300939,1,9,0,9,9,1,7,0,0,8,1,0,0,0,1,1,6,6,2,51,8,1598,2,4,KIA CEED,9,E01010953,0,-1
2023351315788,2023,351315788,1,9,0,6,6,7,3,0,0,0,0,0,0,0,3,1,5,6,1,17,4,1591,1,10,KIA CEED,9,E01018278,0,-1
2023141312125,2023,141312125,2,9,0,2,2,0,0,0,0,0,0,0,0,0,3,1,6,6,3,-1,-1,1582,2,13,KIA CEED,-1,-1,0,-1
2023052300913,2023,052300913,1,9,0,18,19,3,5,0,0,2,0,0,0,0,1,1,6,6,2,40,7,1582,2,7,KIA CEED,5,E01006593,0,-1
2023231306459,2023,231306459,1,9,0,18,19,4,8,0,0,0,0,0,0,0,4,1,5,6,2,38,7,1582,2,8,KIA CEED,-1,-1,0,-1
2023440292806,2023,440292806,2,9,0,18,19,7,3,0,0,2,0,0,0,0,0,1,6,6,3,-1,-1,1582,2,10,KIA CEED,-1,-1,0,-1
2023311366652,2023,311366652,1,9,0,18,19,1,5,0,0,0,0,0,0,0,1,1,5,6,1,27,6,1582,2,10,KIA CEED,2,E01013891,0,-1
2023311384205,2023,311384205,1,9,0,18,19,2,2,0,0,0,0,0,0,0,1,1,2,2,2,38,7,1582,2,11,KIA CEED,3,E01028020,0,-1
2023461387752,2023,461387752,2,9,0,18,19,5,1,0,0,0,0,0,0,0,0,1,6,6,1,33,6,1591,1,8,KIA CEED,7,E01024727,0,-1
2023041330327,2023,041330327,2,9,0,2,2,0,0,0,0,2,0,4,0,0,2,1,6,6,3,-1,-1,1582,2,12,KIA CEED,-1,-1,0,-1
2023471344731,2023,471344731,3,9,0,8,8,7,1,0,0,0,0,0,0,0,2,1,5,6,2,67,10,1582,2,6,KIA CEED,8,E01021041,0,-1
2023231265312,2023,231265312,1,9,0,9,9,5,3,0,0,5,0,0,0,0,1,1,1,1,2,38,7,1582,2,12,KIA CEED,3,E01031053,0,-1
2023201358325,2023,201358325,1,9,0,4,4,7,3,0,0,8,0,0,0,0,1,1,6,6,1,32,6,1598,2,4,KIA CEED,1,E01009752,0,-1
2023061382334,2023,061382334,2,9,0,18,19,6,2,0,0,1,0,0,3,0,1,1,6,6,1,28,6,1582,2,9,KIA CEED,1,E01005092,0,-1
2023010481738,2023,010481738,1,9,0,18,19,5,1,0,0,7,0,0,0,0,2,1,6,6,2,46,8,998,1,3,KIA CEED,7,E01021857,0,-1
2023440020948,2023,440020948,2,9,0,18,19,4,8,0,0,0,0,0,5,6,3,1,6,6,2,38,7,1353,1,4,KIA CEED,4,E01017104,0,-1
2023622300733,2023,622300733,1,9,0,17,19,4,1,0,0,0,0,0,1,0,1,1,6,6,2,32,6,1582,2,7,KIA CEED,5,W01001360,0,-1
2023041379582,2023,041379582,1,9,0,18,19,1,5,0,0,0,1,0,0,0,1,1,6,6,1,27,6,1582,2,9,KIA CEED,2,E01012580,0,-1
2023302300257,2023,302300257,1,9,0,9,9,8,6,0,0,2,0,0,0,0,1,1,2,2,1,20,4,1582,2,11,KIA CEED,2,W01001768,0,-1
2023320115424,2023,320115424,2,9,0,9,9,5,3,0,0,6,0,0,0,0,1,1,6,6,1,22,5,1582,2,12,KIA CEED,7,E01026199,0,-1
2023421307369,2023,421307369,2,9,0,18,19,3,7,0,0,0,0,0,0,0,2,1,6,6,2,34,6,998,1,4,KIA CEED,5,E01021338,0,-1
2023131330778,2023,131330778,1,9,0,7,7,1,5,0,0,3,0,0,3,0,2,1,6,6,2,29,6,1582,2,11,KIA CEED,1,E01011318,0,-1
2023052302753,2023,052302753,1,9,0,9,9,1,2,0,0,8,0,0,0,0,1,1,6,6,1,47,8,1582,2,11,KIA CEED,1,E01006599,0,-1
2023161263129,2023,161263129,2,9,0,18,19,2,6,0,0,8,0,0,0,0,4,1,6,6,2,30,6,1591,1,15,KIA CEED,2,E01013206,0,-1
2023401380476,2023,401380476,2,9,0,2,2,0,0,0,0,0,0,0,0,0,1,1,6,6,3,-1,-1,1582,2,10,KIA CEED,-1,-1,0,-1
2023061296722,2023,061296722,1,9,0,18,19,1,5,0,0,1,0,0,0,0,1,1,6,6,1,30,6,1582,2,15,KIA CEED,4,E01004943,0,-1
2023440497286,2023,440497286,1,9,0,18,19,1,5,0,0,1,0,0,0,0,1,1,6,6,2,46,8,1582,2,9,KIA CEED,-1,-1,0,-1
2023552301389,2023,552301389,1,9,0,9,9,4,2,0,0,6,0,0,0,0,1,1,2,2,2,25,5,1582,2,13,KIA CEED,10,E01020560,0,-1
2023340WN6372,2023,340WN6372,1,9,0,6,6,7,5,0,0,0,0,0,0,0,1,1,3,7,1,48,8,1582,2,12,KIA CEED,1,E01027244,0,-1
2023101367936,2023,101367936,1,9,0,18,19,6,2,0,0,0,0,0,0,0,1,1,6,6,2,39,7,1598,8,2,KIA CEED,5,E01008496,0,-1
2023041350917,2023,041350917,1,9,0,18,19,3,7,0,0,0,0,4,0,0,1,1,5,6,1,27,6,1598,2,4,KIA CEED,9,E01025512,0,-1
2023101278513,2023,101278513,2,8,0,12,12,3,7,0,0,0,0,0,0,0,2,1,1,1,1,62,9,1598,12,1,-1,10,E01008272,0,-1
2023610013423,2023,610013423,2,9,0,18,19,7,2,0,0,0,0,0,0,0,0,1,2,2,1,25,5,1582,2,13,KIA CEED,6,W01001865,0,-1
2023010430366,2023,010430366,2,9,0,99,99,9,9,99,99,9,9,99,9,99,9,9,6,6,3,-1,-1,1396,1,11,KIA CEED,-1,-1,0,-1
2023041381098,2023,041381098,1,9,0,9,9,7,5,0,0,8,0,0,0,0,4,1,5,6,1,34,6,1482,1,1,KIA CEED,-1,-1,0,-1
2023201454263,2023,201454263,1,9,0,9,9,5,2,0,0,6,0,0,0,0,0,1,2,2,2,59,9,1582,2,7,KIA CEED,3,E01009077,0,-1
2023101365438,2023,101365438,1,9,0,3,3,8,4,0,0,0,0,0,0,0,1,1,6,6,2,32,6,1591,1,9,KIA CEED,5,E01020706,0,-1
2023201412617,2023,201412617,1,9,0,5,5,4,8,0,0,6,0,0,0,0,4,1,6,6,2,38,7,1582,2,10,KIA CEED,3,E01010218,0,-1
2023991351641,2023,991351641,3,9,0,3,3,3,8,0,0,1,0,0,0,0,2,1,5,6,1,29,6,1582,2,7,KIA CEED,7,-1,0,-1
2023471272299,2023,471272299,2,9,0,18,19,4,8,0,0,8,0,0,0,0,1,1,2,2,1,60,9,1582,2,11,KIA CEED,6,E01020950,0,-1
2023471264923,2023,471264923,1,9,0,13,13,1,5,0,0,0,0,0,0,0,1,1,5,6,2,59,9,1582,2,12,KIA CEED,10,E01021159,0,-1
2023332300152,2023,332300152,2,9,0,17,19,5,1,0,0,0,0,0,0,0,4,1,2,2,1,36,7,1482,1,1,KIA CEED,10,E01025648,0,-1
2023101375990,2023,101375990,1,9,0,18,19,5,1,0,0,8,0,0,0,0,1,1,6,6,1,50,8,998,1,2,KIA CEED,3,E01008503,0,-1
2023201284924,2023,201284924,1,9,0,5,5,3,7,9,9,0,0,0,0,0,1,1,6,6,1,25,5,1482,1,1,KIA CEED,10,E01029678,0,-1
2023371323255,2023,371323255,1,9,0,5,5,1,5,0,0,8,0,0,0,0,2,1,2,2,1,41,7,1582,2,10,KIA CEED,9,E01029893,0,-1
2023141388861,2023,141388861,2,9,0,18,19,1,5,0,0,8,0,0,0,0,1,1,2,2,1,50,8,1598,12,0,KIA CEED,2,E01007517,0,-1
2023041391621,2023,041391621,2,9,0,18,19,7,3,0,0,0,0,0,0,0,1,1,2,2,1,52,8,1582,2,9,KIA CEED,7,E01025561,0,-1
2023361379640,2023,361379640,1,9,0,9,9,1,3,0,0,5,0,0,0,0,0,1,6,6,1,54,8,1582,2,8,KIA CEED,5,E01026730,0,-1
2023041350294,2023,041350294,1,9,0,18,19,8,7,0,0,1,0,0,0,0,1,1,6,6,1,33,6,1591,1,14,KIA CEED,-1,-1,0,-1
2023501315995,2023,501315995,1,9,0,17,19,3,6,0,0,0,2,0,8,10,1,1,5,6,1,64,9,1396,1,14,KIA CEED,10,E01019943,0,-1
2023622300433,2023,622300433,1,9,0,5,5,4,8,0,0,0,0,0,0,0,1,1,6,6,2,20,4,1396,1,11,KIA CEED,4,W01001800,0,-1
2023041335463,2023,041335463,1,9,0,18,19,5,1,0,0,1,0,0,0,0,4,1,5,6,1,61,9,1582,2,5,KIA CEED,5,E01025100,0,-1
2023101279391,2023,101279391,2,9,0,18,19,3,7,0,0,0,0,0,0,0,3,1,5,6,2,57,9,1353,1,5,KIA CEED,4,E01008502,0,-1
2023170S22333,2023,170S22333,2,9,0,3,3,4,8,0,0,1,0,0,0,0,2,1,2,2,2,39,7,1396,2,10,KIA CEED,3,E01012278,0,-1
2023991294361,2023,991294361,2,9,0,3,3,4,7,0,0,1,0,0,0,0,2,1,1,1,1,25,5,1582,2,9,KIA CEED,9,-1,0,-1
2023991265654,2023,991265654,3,9,0,18,19,1,5,0,0,0,0,0,1,4,1,1,6,6,1,36,7,1582,2,12,KIA CEED,5,-1,0,-1
2023041314631,2023,041314631,1,9,0,6,6,1,5,0,0,8,0,0,5,6,4,1,5,6,1,86,11,1582,2,8,KIA CEED,2,E01010583,0,-1
2023401367728,2023,401367728,2,9,-1,18,19,-1,-1,0,0,1,0,0,0,0,3,1,5,6,1,29,6,1582,2,9,KIA CEED,10,E01017483,0,-1
2023070691759,2023,070691759,2,9,0,18,19,4,8,0,0,0,0,0,0,0,3,1,6,6,2,48,8,1598,2,4,KIA CEED,10,E01018431,0,-1
2023031381659,2023,031381659,1,9,0,9,9,5,3,0,0,5,1,11,0,0,2,1,5,6,1,30,6,1582,2,12,KIA CEED,1,E01019174,0,-1
202360A055288,2023,60A055288,2,9,0,18,19,3,7,0,0,1,0,0,0,0,4,1,6,6,1,51,8,1582,2,6,KIA CEED,-1,-1,0,-1
2023622300173,2023,622300173,1,9,0,9,9,4,2,0,0,8,0,0,0,0,1,1,6,6,1,22,5,1591,1,13,KIA CEED,6,W01000857,0,-1
2023501337205,2023,501337205,2,9,0,16,19,2,6,0,0,0,1,0,5,6,1,1,2,2,1,75,10,1396,1,9,KIA CEED,4,E01015268,0,-1
2023101298154,2023,101298154,1,9,0,18,19,1,5,1,1,1,0,0,0,0,3,1,1,1,2,34,6,1582,2,5,KIA CEED,6,E01020619,0,-1
202360A095426,2023,60A095426,2,9,0,3,3,4,8,0,0,1,0,0,0,0,2,1,6,6,1,22,5,1353,1,3,KIA CEED,-1,-1,0,-1
2023501328723,2023,501328723,1,9,0,5,5,3,7,0,0,0,0,0,0,0,3,1,5,6,1,53,8,1396,1,16,KIA CEED,8,E01020281,0,-1
2023520400477,2023,520400477,1,9,0,2,2,0,0,0,0,0,0,0,0,0,9,1,6,6,3,-1,-1,1582,2,16,KIA CEED,-1,-1,0,-1
2023471384905,2023,471384905,1,9,0,18,19,2,6,0,0,0,0,0,0,0,1,1,6,6,1,54,8,1582,2,16,KIA CEED,5,E01031574,0,-1
2023430308793,2023,430308793,2,9,0,18,19,4,8,0,0,4,0,0,0,0,3,1,6,6,3,-1,-1,1582,2,9,KIA CEED,-1,-1,0,-1
2023351377664,2023,351377664,1,9,0,18,19,7,3,0,0,2,0,0,3,0,1,1,5,6,1,62,9,1582,2,13,KIA CEED,1,E01033112,0,-1
2023332300098,2023,332300098,1,9,0,9,9,7,5,0,0,5,0,0,1,0,4,1,6,6,1,22,5,1591,1,15,KIA CEED,8,E01013650,0,-1
2023131301188,2023,131301188,1,9,0,9,9,7,5,0,0,7,0,0,0,0,3,1,2,2,2,49,8,998,1,4,KIA CEED,1,E01011483,0,-1
2023461387344,2023,461387344,1,9,0,18,19,3,7,0,0,8,0,0,0,0,1,1,6,6,1,39,7,1991,2,15,KIA CEED,7,E01024003,0,-1
2023351300965,2023,351300965,1,9,-1,-1,-1,-1,-1,-1,-1,-1,-1,-1,-1,0,-1,1,5,6,2,34,6,1582,2,14,KIA CEED,4,E01015621,0,-1
2023201356334,2023,201356334,2,9,0,1,1,3,7,0,0,0,0,0,0,0,1,1,6,6,1,38,7,1582,2,6,KIA CEED,3,E01010094,0,-1
2023622300973,2023,622300973,3,9,0,9,9,4,2,0,0,5,0,0,0,0,2,1,3,7,2,43,7,1582,2,12,KIA CEED,7,W01001109,0,-1
2023131377333,2023,131377333,4,9,0,18,19,5,1,0,0,1,0,0,0,0,1,1,6,6,1,49,8,1582,2,9,KIA CEED,6,E01011651,0,-1
2023311329651,2023,311329651,1,9,0,3,3,7,5,0,0,1,0,0,0,0,4,1,1,1,2,25,5,1591,1,16,KIA CEED,2,E01028233,0,-1
2023430377638,2023,430377638,2,9,0,18,19,4,8,0,0,8,0,0,0,0,3,1,6,6,1,45,7,1582,2,6,KIA CEED,5,E01016754,0,-1
2023631338704,2023,631338704,2,9,0,17,19,1,6,0,0,0,0,0,1,10,1,1,5,6,1,35,6,1582,2,15,KIA CEED,8,W01001860,0,-1
2023552301323,2023,552301323,2,9,0,7,7,8,2,0,0,6,0,0,0,0,4,1,2,2,2,27,6,1582,2,16,KIA CEED,3,E01015439,0,-1
2023010442687,2023,010442687,4,9,0,2,2,0,0,0,0,0,0,0,0,0,2,1,6,6,3,-1,-1,1582,2,15,KIA CEED,-1,-1,0,-1
2023131285921,2023,131285921,1,9,0,18,19,3,7,0,0,0,0,0,1,11,1,1,5,6,1,18,4,998,1,1,KIA CEED,8,E01011769,0,-1
2023610048723,2023,610048723,2,9,0,2,2,0,0,0,0,0,0,0,0,0,1,1,6,6,2,26,6,1582,2,15,KIA CEED,3,W01001331,0,-1
2023231347104,2023,231347104,1,9,0,13,13,8,4,0,0,0,0,0,0,0,1,1,6,6,1,22,5,1582,2,8,KIA CEED,10,E01031101,0,-1
2023141289755,2023,141289755,3,9,0,2,2,5,2,0,0,1,0,0,0,0,2,1,5,6,2,46,8,1582,2,7,KIA CEED,1,E01008007,0,-1
2023991263929,2023,991263929,1,9,0,7,7,7,2,0,0,6,0,0,7,1,1,1,5,6,1,70,10,1598,2,3,KIA CEED,4,-1,0,-1
2023010437150,2023,010437150,2,9,0,99,99,9,9,99,99,9,9,99,9,99,9,9,6,6,3,-1,-1,998,1,3,KIA CEED,-1,-1,0,-1
2023041282490,2023,041282490,2,9,0,18,19,1,5,0,0,0,0,0,0,0,1,1,5,6,1,33,6,1582,2,13,KIA CEED,3,E01012617,0,-1
2023131286994,2023,131286994,8,9,0,18,19,5,1,0,0,0,0,0,0,0,1,1,1,1,1,32,6,1582,2,5,KIA CEED,2,E01011256,0,-1
2023501284172,2023,501284172,2,9,0,18,19,1,5,0,0,2,0,0,0,0,3,1,5,6,2,60,9,1582,2,10,KIA CEED,7,E01019988,0,-1
2023501297016,2023,501297016,2,9,0,18,19,8,4,0,0,0,0,0,2,0,1,1,5,6,2,64,9,1591,1,8,KIA CEED,6,E01020142,0,-1
2023101298270,2023,101298270,2,9,0,4,4,4,4,0,0,1,0,4,0,0,2,1,5,6,1,34,6,1591,1,9,KIA CEED,1,E01008645,0,-1
2023122301305,2023,122301305,1,9,0,6,6,3,3,0,0,0,0,0,0,0,3,1,6,6,1,71,10,1582,2,6,KIA CEED,7,E01025180,0,-1
2023201403214,2023,201403214,1,9,0,18,19,7,3,0,0,8,0,0,0,0,4,1,6,6,1,24,5,1591,1,14,KIA CEED,1,E01009359,0,-1
2023421275445,2023,421275445,2,9,0,18,19,3,7,0,0,0,0,0,0,0,2,1,2,2,1,61,9,1396,1,8,KIA CEED,2,E01021711,0,-1
2023010431239,2023,010431239,1,9,9,8,8,1,4,99,99,9,9,99,9,99,1,9,6,6,1,45,7,1591,1,16,KIA CEED,1,E01024148,0,-1
2023371313981,2023,371313981,2,9,0,10,10,3,7,0,0,1,0,11,0,0,2,1,5,6,1,54,8,1396,2,8,KIA CEED,5,E01030222,0,-1
2023461291436,2023,461291436,3,9,0,3,3,1,5,0,0,0,0,0,0,0,2,1,2,2,2,43,7,998,1,1,KIA CEED,4,E01024541,0,-1
2023451340835,2023,451340835,2,9,0,9,9,3,7,0,0,1,0,0,0,0,1,1,5,6,1,45,7,1396,1,16,KIA CEED,8,E01030701,0,-1
2023211436667,2023,211436667,2,9,0,11,11,7,3,0,0,0,0,0,0,0,4,1,2,2,1,36,7,998,1,4,KIA CEED,-1,-1,0,-1
2023141334520,2023,141334520,1,9,0,10,10,4,1,0,0,0,0,0,0,0,1,1,6,6,1,45,7,1353,1,4,KIA CEED,1,E01008096,0,-1
2023161377756,2023,161377756,1,9,0,18,19,1,5,0,0,2,0,0,0,0,1,1,2,2,2,54,8,1582,2,7,KIA CEED,-1,-1,0,-1
2023041307640,2023,041307640,3,9,0,18,19,3,7,0,0,0,0,0,0,0,0,1,5,6,2,72,10,1591,1,15,KIA CEED,7,E01025448,0,-1
202360A117291,2023,60A117291,2,9,0,9,9,2,8,0,0,6,0,0,0,0,3,1,2,2,2,47,8,1396,2,8,KIA CEED,-1,-1,0,-1
2023031318292,2023,031318292,1,9,0,18,19,1,5,0,0,0,5,0,0,0,3,1,5,6,2,78,11,1591,1,9,KIA CEED,8,E01019372,0,-1
2023311354995,2023,311354995,2,9,0,3,3,4,7,8,6,0,0,0,0,0,4,1,5,6,1,36,7,1582,2,10,KIA CEED,-1,-1,0,-1
202354C295823,2023,54C295823,3,9,0,9,9,1,5,0,0,4,0,0,0,0,2,1,6,6,2,73,10,1591,1,5,KIA CEED,3,E01015488,0,-1
2023131361825,2023,131361825,1,9,0,17,19,7,3,0,0,0,2,0,0,0,3,1,5,6,1,19,4,1591,1,9,KIA CEED,7,E01011581,0,-1
2023440230653,2023,440230653,3,9,0,2,2,0,0,0,0,2,0,0,0,0,4,1,6,6,1,36,7,1396,2,9,KIA CEED,-1,-1,0,-1
2023302301994,2023,302301994,2,8,0,18,19,5,1,0,0,1,0,0,0,0,1,1,1,1,1,48,8,1582,2,6,-1,10,E01029454,0,-1
2023471371750,2023,471371750,1,9,0,18,19,3,7,0,0,1,0,0,0,0,1,1,6,6,2,62,9,1582,2,11,KIA CEED,8,E01031815,0,-1
2023201285209,2023,201285209,1,9,0,18,19,5,1,0,0,8,0,0,0,0,0,1,1,1,1,57,9,1582,2,10,KIA CEED,3,W01001449,0,-1
2023122300493,2023,122300493,1,9,0,18,19,1,5,0,0,2,1,0,2,7,1,1,6,6,1,18,4,1582,2,6,KIA CEED,6,E01010970,0,-1
2023540229923,2023,540229923,1,9,0,4,4,2,6,0,0,0,0,0,0,0,0,1,6,6,1,39,7,1582,2,10,KIA CEED,4,E01015492,0,-1
2023320532989,2023,320532989,1,9,0,18,19,1,5,0,0,0,0,0,7,6,3,2,6,6,1,52,8,1582,2,15,KIA CEED,8,E01026291,0,-1
2023332300011,2023,332300011,2,9,0,18,19,1,5,0,0,8,0,0,0,0,1,1,6,6,1,27,6,1582,2,9,KIA CEED,5,E01013689,0,-1
2023471370395,2023,471370395,2,9,0,7,7,4,6,0,0,6,0,0,0,0,0,1,6,6,2,19,4,1582,2,7,KIA CEED,1,E01016868,0,-1
2023041355398,2023,041355398,3,9,0,18,19,1,5,0,0,2,0,0,0,0,2,1,5,6,1,69,10,1591,1,14,KIA CEED,10,E01025466,0,-1
2023031382119,2023,031382119,1,9,0,18,19,3,7,0,0,0,1,0,7,10,1,1,5,6,1,25,5,1582,2,9,KIA CEED,-1,-1,0,-1
2023320267661,2023,320267661,2,9,0,13,13,4,8,0,0,1,0,0,0,0,4,1,6,6,1,31,6,1396,2,9,KIA CEED,3,E01026317,0,-1
2023302301484,2023,302301484,1,9,0,1,1,1,5,0,0,8,0,0,0,0,2,1,6,6,3,-1,-1,1582,2,13,KIA CEED,5,E01019456,0,-1
2023161380849,2023,161380849,1,9,0,7,7,4,8,0,0,1,0,0,0,0,3,1,2,2,2,46,8,1582,2,10,KIA CEED,2,E01013281,0,-1
2023440128575,2023,440128575,1,9,0,6,6,3,3,0,0,0,0,0,0,0,4,1,1,1,1,28,6,1582,2,11,KIA CEED,4,E01030432,0,-1
2023201325709,2023,201325709,1,9,0,4,4,4,8,0,0,1,0,0,0,0,3,1,2,2,2,56,9,1582,2,13,KIA CEED,2,E01009751,0,-1
2023302301666,2023,302301666,1,9,0,18,19,4,8,0,0,0,0,10,1,7,1,1,6,6,1,40,7,1582,2,7,KIA CEED,9,E01019589,0,-1
2023430214118,2023,430214118,2,9,0,18,19,7,3,0,0,0,0,0,0,0,1,1,6,6,2,26,6,1396,1,9,KIA CEED,2,E01016839,0,-1
2023531365110,2023,531365110,2,9,0,3,3,1,5,0,0,0,0,0,0,0,2,1,2,2,1,61,9,1582,2,11,KIA CEED,7,E01032699,0,-1
2023622300571,2023,622300571,1,9,0,5,5,6,2,0,0,0,0,0,0,0,1,1,6,6,2,41,7,1353,1,4,KIA CEED,10,E01009428,0,-1
2023061291583,2023,061291583,1,9,-1,18,19,1,2,0,0,1,0,0,0,0,-1,1,6,6,3,-1,-1,1582,2,15,KIA CEED,-1,-1,0,-1
2023122400006,2023,122400006,2,9,0,18,19,1,5,0,0,8,0,0,0,0,3,1,6,6,2,32,6,1582,2,8,KIA CEED,10,E01027675,0,-1
2023351301596,2023,351301596,2,9,0,3,3,2,6,0,0,0,0,0,0,0,2,1,6,6,2,37,7,1582,2,9,KIA CEED,4,E01018095,0,-1
2023010456340,2023,010456340,1,9,0,99,99,9,9,99,99,9,9,99,9,99,9,9,6,6,3,-1,-1,998,1,5,KIA CEED,-1,-1,0,-1
2023131390761,2023,131390761,2,9,0,18,19,7,3,0,0,8,0,0,1,11,1,1,5,6,2,62,9,1582,2,6,KIA CEED,1,E01010814,0,-1
2023041286755,2023,041286755,1,9,0,18,19,3,7,0,0,0,5,0,1,0,0,1,6,6,2,35,6,1582,2,7,KIA CEED,-1,-1,0,-1
2023461394969,2023,461394969,2,9,0,18,19,3,7,0,0,5,0,0,0,0,1,1,5,6,2,57,9,1582,2,10,KIA CEED,7,E01016170,0,-1
2023520300715,2023,520300715,2,9,0,18,19,7,3,0,0,8,0,0,0,0,1,1,6,6,2,-1,-1,1582,2,10,KIA CEED,4,E01029090,0,-1
2023211334751,2023,211334751,1,9,0,5,5,4,8,0,0,0,0,0,0,0,0,1,5,6,1,24,5,1598,2,4,KIA CEED,7,E01029735,0,-1
202354D627523,2023,54D627523,2,9,0,2,2,0,0,0,0,0,0,0,0,0,4,1,6,6,3,-1,-1,1582,2,12,KIA CEED,-1,-1,0,-1
2023991293747,2023,991293747,3,9,0,2,2,4,4,0,0,0,0,0,0,0,2,1,6,6,3,-1,-1,1582,2,10,KIA CEED,-1,-1,0,-1
2023991355834,2023,991355834,2,9,0,18,19,2,6,0,0,0,0,0,0,0,1,1,5,6,2,30,6,1353,1,4,KIA CEED,3,-1,0,-1
2023052300021,2023,052300021,1,9,0,5,5,4,8,0,0,8,0,0,0,0,1,1,6,6,1,33,6,1598,2,3,KIA CEED,1,E01006765,0,-1
2023471275469,2023,471275469,1,9,0,7,7,7,1,0,0,6,0,0,0,0,1,1,6,6,2,27,6,998,1,4,KIA CEED,1,E01016915,0,-1
2023070483346,2023,070483346,1,9,0,5,5,3,7,0,0,6,0,0,0,0,1,1,1,1,2,40,7,1582,2,13,KIA CEED,7,E01018488,0,-1
2023631313509,2023,631313509,1,9,0,12,12,2,6,0,0,0,0,0,0,0,1,1,6,6,2,51,8,1582,2,13,KIA CEED,7,W01000597,0,-1
2023010436276,2023,010436276,3,9,0,2,2,0,0,0,0,2,0,0,0,0,1,1,6,6,3,-1,-1,1591,1,16,KIA CEED,-1,-1,0,-1
2023052302321,2023,052302321,1,8,0,18,19,5,1,0,0,8,0,0,0,0,1,1,1,1,1,37,7,1582,2,9,-1,1,E01006552,0,-1
2023401305829,2023,401305829,1,9,0,18,19,5,1,0,0,1,0,0,0,0,1,1,5,6,1,29,6,1582,2,10,KIA CEED,7,E01017431,0,-1
2023631345530,2023,631345530,3,9,0,18,19,8,4,0,0,0,0,0,0,0,0,1,6,6,2,30,6,1591,1,8,KIA CEED,4,W01000681,0,-1
2023010422339,2023,010422339,2,9,0,99,99,9,9,99,99,0,9,99,9,99,1,9,6,6,1,35,6,1582,2,8,KIA CEED,3,E01001177,0,-1
2023141380089,2023,141380089,2,9,0,10,10,8,6,0,0,1,0,0,0,0,1,1,6,6,1,55,8,1582,2,14,KIA CEED,-1,-1,0,-1
2023471271125,2023,471271125,2,9,0,18,19,2,7,0,0,1,0,0,0,0,1,1,5,6,2,27,6,1582,2,11,KIA CEED,8,E01031382,0,-1
2023131331921,2023,131331921,1,9,0,18,19,7,3,0,0,0,0,0,0,0,2,1,1,1,1,28,6,1482,1,1,KIA CEED,3,E01013385,0,-1
2023010448586,2023,010448586,1,9,0,99,99,9,9,99,99,9,9,99,9,99,4,9,6,6,1,66,10,998,1,7,KIA CEED,10,E01000815,0,-1
