202517M102225,2025,17M102225,449804,519612,-1.23119,54.56929,17,3,1,1,15/02/2025,7,19:15,-1,E06000002,E06000002,E06000002,6,0,6,30,-1,16,4,6,0,-1,-1,0,4,1,1,-1,-1,0,1,1,2,E01012092,3,1,0,1
202417S111924,2024,17S111924,444670,520502,-1.31046,54.57776,17,2,1,1,22/10/2024,3,14:48,-1,E06000004,E06000004,E06000004,3,139,6,30,-1,0,-1,-1,-1,-1,-1,0,1,1,1,-1,-1,0,1,1,2,E01012194,7,1,1,0
2025111687011,2025,111687011,427772,515144,-1.57237,54.53082,11,3,2,1,19/12/2025,6,06:40,-1,E06000005,E06000005,E06000005,6,0,6,30,-1,13,4,3,68,-1,-1,0,4,2,2,-1,-1,0,1,3,2,E01035185,3,1,0,1
2025070326701,2025,070326701,351585,382993,-2.72862,53.34161,7,1,1,1,22/04/2025,3,20:03,-1,E06000006,E06000006,E06000006,4,5155,6,30,-1,0,-1,0,-1,-1,-1,0,1,1,1,-1,-1,0,1,1,2,E01012430,1,1,0,0
2025070353559,2025,070353559,351101,382954,-2.73589,53.34121,7,3,2,1,28/04/2025,2,17:40,-1,E06000006,E06000006,E06000006,4,5155,6,30,-1,16,4,4,5155,-1,-1,13,1,1,1,-1,-1,0,1,2,2,E01012431,3,1,0,1
2025070516824,2025,070516824,361983,389761,-2.57328,53.40329,7,3,2,1,24/06/2025,3,09:18,-1,E06000007,E06000007,E06000007,3,574,3,40,-1,13,3,3,50,-1,-1,0,1,2,1,-1,-1,0,1,3,2,E01012524,3,1,0,1
2025070962415,2025,070962415,361512,386901,-2.58001,53.37755,7,2,1,1,24/11/2025,2,16:40,-1,E06000007,E06000007,E06000007,6,0,6,30,-1,0,-1,0,-1,-1,-1,0,7,2,2,-1,-1,0,1,1,2,E01012510,7,1,1,0
2025071027741,2025,071027741,362451,390421,-2.56632,53.40926,7,3,1,1,15/12/2025,2,17:00,-1,E06000007,E06000007,E06000007,6,0,6,30,-1,13,4,5,0,-1,-1,0,7,2,2,-1,-1,0,1,3,2,E01012546,3,1,0,1
2024041412028,2024,041412028,369385,427453,-2.46566,53.74255,4,3,1,1,16/02/2024,6,17:25,-1,E06000008,E06000008,E06000008,6,0,6,30,-1,16,4,6,0,-1,-1,14,1,1,2,-1,-1,0,1,2,2,E01012630,3,1,0,1
2024041446374,2024,041446374,367151,427575,-2.49954,53.74351,4,3,2,2,21/05/2024,3,20:33,-1,E06000008,E06000008,E06000008,6,0,6,30,-1,16,4,6,0,-1,-1,0,4,1,1,-1,-1,0,1,1,2,E01012655,3,1,0,1
2024041405411,2024,041405411,332463,439026,-3.02793,53.84307,4,2,1,1,12/01/2024,6,15:43,-1,E06000009,E06000009,E06000009,6,0,6,30,-1,0,-1,6,0,-1,-1,15,1,1,1,-1,-1,0,1,2,2,E01012692,7,1,1,0
2025041563961,2025,041563961,333177,434665,-3.01613,53.80397,4,3,1,1,12/03/2025,4,08:35,-1,E06000009,E06000009,E06000009,3,583,3,30,-1,19,4,6,0,-1,-1,12,1,1,1,-1,-1,0,1,1,2,E01012714,3,1,0,1
2024161419779,2024,161419779,511877,433586,-0.30338,53.78658,16,3,1,1,12/03/2024,3,08:20,-1,E06000010,E06000010,E06000010,6,0,6,30,-1,19,4,6,0,-1,-1,0,1,2,2,-1,-1,0,1,1,2,E01012908,3,1,0,1
2024161427824,2024,161427824,507298,427031,-0.37512,53.72865,16,3,2,1,25/03/2024,2,16:30,-1,E06000010,E06000010,E06000010,3,63,7,70,-1,-1,4,3,1166,-1,-1,0,1,1,1,-1,-1,0,1,2,1,E01012889,3,1,0,1
2024161463926,2024,161463926,507730,428685,-0.368,53.74342,16,3,2,1,02/07/2024,3,15:30,-1,E06000010,E06000010,E06000010,6,0,6,30,-1,0,-1,6,0,-1,-1,0,1,2,2,-1,-1,0,1,2,2,E01012893,3,1,0,1
2024161467292,2024,161467292,512098,430765,-0.30105,53.76119,16,2,2,1,13/07/2024,7,12:50,-1,E06000010,E06000010,E06000010,3,165,3,30,-1,19,4,6,0,-1,-1,15,1,1,2,-1,-1,0,1,1,2,E01012902,7,1,1,0
2024161473357,2024,161473357,510562,431990,-0.3239,53.77252,16,3,2,1,17/07/2024,4,07:35,-1,E06000010,E06000010,E06000010,4,1237,6,30,-1,13,4,6,0,-1,-1,0,1,1,1,-1,-1,0,1,1,2,E01012817,3,1,0,1
2024161485601,2024,161485601,508297,429043,-0.35928,53.74652,16,3,1,1,30/08/2024,6,23:40,-1,E06000010,E06000010,E06000010,6,0,6,30,-1,19,4,6,0,-1,-1,15,4,1,1,-1,-1,13,1,1,2,E01012852,3,1,0,1
2024161516820,2024,161516820,506567,431939,-0.3845,53.7729,16,2,2,1,12/11/2024,3,11:08,-1,E06000010,E06000010,E06000010,6,0,6,20,-1,0,-1,6,0,-1,-1,0,1,1,2,-1,-1,0,1,1,2,E01012913,7,1,1,0
2024161519144,2024,161519144,507034,433323,-0.37694,53.78523,16,3,2,1,18/11/2024,2,08:20,-1,E06000010,E06000010,E06000010,6,0,6,30,-1,13,4,6,0,-1,-1,0,1,9,2,-1,-1,0,1,2,2,E01012878,3,1,0,1
2025161570849,2025,161570849,508714,434677,-0.35098,53.79705,16,2,2,2,28/03/2025,6,18:00,-1,E06000010,E06000010,E06000010,6,0,6,30,-1,19,4,6,0,-1,-1,0,1,1,1,-1,-1,0,1,1,2,E01033107,7,1,1,0
2025161584907,2025,161584907,505932,429353,-0.39502,53.74979,16,3,2,1,01/05/2025,5,07:30,-1,E06000010,E06000010,E06000010,6,0,6,30,-1,19,4,6,0,-1,-1,13,1,1,1,-1,-1,0,1,3,2,E01012776,3,1,0,1
2025161585905,2025,161585905,510241,433870,-0.32809,53.78948,16,3,2,1,01/05/2025,5,16:30,-1,E06000010,E06000010,E06000010,6,0,1,30,-1,-1,4,6,0,-1,-1,0,1,1,1,-1,-1,0,2,3,2,E01012788,3,1,0,1
2025161593350,2025,161593350,508849,434250,-0.34908,53.79319,16,3,2,1,16/05/2025,6,18:00,-1,E06000010,E06000010,E06000010,3,1033,1,30,-1,-1,4,6,0,-1,-1,0,1,1,1,-1,-1,0,1,1,2,E01033107,3,1,0,1
2024161399141,2024,161399141,502590,432198,-0.44474,53.77602,16,3,2,1,16/01/2024,3,14:51,-1,E06000011,E06000011,E06000011,6,0,6,30,-1,17,4,6,0,-1,-1,0,1,1,2,-1,-1,0,1,1,2,E01012954,3,1,0,1
2024161401377,2024,161401377,507599,434402,-0.36799,53.79481,16,3,2,1,17/01/2024,4,17:35,-1,E06000011,E06000011,E06000011,3,1079,3,40,-1,-1,4,3,1079,-1,-1,0,4,8,2,-1,-1,0,2,1,2,E01012953,3,1,0,1
2024161422466,2024,161422466,474449,424306,-0.87355,53.70988,16,3,2,1,19/03/2024,3,08:00,-1,E06000011,E06000011,E06000011,6,0,6,30,-1,0,-1,6,0,-1,-1,0,1,8,1,-1,-1,0,1,2,2,E01012997,3,1,0,1
2024161434577,2024,161434577,502871,426869,-0.44225,53.72808,16,3,2,1,22/04/2024,2,19:10,-1,E06000011,E06000011,E06000011,6,0,6,30,-1,16,3,6,0,-1,-1,0,1,2,2,-1,-1,0,1,1,2,E01013007,3,1,0,1
2024161442959,2024,161442959,513492,454326,-0.2712,53.97255,16,3,2,1,14/05/2024,3,17:30,-1,E06000011,E06000011,E06000011,4,1249,6,30,-1,0,-1,-1,-1,-1,-1,0,1,1,2,-1,-1,0,2,1,2,E01012986,3,1,0,1
2024161459690,2024,161459690,503178,428239,-0.43714,53.74033,16,3,2,1,24/06/2024,2,16:50,-1,E06000011,E06000011,E06000011,4,1232,6,30,-1,13,4,6,0,-1,-1,17,1,1,1,-1,-1,0,2,2,2,E01013108,3,1,0,1
2025161600463,2025,161600463,502429,426858,-0.44895,53.72807,16,3,2,1,27/05/2025,3,14:15,-1,E06000011,E06000011,E06000011,3,1105,3,40,-1,13,4,6,0,-1,-1,0,1,1,1,-1,-1,0,1,1,2,E01013012,3,1,0,1
2025161537025,2025,161537025,527005,408080,-0.08431,53.55399,16,3,2,3,02/01/2025,5,17:34,-1,E06000012,E06000012,E06000012,6,0,6,30,-1,16,4,3,46,-1,-1,14,4,1,1,-1,-1,0,1,1,2,E01013186,3,1,0,1
2025161673671,2025,161673671,526986,409394,-0.08407,53.5658,16,3,1,1,24/11/2025,2,14:38,-1,E06000012,E06000012,E06000012,6,0,6,30,-1,13,4,6,0,-1,-1,0,1,1,2,-1,-1,0,1,1,2,E01013221,3,1,0,1
2025161636968,2025,161636968,497629,408774,-0.52735,53.5665,16,2,2,1,27/08/2025,4,13:15,-1,E06000013,E06000013,E06000013,4,1208,6,60,-1,16,4,6,0,-1,-1,0,1,2,2,-1,-1,0,2,1,2,E01013274,7,1,1,0
2025302500317,2025,302500317,433144,335333,-1.50856,52.9144,30,3,2,2,06/03/2025,5,20:00,-1,E06000015,E06000015,E06000015,3,5111,3,40,-1,16,2,3,516,-1,-1,0,4,1,1,-1,-1,0,1,1,2,E01013455,3,1,0,1
2025302500664,2025,302500664,433665,337132,-1.50063,52.93054,30,3,2,1,20/03/2025,5,22:19,-1,E06000015,E06000015,E06000015,3,38,3,40,-1,0,-1,0,-1,-1,-1,0,4,1,1,-1,-1,0,1,1,1,E01013468,3,1,0,1
2025302501083,2025,302501083,436796,338764,-1.45387,52.94501,30,3,2,1,11/07/2025,6,18:50,-1,E06000015,E06000015,E06000015,6,0,6,30,-1,13,4,3,608,-1,-1,0,1,1,1,-1,-1,0,2,1,2,E01013530,3,1,0,1
2024332400309,2024,332400309,460445,302515,-1.10865,52.61705,33,3,2,1,05/04/2024,6,07:25,-1,E06000016,E06000016,E06000016,3,6,6,30,-1,0,-1,-1,-1,-1,-1,0,1,2,2,-1,-1,0,1,3,2,E01013711,3,1,0,1
2024332400706,2024,332400706,460830,303325,-1.10282,52.62429,33,3,2,1,03/08/2024,7,22:00,-1,E06000016,E06000016,E06000016,5,0,1,30,-1,-1,4,6,0,-1,-1,0,4,1,1,-1,-1,0,1,1,2,E01013758,3,1,0,1
2024332400852,2024,332400852,460438,308105,-1.10773,52.6673,33,3,2,1,14/09/2024,7,20:34,-1,E06000016,E06000016,E06000016,3,607,3,40,-1,16,2,3,563,-1,-1,15,4,1,1,-1,-1,0,2,1,2,E01013734,3,1,0,1
2024332400899,2024,332400899,461320,306230,-1.09504,52.65035,33,3,2,1,24/09/2024,3,08:11,-1,E06000016,E06000016,E06000016,6,0,6,30,-1,0,-1,-1,-1,-1,-1,0,1,1,2,-1,-1,0,1,3,2,E01013652,3,1,0,1
2025332500739,2025,332500739,459425,307145,-1.12288,52.65878,33,2,2,1,08/08/2025,6,16:00,-1,E06000016,E06000016,E06000016,5,0,6,30,-1,16,2,6,0,-1,-1,15,1,1,1,-1,-1,0,1,1,2,E01013628,7,1,1,0
2024311461292,2024,311461292,457201,343779,-1.14935,52.9883,31,3,2,1,27/06/2024,5,08:47,-1,E06000018,E06000018,E06000018,3,6514,1,30,-1,-1,4,4,2,-1,-1,0,1,9,-1,-1,-1,99,1,2,2,E01013966,3,1,0,1
2025311662587,2025,311662587,454460,337914,-1.19116,52.93587,31,3,2,1,30/10/2025,5,18:17,-1,E06000018,E06000018,E06000018,3,6005,3,40,-1,0,-1,6,0,-1,-1,0,4,1,1,-1,-1,0,1,3,2,E01035508,3,1,0,1
2025311689744,2025,311689744,458110,342568,-1.13603,52.97732,31,3,1,1,13/12/2025,7,17:46,-1,E06000018,E06000018,E06000018,4,684,6,30,-1,13,4,6,0,-1,-1,13,4,9,1,-1,-1,0,1,3,2,E01013937,3,1,0,1
2024221401778,2024,221401778,346523,241805,-2.78162,52.07202,22,3,1,1,12/01/2024,6,06:50,-1,E06000019,E06000019,E06000019,3,438,6,40,-1,0,-1,6,0,-1,-1,0,5,1,1,-1,-1,0,2,1,2,E01014012,3,1,0,1
2024221507071,2024,221507071,356391,218557,-2.6347,51.86388,22,2,3,2,17/10/2024,5,14:40,-1,E06000019,E06000019,E06000019,4,4229,6,60,-1,0,-1,-1,-1,-1,-1,0,1,1,1,-1,-1,0,2,1,2,E01014031,7,1,1,0
2025221629030,2025,221629030,376643,241693,-2.34219,52.0731,22,2,2,1,14/08/2025,5,21:05,-1,E06000019,E06000019,E06000019,4,4232,6,60,-1,0,-1,6,0,-1,-1,0,6,1,1,-1,-1,20,2,1,2,E01014029,5,1,1,0
2025221580525,2025,221580525,370353,305945,-2.43966,52.65042,22,3,1,1,09/04/2025,4,17:40,-1,E06000020,E06000020,E06000020,6,0,6,30,-1,0,-1,0,-1,-1,-1,0,1,1,1,-1,-1,0,1,1,2,E01014108,3,1,0,1
2024211471909,2024,211471909,389167,344668,-2.16286,52.99922,21,3,2,1,27/02/2024,3,17:30,-1,E06000021,E06000021,E06000021,3,5007,6,30,-1,13,4,6,0,-1,-1,0,1,2,2,-1,-1,0,1,1,2,E01014275,3,1,0,1
2025211636171,2025,211636171,391060,342657,-2.1346,52.98118,21,3,1,1,02/09/2025,3,08:01,-1,E06000021,E06000021,E06000021,3,5035,6,30,-1,0,-1,6,0,-1,-1,0,1,1,1,-1,-1,0,1,1,2,E01014306,3,1,0,1
2025520001023,2025,520001023,370756,156971,-2.42095,51.3111,52,3,2,1,04/05/2025,1,17:39,-1,E06000022,E06000022,E06000022,3,367,6,60,-1,0,-1,0,-1,-1,-1,0,1,1,1,-1,-1,0,2,1,2,E01014444,3,1,0,1
2025520002077,2025,520002077,362892,155453,-2.53361,51.29699,52,3,2,1,09/08/2025,7,13:53,-1,E06000022,E06000022,E06000022,3,37,6,30,-1,13,2,3,362,-1,-1,0,1,1,1,-1,-1,0,2,3,2,E01014394,3,1,0,1
2025520000558,2025,520000558,359314,160197,-2.58547,51.3394,52,3,2,1,04/11/2025,3,23:11,-1,E06000022,E06000022,E06000022,6,0,6,60,-1,0,-1,0,-1,-1,-1,0,6,2,2,-1,-1,0,2,3,2,E01014384,3,1,0,1
2025520000782,2025,520000782,373562,164854,-2.38128,51.38211,52,2,2,1,10/12/2025,4,19:54,-1,E06000022,E06000022,E06000022,3,36,6,30,-1,16,2,6,0,-1,-1,0,4,1,1,-1,-1,0,1,1,2,E01035208,6,1,1,0
2025522502154,2025,522502154,357333,169574,-2.61503,51.42356,52,3,2,1,13/08/2025,4,14:06,-1,E06000023,E06000023,E06000023,6,0,6,20,-1,0,-1,0,-1,-1,-1,13,1,1,1,-1,-1,0,1,1,2,E01014519,3,1,0,1
2025522501537,2025,522501537,360289,170868,-2.57267,51.43541,52,2,1,1,12/10/2025,1,12:30,-1,E06000023,E06000023,E06000023,4,3122,6,20,-1,13,4,6,0,-1,-1,0,1,1,1,-1,-1,0,1,1,2,E01014648,7,1,1,0
2025522600752,2025,522600752,358948,174910,-2.59243,51.47166,52,3,2,1,03/12/2025,4,18:40,-1,E06000023,E06000023,E06000023,3,38,6,20,-1,0,-1,0,-1,-1,-1,14,4,1,1,-1,-1,0,1,3,2,E01014671,3,1,0,1
2025522500808,2025,522500808,364255,189942,-2.51756,51.60717,52,3,1,1,26/04/2025,7,00:51,-1,E06000025,E06000025,E06000025,6,0,6,30,-1,0,-1,0,-1,-1,-1,0,4,1,2,-1,-1,0,1,1,2,E01014991,3,1,0,1
2025522501462,2025,522501462,364987,179415,-2.50594,51.51257,52,2,2,1,21/05/2025,4,16:35,-1,E06000025,E06000025,E06000025,6,0,6,30,-1,13,4,6,0,-1,-1,0,1,1,2,-1,-1,0,1,1,2,E01015000,7,1,1,0
2025522600374,2025,522600374,357244,180596,-2.61765,51.52265,52,3,2,1,15/10/2025,4,16:35,-1,E06000025,E06000025,E06000025,3,4018,3,40,-1,16,2,6,0,-1,-1,0,1,1,1,-1,-1,0,1,3,2,E01014861,3,1,0,1
2025522600390,2025,522600390,364691,177274,-2.50999,51.4933,52,3,1,1,28/10/2025,3,18:50,-1,E06000025,E06000025,E06000025,6,0,6,30,-1,0,-1,0,-1,-1,-1,0,4,1,1,-1,-1,0,1,3,2,E01014897,3,1,0,1
2024501393676,2024,501393676,248201,59528,-4.13799,50.41595,50,3,2,1,01/01/2024,2,12:42,-1,E06000026,E06000026,E06000026,6,0,6,30,-1,0,-1,6,0,-1,-1,0,1,2,2,-1,-1,0,1,1,2,E01015023,3,1,0,1
2024501402625,2024,501402625,252161,56151,-4.08096,50.38661,50,3,2,1,25/01/2024,5,13:10,-1,E06000026,E06000026,E06000026,3,38,7,70,-1,0,-1,-1,-1,-1,-1,0,1,1,1,-1,-1,0,2,1,1,E01015113,3,1,0,1
2025501614886,2025,501614886,250017,56969,-4.11142,50.39342,50,3,2,2,11/07/2025,6,17:08,-1,E06000026,E06000026,E06000026,6,0,6,30,-1,0,-1,6,0,-1,-1,0,1,1,1,-1,-1,0,1,1,2,E01015058,3,1,0,1
2025501634556,2025,501634556,248573,54498,-4.13073,50.37084,50,3,2,1,28/08/2025,5,22:42,-1,E06000026,E06000026,E06000026,6,0,6,30,-1,13,2,3,374,-1,-1,15,4,5,5,-1,-1,0,1,1,2,E01032657,3,1,0,1
2025541659864,2025,541659864,413717,188697,-1.80337,51.59695,54,3,2,1,24/10/2025,6,15:32,-1,E06000030,E06000030,E06000030,4,4534,6,30,-1,0,-1,0,-1,-1,-1,15,1,2,2,-1,-1,0,1,1,2,E01032710,3,1,0,1
2025351660935,2025,351660935,518569,300106,-0.25134,52.58584,35,3,3,1,29/10/2025,4,13:00,-1,E06000031,E06000031,E06000031,6,0,6,30,-1,13,3,6,0,-1,-1,0,1,2,2,-1,-1,0,1,3,2,E01015604,3,1,0,1
2024401474734,2024,401474734,505542,223686,-0.46738,51.90173,40,3,2,1,26/07/2024,6,14:42,-1,E06000032,E06000032,E06000032,6,0,6,30,-1,18,4,6,0,-1,-1,0,1,1,1,-1,-1,0,1,3,2,E01015751,3,1,0,1
2024401514802,2024,401514802,507902,223263,-0.43323,51.89748,40,3,1,1,02/11/2024,7,20:20,-1,E06000032,E06000032,E06000032,6,0,6,30,-1,0,-1,6,0,-1,-1,13,4,1,1,-1,-1,0,1,3,2,E01015782,3,1,0,1
2025401541420,2025,401541420,511099,221666,-0.3873,51.8825,40,3,2,1,02/01/2025,5,12:29,-1,E06000032,E06000032,E06000032,3,505,6,40,-1,19,-1,6,0,-1,-1,-1,1,1,-1,-1,-1,99,1,3,2,E01015811,3,1,0,1
2025401549700,2025,401549700,507987,222697,-0.43217,51.89237,40,3,2,1,21/01/2025,3,08:00,-1,E06000032,E06000032,E06000032,6,0,6,30,-1,0,-1,6,0,-1,-1,0,1,1,1,-1,-1,0,1,3,2,E01015701,3,1,0,1
2024421419086,2024,421419086,593796,185550,0.79289,51.53558,42,2,2,2,10/03/2024,1,16:50,-1,E06000033,E06000033,E06000033,6,0,6,30,-1,13,4,6,0,-1,-1,0,1,1,2,-1,-1,0,1,1,2,E01015880,6,1,1,0
2024421526979,2024,421526979,593124,185021,0.78292,51.53106,42,3,1,1,03/12/2024,3,18:10,-1,E06000033,E06000033,E06000033,3,13,6,30,-1,16,4,6,0,-1,-1,13,4,1,1,-1,-1,0,1,1,2,E01015918,3,1,0,1
2025421566477,2025,421566477,557212,179072,0.263,51.48875,42,2,2,2,18/03/2025,3,18:16,-1,E06000034,E06000034,E06000034,6,0,6,50,-1,0,-1,6,0,-1,-1,0,4,1,1,-1,-1,0,2,1,2,E01034370,6,1,1,0
2025421589314,2025,421589314,563558,187812,0.35838,51.56547,42,2,4,1,13/05/2025,3,08:32,-1,E06000034,E06000034,E06000034,3,128,6,50,-1,0,-1,6,0,-1,-1,0,1,1,1,-1,-1,0,2,1,2,E01015978,6,1,1,0
2024461415440,2024,461415440,574339,171217,0.50558,51.41317,46,3,2,1,29/02/2024,5,09:43,-1,E06000035,E06000035,E06000035,3,289,3,70,-1,0,-1,-1,-1,-1,-1,0,1,1,2,-1,-1,0,2,1,2,E01016148,3,1,0,1
2024461450093,2024,461450093,575065,171311,0.51606,51.41379,46,2,2,2,30/05/2024,5,22:21,-1,E06000035,E06000035,E06000035,4,2108,1,70,-1,0,-1,3,289,-1,-1,0,1,2,2,-1,-1,0,2,1,2,E01035289,7,1,1,0
2024461466998,2024,461466998,574803,165663,0.50951,51.36313,46,3,2,1,12/07/2024,6,12:14,-1,E06000035,E06000035,E06000035,3,229,6,30,-1,13,4,6,0,-1,-1,0,1,1,1,-1,-1,0,1,1,2,E01016119,3,1,0,1
2024461472241,2024,461472241,582134,166519,0.61514,51.36852,46,2,2,1,25/07/2024,5,22:23,-1,E06000035,E06000035,E06000035,4,2004,6,30,-1,0,-1,6,0,-1,-1,0,4,1,1,-1,-1,0,1,1,2,E01016096,6,1,1,0
2024461479441,2024,461479441,575007,169915,0.51454,51.40127,46,3,2,1,13/08/2024,3,18:36,-1,E06000035,E06000035,E06000035,6,0,3,50,-1,19,4,3,289,-1,-1,0,1,1,1,-1,-1,0,1,1,2,E01016147,3,1,0,1
2024461492874,2024,461492874,575294,163926,0.51571,51.34738,46,3,2,1,06/09/2024,6,17:50,-1,E06000035,E06000035,E06000035,6,0,6,30,-1,0,-1,6,0,-1,-1,0,1,1,2,-1,-1,0,1,3,2,E01016171,3,1,0,1
2024461535964,2024,461535964,581929,166215,0.61204,51.36586,46,3,2,1,30/12/2024,2,13:38,-1,E06000035,E06000035,E06000035,4,2004,6,30,-1,13,4,6,0,-1,-1,0,1,1,1,-1,-1,0,1,1,2,E01016098,3,1,0,1
2025461550003,2025,461550003,578735,168744,0.56748,51.38959,46,3,2,1,03/02/2025,2,22:15,-1,E06000035,E06000035,E06000035,6,0,6,30,-1,0,-1,6,0,-1,-1,0,4,1,1,-1,-1,0,1,1,2,E01016034,3,1,0,1
2025430306795,2025,430306795,430836,176017,-1.55733,51.48227,43,3,1,1,20/06/2025,6,16:50,-1,E06000037,E06000037,E06000037,1,4,3,70,-1,0,-1,0,-1,-1,-1,0,1,1,1,-1,-1,0,2,1,1,E01016304,3,1,0,1
2025430311882,2025,430311882,486684,182417,-0.75166,51.53401,43,2,2,4,23/06/2025,2,14:46,-1,E06000040,E06000040,E06000040,3,308,6,40,-1,13,4,6,0,-1,-1,0,1,1,1,-1,-1,0,2,1,2,E01016600,5,1,1,0
2024471511083,2024,471511083,531338,105165,-0.1364,50.83113,47,3,2,1,31/10/2024,5,16:25,-1,E06000043,E06000043,E06000043,3,23,6,20,-1,13,4,6,0,-1,-1,0,1,1,1,-1,-1,0,1,3,2,E01016964,3,1,0,1
2025471559315,2025,471559315,530147,105769,-0.15308,50.83683,47,3,3,1,28/02/2025,6,08:45,-1,E06000043,E06000043,E06000043,6,0,6,30,-1,0,-1,6,0,-1,-1,0,1,8,2,-1,-1,0,1,1,2,E01016981,3,1,0,1
2025471643938,2025,471643938,529577,105647,-0.16122,50.83586,47,3,1,1,19/09/2025,6,15:21,-1,E06000043,E06000043,E06000043,3,270,6,30,-1,0,-1,6,0,-1,-1,14,1,1,1,-1,-1,0,1,1,2,E01016870,3,1,0,1
2025471649577,2025,471649577,531405,104481,-0.13569,50.82497,47,3,2,1,03/10/2025,6,00:50,-1,E06000043,E06000043,E06000043,3,23,6,20,-1,13,2,3,23,-1,-1,-1,4,1,1,-1,-1,0,1,3,2,E01016969,3,1,0,1
2025471669106,2025,471669106,532101,105245,-0.12554,50.83167,47,3,2,1,15/11/2025,7,20:15,-1,E06000043,E06000043,E06000043,6,0,6,20,-1,13,4,6,0,-1,-1,17,4,1,1,-1,-1,0,1,1,2,E01016891,3,1,0,1
2025440585164,2025,440585164,463808,105990,-1.09497,50.84992,44,2,2,1,30/12/2025,3,22:59,-1,E06000044,E06000044,E06000044,6,0,6,30,-1,0,-1,0,-1,-1,-1,0,4,1,1,-1,-1,0,1,1,2,E01017120,7,1,1,0
2025440492234,2025,440492234,440927,115154,-1.41895,50.93439,44,2,2,2,31/10/2025,6,02:45,-1,E06000045,E06000045,E06000045,3,35,1,30,-1,-1,4,6,0,-1,-1,0,4,1,1,-1,-1,0,1,1,2,E01017147,6,1,1,0
2024111454640,2024,111454640,427716,528798,-1.57195,54.65352,11,2,2,1,05/06/2024,4,16:55,-1,E06000047,E06000047,E06000047,3,689,6,60,-1,0,-1,6,0,-1,-1,0,1,1,1,-1,-1,0,2,3,2,E01034508,7,1,1,0
2025111561969,2025,111561969,427971,542205,-1.56671,54.77399,11,2,1,1,05/03/2025,4,09:55,-1,E06000047,E06000047,E06000047,6,0,6,30,-1,13,4,6,0,-1,-1,0,1,1,1,-1,-1,0,1,1,2,E01033197,7,1,1,0
2025111675914,2025,111675914,427626,542380,-1.57206,54.77558,11,2,1,1,30/11/2025,1,01:36,-1,E06000047,E06000047,E06000047,6,0,6,30,-1,13,2,6,0,-1,-1,14,4,1,2,-1,-1,0,1,1,2,E01034493,7,1,1,0
2025111676800,2025,111676800,416709,556766,-1.74094,54.90534,11,2,2,1,01/12/2025,2,17:55,-1,E06000047,E06000047,E06000047,6,0,6,30,-1,13,4,6,0,-1,-1,0,4,1,2,-1,-1,0,2,1,2,E01020636,6,1,1,0
2025111682234,2025,111682234,418609,553987,-1.71149,54.8803,11,3,1,1,09/12/2025,3,08:40,-1,E06000047,E06000047,E06000047,6,0,6,20,-1,13,4,6,0,-1,-1,0,1,1,1,-1,-1,0,1,1,2,E01020677,3,1,0,1
2024070910189,2024,070910189,362820,373686,-2.5588,53.25887,7,3,1,1,26/10/2024,7,01:20,-1,E06000050,E06000050,E06000050,5,0,6,40,-1,0,-1,-1,-1,-1,-1,0,6,1,2,-1,-1,21,2,1,2,E01018728,3,1,0,1
2025070052053,2025,070052053,341926,366457,-2.87065,53.19201,7,2,2,1,20/01/2025,2,14:00,-1,E06000050,E06000050,E06000050,3,51,3,30,-1,13,4,6,0,-1,-1,0,1,1,2,-1,-1,0,1,2,2,E01018319,7,1,1,0
2025070384041,2025,070384041,366176,366899,-2.50777,53.19809,7,2,2,1,09/05/2025,6,17:05,-1,E06000050,E06000050,E06000050,4,5355,6,30,-1,16,4,4,5355,-1,-1,0,1,1,1,-1,-1,0,1,1,2,E01018747,6,1,1,0
2025070522250,2025,070522250,364901,381299,-2.52845,53.32744,7,3,2,2,25/06/2025,4,20:10,-1,E06000050,E06000050,E06000050,5,0,6,60,-1,13,4,6,0,-1,-1,0,1,1,1,-1,-1,0,2,1,2,E01018721,3,1,0,1
2025070813599,2025,070813599,357987,367217,-2.63039,53.20036,7,3,2,1,03/10/2025,6,08:40,-1,E06000050,E06000050,E06000050,3,54,6,50,-1,16,2,3,49,-1,-1,0,1,1,2,-1,-1,0,2,3,2,E01018725,3,1,0,1
2025070987035,2025,070987035,342344,353587,-2.86208,53.07638,7,3,2,1,02/12/2025,3,09:37,-1,E06000050,E06000050,E06000050,4,5069,6,40,-1,0,-1,0,-1,-1,-1,0,1,1,1,-1,-1,0,2,2,2,E01018339,3,1,0,1
2024221515669,2024,221515669,352236,314768,-2.70872,52.72843,22,3,2,1,11/11/2024,2,17:20,-1,E06000051,E06000051,E06000051,3,49,6,30,-1,-1,4,3,49,-1,-1,0,4,1,1,-1,-1,0,2,3,2,E01035060,3,1,0,1
2024221517566,2024,221517566,331677,328201,-3.01591,52.84696,22,1,2,4,17/11/2024,1,17:10,-1,E06000051,E06000051,E06000051,3,5,6,60,-1,0,-1,-1,-1,-1,-1,0,6,2,2,-1,-1,0,2,1,2,E01028922,1,1,0,0
2024501395454,2024,501395454,182660,44889,-5.05088,50.26389,50,2,1,1,06/01/2024,7,09:30,-1,E06000052,E06000052,E06000052,6,0,2,30,-1,13,4,6,0,-1,-1,0,1,1,2,-1,-1,0,1,1,2,E01034864,7,1,1,0
2024501421538,2024,501421538,241972,59957,-4.22578,50.41816,50,3,1,1,16/03/2024,7,23:11,-1,E06000052,E06000052,E06000052,3,38,3,70,-1,0,-1,-1,-1,-1,-1,0,6,2,5,-1,-1,0,2,1,1,E01018792,3,1,0,1
2024501455553,2024,501455553,166776,29450,-5.26391,50.11921,50,3,2,2,13/06/2024,5,09:55,-1,E06000052,E06000052,E06000052,4,3297,6,60,-1,13,4,6,0,-1,-1,0,1,2,2,-1,-1,0,2,1,2,E01018922,3,1,0,1
2024501501090,2024,501501090,165509,41351,-5.28893,50.22556,50,3,2,1,19/07/2024,6,17:14,-1,E06000052,E06000052,E06000052,6,0,6,60,-1,13,4,6,0,-1,-1,0,1,1,1,-1,-1,0,1,1,2,E01018865,3,1,0,1
2024501485788,2024,501485788,182202,62015,-5.0672,50.41752,50,3,2,1,23/08/2024,6,08:25,-1,E06000052,E06000052,E06000052,6,0,6,30,-1,0,-1,6,0,-1,-1,0,1,1,1,-1,-1,0,1,3,2,E01019019,3,1,0,1
2025501591062,2025,501591062,167046,42940,-5.2684,50.24044,50,3,2,1,16/05/2025,6,15:26,-1,E06000052,E06000052,E06000052,6,0,6,30,-1,17,3,6,0,-1,-1,0,1,1,1,-1,-1,0,1,1,2,E01018890,3,1,0,1
2025501621297,2025,501621297,210605,70603,-4.67222,50.50452,50,3,1,1,26/07/2025,7,13:30,-1,E06000052,E06000052,E06000052,6,0,6,60,-1,0,-1,6,0,-1,-1,0,1,1,1,-1,-1,0,2,1,2,E01018926,3,1,0,1
2025501684252,2025,501684252,179572,33779,-5.08769,50.16297,50,2,2,1,17/12/2025,4,08:33,-1,E06000052,E06000052,E06000052,3,39,1,40,-1,-1,4,3,39,-1,-1,0,1,2,2,-1,-1,0,1,1,2,E01018841,7,1,1,0
2025541687624,2025,541687624,382548,160849,-2.25196,51.34645,54,2,1,1,09/12/2025,3,15:13,-1,E06000054,E06000054,E06000054,3,363,6,30,-1,13,4,6,0,-1,-1,15,1,2,2,-1,-1,0,2,1,2,E01034531,7,1,1,0
2024401474655,2024,401474655,505870,252092,-0.45384,52.15696,40,3,2,1,18/07/2024,5,20:47,-1,E06000055,E06000055,E06000055,4,660,6,30,-1,13,4,6,0,-1,-1,0,1,1,1,-1,-1,0,1,1,2,E01017456,3,1,0,1
2025401619765,2025,401619765,505198,249078,-0.46459,52.13001,40,3,2,1,02/07/2025,4,18:07,-1,E06000055,E06000055,E06000055,3,600,6,30,-1,0,-1,3,600,-1,-1,0,1,1,1,-1,-1,0,1,1,2,E01034420,3,1,0,1
2024401405094,2024,401405094,503120,220591,-0.5035,51.87437,40,2,2,2,29/01/2024,2,07:33,-1,E06000056,E06000056,E06000056,3,5183,6,40,-1,13,4,6,0,-1,-1,0,1,1,2,-1,-1,0,1,1,2,E01017594,7,1,1,0
2024401488953,2024,401488953,501316,221632,-0.52939,51.88405,40,3,2,2,28/08/2024,4,16:45,-1,E06000056,E06000056,E06000056,4,489,6,30,-1,0,-1,6,0,-1,-1,13,1,8,1,-1,-1,0,1,1,2,E01017569,3,1,0,1
2024401539454,2024,401539454,492779,236131,-0.64948,52.01586,40,3,2,1,31/12/2024,3,09:55,-1,E06000056,E06000056,E06000056,6,0,6,30,-1,13,4,6,0,-1,-1,0,1,8,1,-1,-1,0,1,3,2,E01017379,3,1,0,1
2025401634800,2025,401634800,518989,244635,-0.26476,52.08728,40,3,1,1,03/08/2025,1,20:42,-1,E06000056,E06000056,E06000056,6,0,6,30,-1,0,-1,6,0,-1,-1,14,5,1,1,-1,-1,0,1,1,2,E01017385,3,1,0,1
2025401636404,2025,401636404,501549,222246,-0.52582,51.88953,40,2,2,1,18/08/2025,2,13:07,-1,E06000056,E06000056,E06000056,3,505,6,30,-1,13,4,6,0,-1,-1,0,1,1,1,-1,-1,0,1,1,2,E01017568,7,1,1,0
2025401693102,2025,401693102,495511,237410,-0.60932,52.02689,40,3,1,1,18/12/2025,5,07:40,-1,E06000056,E06000056,E06000056,3,421,1,40,-1,-1,4,3,421,-1,-1,0,1,2,2,-1,-1,0,2,1,1,E01017379,3,1,0,1
2024101528156,2024,101528156,428607,574427,-1.55364,55.0635,10,3,1,2,09/12/2024,2,15:15,-1,E06000057,E06000057,E06000057,6,0,6,20,-1,0,-1,6,0,-1,-1,0,1,1,1,-1,-1,0,2,2,2,E01027435,3,1,0,1
2025552500480,2025,552500480,409210,95544,-1.87079,50.75942,55,2,1,1,16/03/2025,1,13:22,-1,E06000058,E06000058,E06000058,6,0,6,30,-1,0,-1,0,-1,-1,-1,0,1,1,1,-1,-1,0,1,1,2,E01015324,6,1,1,0
2025552500639,2025,552500639,401658,97793,-1.97785,50.77971,55,3,2,1,22/04/2025,3,09:07,-1,E06000058,E06000058,E06000058,3,349,6,30,-1,0,-1,0,-1,-1,-1,0,1,8,9,-1,-1,0,1,3,2,E01015433,3,1,0,1
2025552501122,2025,552501122,405791,96658,-1.91925,50.76948,55,3,2,1,26/09/2025,6,14:55,-1,E06000058,E06000058,E06000058,3,348,1,30,-1,-1,4,3,341,-1,-1,0,1,1,1,-1,-1,0,1,1,2,E01015302,3,1,0,1
2025552501511,2025,552501511,400172,96131,-1.99893,50.76477,55,3,2,1,09/12/2025,3,17:32,-1,E06000058,E06000058,E06000058,4,3074,6,30,-1,13,2,6,0,-1,-1,0,4,2,2,-1,-1,0,1,1,2,E01015401,3,1,0,1
2025552500104,2025,552500104,380928,126464,-2.27338,51.03721,55,3,2,1,20/01/2025,2,15:02,-1,E06000059,E06000059,E06000059,5,0,6,30,-1,13,4,6,0,-1,-1,0,4,1,2,-1,-1,0,1,2,2,E01020443,3,1,0,1
2025552500629,2025,552500629,396433,81136,-2.05179,50.62991,55,3,1,1,09/06/2025,2,18:52,-1,E06000059,E06000059,E06000059,3,351,6,30,-1,0,-1,0,-1,-1,-1,0,1,1,1,-1,-1,0,2,1,2,E01020466,3,1,0,1
2025552501284,2025,552501284,378541,115827,-2.3068,50.94148,55,3,1,1,23/08/2025,7,20:25,-1,E06000059,E06000059,E06000059,4,3092,6,60,-1,0,-1,0,-1,-1,-1,0,1,1,1,-1,-1,0,2,1,2,E01020458,3,1,0,1
2025552501149,2025,552501149,369077,90153,-2.43932,50.71018,55,2,2,1,30/09/2025,3,18:15,-1,E06000059,E06000059,E06000059,5,0,6,30,-1,13,4,6,0,-1,-1,0,1,1,1,-1,-1,0,1,1,2,E01032645,5,1,1,0
2025552501364,2025,552501364,402593,110195,-1.9645,50.89123,55,3,1,1,07/11/2025,6,21:04,-1,E06000059,E06000059,E06000059,4,3078,6,60,-1,0,-1,0,-1,-1,-1,0,6,1,2,-1,-1,0,2,1,2,E01020389,3,1,0,1
2025430544039,2025,430544039,493112,182759,-0.65892,51.53607,43,3,1,1,24/10/2025,6,16:56,-1,E06000060,E06000060,E06000060,6,0,6,30,-1,13,4,6,0,-1,-1,0,1,1,1,-1,-1,0,1,1,2,E01017804,3,1,0,1
2024340NN0642,2024,340NN0642,489334,288577,-0.6858,52.48781,34,3,2,1,12/02/2024,2,16:25,-1,E06000061,E06000061,E06000061,3,427,6,30,-1,13,2,4,6481,-1,-1,14,1,1,1,-1,-1,0,1,3,2,E01026957,3,1,0,1
2025340NN2032,2025,340NN2032,486563,279419,-0.72897,52.40594,34,2,1,1,20/05/2025,3,11:37,-1,E06000061,E06000061,E06000061,6,0,6,30,-1,13,4,6,0,-1,-1,0,1,1,1,-1,-1,0,1,1,2,E01027104,7,1,1,0
2025340NN4652,2025,340NN4652,492929,267140,-0.63882,52.29454,34,3,1,1,14/11/2025,6,08:38,-1,E06000061,E06000061,E06000061,3,45,3,70,-1,-1,4,3,5001,-1,-1,0,1,2,2,-1,-1,21,2,1,1,E01027336,3,1,0,1
2024340WN1552,2024,340WN1552,462907,260413,-1.0802,52.23832,34,3,3,4,19/03/2024,3,07:20,-1,E06000062,E06000062,E06000062,3,45,6,60,-1,19,4,3,5,-1,-1,0,1,1,2,-1,-1,0,2,1,2,E01027025,3,1,0,1
2024340WN4032,2024,340WN4032,475605,260442,-0.89428,52.23699,34,3,2,1,22/07/2024,2,12:50,-1,E06000062,E06000062,E06000062,5,0,6,20,-1,0,-1,-1,-1,-1,-1,0,1,1,1,-1,-1,0,1,3,2,E01035417,3,1,0,1
2024340WN5662,2024,340WN5662,462556,250274,-1.08721,52.14722,34,3,3,1,25/10/2024,6,11:05,-1,E06000062,E06000062,E06000062,6,0,6,30,-1,16,4,5,0,-1,-1,0,1,1,2,-1,-1,0,2,1,2,E01027262,3,1,0,1
2024340WN6832,2024,340WN6832,473198,252464,-0.93124,52.1656,34,3,1,1,05/12/2024,5,18:55,-1,E06000062,E06000062,E06000062,6,0,6,60,-1,0,-1,-1,-1,-1,-1,0,6,2,2,-1,-1,17,2,1,2,E01027263,3,1,0,1
2025340WN0702,2025,340WN0702,455137,272086,-1.19207,52.34409,34,3,2,1,07/02/2025,6,08:00,-1,E06000062,E06000062,E06000062,4,4038,6,60,-1,0,-1,0,-1,-1,-1,0,1,8,2,-1,-1,15,2,1,2,E01035399,3,1,0,1
2025340WN0712,2025,340WN0712,468302,248350,-1.00363,52.12925,34,3,3,1,08/02/2025,7,12:15,-1,E06000062,E06000062,E06000062,3,43,1,40,-1,19,4,5,0,-1,-1,0,1,1,2,-1,-1,0,2,1,1,E01027303,3,1,0,1
2024031407847,2024,031407847,329655,521554,-3.08996,54.58427,3,2,1,2,03/02/2024,7,07:22,-1,E06000063,E06000063,E06000063,3,591,3,70,-1,0,-1,-1,-1,-1,-1,0,1,1,1,-1,-1,0,2,1,2,E01019106,7,1,1,0
2024031481073,2024,031481073,336532,555729,-2.99104,54.89225,3,3,2,1,17/08/2024,7,19:05,-1,E06000063,E06000063,E06000063,6,0,6,40,-1,0,-1,6,0,-1,-1,0,1,1,1,-1,-1,0,2,1,2,E01019254,3,1,0,1
2024031497251,2024,031497251,339726,556090,-2.94133,54.89589,3,3,3,1,28/09/2024,7,11:43,-1,E06000063,E06000063,E06000063,3,595,2,30,-1,19,4,6,0,-1,-1,16,1,2,2,-1,-1,0,1,1,2,E01019204,3,1,0,1
2025031572432,2025,031572432,352137,564255,-2.7492,54.9706,3,2,1,1,01/04/2025,3,20:19,-1,E06000063,E06000063,E06000063,6,0,6,30,-1,0,-1,6,0,-1,-1,0,6,1,1,-1,-1,0,2,1,2,E01019225,6,1,1,0
2025031652925,2025,031652925,298386,516859,-3.57199,54.53677,3,3,2,2,10/10/2025,6,06:50,-1,E06000063,E06000063,E06000063,3,595,6,40,-1,0,-1,0,-1,-1,-1,0,4,1,1,-1,-1,0,1,1,1,E01019286,3,1,0,1
2024031478547,2024,031478547,349859,536927,-2.78003,54.72482,3,3,1,1,11/08/2024,1,17:10,-1,E06000064,E06000064,E06000064,3,6,6,40,-1,0,-1,4,6413,-1,-1,0,1,1,1,-1,-1,0,2,1,2,E01019316,3,1,0,1
2024031491708,2024,031491708,363278,491093,-2.56596,54.3141,3,3,2,1,15/09/2024,1,13:58,-1,E06000064,E06000064,E06000064,3,683,6,60,-1,0,-1,6,0,-1,-1,0,1,2,2,-1,-1,0,2,1,2,E01019384,3,1,0,1
2025031559085,2025,031559085,351080,531322,-2.76013,54.67458,3,3,1,1,27/02/2025,5,13:00,-1,E06000064,E06000064,E06000064,6,0,6,40,-1,0,-1,6,0,-1,-1,0,1,1,1,-1,-1,0,1,1,2,E01019331,3,1,0,1
2025031596772,2025,031596772,338704,487352,-2.94288,54.27812,3,3,2,1,31/05/2025,7,08:50,-1,E06000064,E06000064,E06000064,6,0,6,60,-1,0,-1,0,-1,-1,-1,0,1,2,2,-1,-1,0,2,1,2,E01019386,3,1,0,1
2025031611730,2025,031611730,350691,486605,-2.75868,54.2727,3,2,1,1,04/07/2025,6,17:45,-1,E06000064,E06000064,E06000064,3,590,3,70,-1,0,-1,0,-1,-1,-1,0,1,5,5,-1,-1,0,2,1,1,E01019377,7,1,1,0
2025031638969,2025,031638969,351179,529786,-2.75833,54.66078,3,3,1,1,08/09/2025,2,14:08,-1,E06000064,E06000064,E06000064,3,592,6,30,-1,0,-1,6,0,-1,-1,17,1,1,1,-1,-1,0,1,1,2,E01019335,3,1,0,1
2025520500253,2025,520500253,335888,114717,-2.91362,50.92833,52,3,1,1,25/01/2025,7,14:44,-1,E06000066,E06000066,E06000066,6,0,6,30,-1,13,4,6,0,-1,-1,14,1,1,1,-1,-1,0,2,3,2,E01029193,3,1,0,1
2025520500461,2025,520500461,327718,127662,-3.03243,51.04374,52,3,1,1,26/01/2025,1,12:05,-1,E06000066,E06000066,E06000066,1,5,3,70,-1,0,-1,0,-1,-1,-1,0,1,5,5,-1,-1,21,2,1,1,E01029274,3,1,0,1
2025520500863,2025,520500863,361795,143367,-2.54805,51.18824,52,3,2,1,01/03/2025,7,19:00,-1,E06000066,E06000066,E06000066,3,371,1,30,-1,19,4,3,371,-1,-1,0,4,1,1,-1,-1,0,1,1,2,E01029066,3,1,0,1
2025520501923,2025,520501923,330334,137539,-2.99703,51.13287,52,2,2,1,31/07/2025,5,11:52,-1,E06000066,E06000066,E06000066,6,0,6,30,-1,0,-1,0,-1,-1,-1,0,1,1,1,-1,-1,0,1,1,2,E01029096,6,1,1,0
2025520600166,2025,520600166,374962,129930,-2.35871,51.06815,52,3,2,2,17/09/2025,4,18:08,-1,E06000066,E06000066,E06000066,4,3081,6,60,-1,0,-1,0,-1,-1,-1,0,1,1,1,-1,-1,0,2,1,2,E01029221,3,1,0,1
2024061522594,2024,061522594,372509,411400,-2.41687,53.59844,6,3,2,2,23/10/2024,4,08:15,-1,E08000001,E08000001,E08000001,6,0,6,30,-1,13,4,6,0,-1,-1,0,1,1,1,-1,-1,0,1,3,2,E01004802,3,1,0,1
2025061590606,2025,061590606,370297,406968,-2.44987,53.55849,6,3,2,1,15/05/2025,5,18:36,-1,E08000001,E08000001,E08000001,6,0,6,20,-1,13,4,6,0,-1,-1,0,1,1,1,-1,-1,0,1,1,2,E01004878,3,1,0,1
2025061666448,2025,061666448,377386,409460,-2.34303,53.58124,6,2,2,1,11/11/2025,3,01:40,-1,E08000002,E08000002,E08000002,3,58,6,40,-1,13,2,4,6292,-1,-1,0,1,1,1,-1,-1,0,1,1,2,E01005006,7,1,1,0
2025061559350,2025,061559350,385106,396504,-2.22581,53.46506,6,2,2,1,05/02/2025,4,11:25,-1,E08000003,E08000003,E08000003,3,5184,6,30,-1,0,-1,6,0,-1,-1,-1,1,1,1,-1,-1,0,1,2,2,E01034115,6,1,1,0
2025061590137,2025,061590137,385038,395694,-2.2268,53.45778,6,2,2,1,14/05/2025,4,12:44,-1,E08000003,E08000003,E08000003,4,5117,6,30,-1,19,2,4,5219,-1,-1,15,1,1,1,-1,-1,0,1,3,2,E01005244,5,1,1,0
2025061657214,2025,061657214,381690,389352,-2.27685,53.40067,6,3,4,1,21/10/2025,3,10:42,-1,E08000003,E08000003,E08000003,3,560,6,30,-1,19,2,6,0,-1,-1,14,1,1,1,-1,-1,0,1,1,2,E01005112,3,1,0,1
2025061624447,2025,061624447,392551,404525,-2.11386,53.53732,6,3,1,3,30/07/2025,4,16:55,-1,E08000004,E08000004,E08000004,6,0,6,30,-1,13,4,6,0,-1,-1,0,1,1,1,-1,-1,0,1,3,2,E01005434,3,1,0,1
2025061671848,2025,061671848,392724,402939,-2.11122,53.52307,6,2,2,1,21/11/2025,6,15:16,-1,E08000004,E08000004,E08000004,6,0,6,20,-1,19,1,6,0,-1,-1,0,1,8,2,-1,-1,0,1,1,2,E01005438,7,1,1,0
2024061419822,2024,061419822,377692,401637,-2.33785,53.51094,6,3,1,1,03/03/2024,1,14:10,-1,E08000006,E08000006,E08000006,3,6,1,30,-1,-1,-1,6,0,-1,-1,-1,1,1,2,-1,-1,0,1,3,2,E01005672,3,1,0,1
2024061417849,2024,061417849,382534,402131,-2.26487,53.51556,6,3,2,1,06/03/2024,4,18:20,-1,E08000006,E08000006,E08000006,6,0,6,20,-1,16,4,6,0,-1,-1,0,4,1,1,-1,-1,0,1,1,2,E01005649,3,1,0,1
2024061437443,2024,061437443,371909,404642,-2.42532,53.53767,6,2,1,1,30/04/2024,3,12:07,-1,E08000006,E08000006,E08000006,6,0,6,30,-1,0,-1,-1,-1,-1,-1,0,1,1,1,-1,-1,0,1,1,2,E01005665,7,1,1,0
2025061541988,2025,061541988,380769,399611,-2.29133,53.49285,6,2,2,1,15/01/2025,4,09:07,-1,E08000006,E08000006,E08000006,3,6,3,30,-1,0,-1,0,-1,-1,-1,0,1,1,1,-1,-1,0,1,1,2,E01005680,7,1,1,0
2025061614863,2025,061614863,380835,398947,-2.29029,53.48688,6,2,1,1,11/07/2025,6,15:30,-1,E08000006,E08000006,E08000006,6,0,6,30,-1,0,-1,6,0,-1,-1,0,1,1,1,-1,-1,0,1,1,2,E01033984,7,1,1,0
2024061411256,2024,061411256,389485,393422,-2.15975,53.43747,6,3,1,1,16/02/2024,6,17:50,-1,E08000007,E08000007,E08000007,4,6167,6,30,-1,13,2,4,5169,-1,-1,14,4,2,2,-1,-1,0,1,1,2,E01005893,3,1,0,1
2024061425901,2024,061425901,392456,395771,-2.11508,53.45863,6,3,1,1,28/03/2024,5,15:15,-1,E08000008,E08000008,E08000008,3,6017,3,30,-1,0,-1,3,6017,-1,-1,17,1,1,2,-1,-1,0,1,1,2,E01005971,3,1,0,1
2024061532875,2024,061532875,398235,394719,-2.02804,53.44923,6,2,2,3,19/12/2024,5,14:00,-1,E08000008,E08000008,E08000008,6,0,6,30,-1,0,-1,6,0,-1,-1,0,1,1,1,-1,-1,0,1,1,2,E01006050,7,1,1,0
2024061414511,2024,061414511,358243,405698,-2.63165,53.54625,6,2,1,1,28/01/2024,1,19:45,-1,E08000010,E08000010,E08000010,6,0,6,20,-1,0,-1,6,0,-1,-1,-1,4,1,-1,-1,-1,99,1,3,2,E01006369,7,1,1,0
2024061524643,2024,061524643,360421,397495,-2.59775,53.47269,6,3,2,1,10/10/2024,5,08:59,-1,E08000010,E08000010,E08000010,6,0,6,20,-1,0,-1,-1,-1,-1,-1,0,1,1,1,-1,-1,0,1,3,2,E01006346,3,1,0,1
2025061583448,2025,061583448,365410,400974,-2.52297,53.50431,6,3,2,1,29/04/2025,3,13:20,-1,E08000010,E08000010,E08000010,6,0,6,30,-1,16,2,6,0,-1,-1,17,1,1,1,-1,-1,0,1,3,2,E01006334,3,1,0,1
2025061612113,2025,061612113,360158,397985,-2.60177,53.47707,6,3,3,1,04/07/2025,6,18:58,-1,E08000010,E08000010,E08000010,6,0,6,30,-1,13,4,6,0,-1,-1,0,1,2,2,-1,-1,0,1,1,2,E01006228,3,1,0,1
2024141423205,2024,141423205,434582,405654,-1.47957,53.54639,14,2,3,1,21/03/2024,5,10:40,-1,E08000016,E08000016,E08000038,6,0,6,30,-1,0,-1,6,0,-1,-1,0,1,1,1,-1,-1,0,1,1,2,E01007338,7,1,1,0
2024141428679,2024,141428679,433222,403147,-1.50036,53.52395,14,2,2,1,06/04/2024,7,15:30,-1,E08000016,E08000016,E08000038,6,0,6,60,-1,17,4,6,0,-1,-1,0,1,1,1,-1,-1,0,2,1,2,E01007459,7,1,1,0
2024141452202,2024,141452202,469718,415282,-0.94724,53.62943,14,3,2,1,05/06/2024,4,18:31,-1,E08000017,E08000017,E08000017,6,0,6,30,-1,13,4,6,0,-1,-1,0,1,1,1,-1,-1,0,1,1,2,E01007634,3,1,0,1
2025141608464,2025,141608464,468287,400147,-0.97217,53.49361,14,2,2,3,27/06/2025,6,09:48,-1,E08000017,E08000017,E08000017,4,1396,6,60,-1,13,4,6,0,-1,-1,0,1,1,1,-1,-1,0,2,1,2,E01007599,7,1,1,0
2025141631636,2025,141631636,457096,399592,-1.14093,53.48995,14,2,2,1,14/07/2025,2,07:30,-1,E08000017,E08000017,E08000017,6,0,1,30,-1,-1,4,6,0,-1,-1,0,1,1,1,-1,-1,0,2,3,2,E01034243,7,1,1,0
2024141417241,2024,141417241,443466,394593,-1.34703,53.44632,14,3,2,1,05/03/2024,3,11:26,-1,E08000018,E08000018,E08000018,3,633,6,30,-1,13,4,6,0,-1,-1,0,1,1,1,-1,-1,0,1,1,2,E01007784,3,1,0,1
2024141420485,2024,141420485,447261,391953,-1.2903,53.42226,14,3,2,3,13/03/2024,4,22:00,-1,E08000018,E08000018,E08000018,6,0,6,20,-1,16,4,6,0,-1,-1,0,4,1,2,-1,-1,0,1,1,2,E01007688,3,1,0,1
2024141441564,2024,141441564,447967,391323,-1.27977,53.41654,14,2,1,2,11/05/2024,7,13:15,-1,E08000018,E08000018,E08000018,6,0,6,30,-1,13,4,6,0,-1,-1,0,1,1,1,-1,-1,0,1,1,2,E01007690,6,1,1,0
2024141527042,2024,141527042,452788,393023,-1.20696,53.43136,14,2,3,7,07/12/2024,7,09:50,-1,E08000018,E08000018,E08000018,4,6376,6,40,-1,13,4,6,0,-1,-1,0,1,5,2,-1,-1,0,1,1,2,E01007755,7,1,1,0
2025141618605,2025,141618605,443431,394993,-1.34751,53.44992,14,3,1,1,16/07/2025,4,04:20,-1,E08000018,E08000018,E08000018,3,6123,6,40,-1,13,4,6,0,-1,-1,0,1,2,2,-1,-1,0,1,1,2,E01007784,3,1,0,1
2024141405659,2024,141405659,435037,384832,-1.47502,53.35921,14,3,2,1,02/02/2024,6,16:14,-1,E08000019,E08000019,E08000039,3,61,6,30,-1,13,4,6,0,-1,-1,13,1,1,2,-1,-1,0,1,1,2,E01007978,3,1,0,1
2024141421342,2024,141421342,438918,383716,-1.41684,53.34891,14,3,2,1,16/03/2024,7,09:00,-1,E08000019,E08000019,E08000039,6,0,6,30,-1,13,4,6,0,-1,-1,0,1,1,2,-1,-1,0,1,1,2,E01008005,3,1,0,1
2024141443371,2024,141443371,429206,385465,-1.56257,53.36525,14,3,2,2,15/05/2024,4,18:40,-1,E08000019,E08000019,E08000039,6,0,6,60,-1,13,4,6,0,-1,-1,0,1,1,2,-1,-1,0,2,1,2,E01007956,3,1,0,1
2024141457876,2024,141457876,439051,386617,-1.41449,53.37497,14,3,2,1,17/05/2024,6,17:55,-1,E08000019,E08000019,E08000039,3,6102,7,30,-1,0,-1,3,6102,-1,-1,0,1,1,1,-1,-1,0,1,3,2,E01008017,3,1,0,1
2024101454369,2024,101454369,427124,567973,-1.57746,55.00559,10,3,2,1,08/06/2024,7,13:15,-1,E08000021,E08000021,E08000021,3,188,6,30,-1,13,4,6,0,-1,-1,0,1,1,1,-1,-1,0,1,2,2,E01008320,3,1,0,1
2024101524765,2024,101524765,426521,564601,-1.5872,54.97532,10,2,1,1,03/12/2024,3,09:52,-1,E08000021,E08000021,E08000021,4,1312,6,30,-1,19,4,3,193,-1,-1,17,1,1,1,-1,-1,17,1,1,2,E01035623,7,1,1,0
2025101557087,2025,101557087,420028,567137,-1.68846,54.99841,10,3,1,1,21/02/2025,6,16:30,-1,E08000021,E08000021,E08000021,4,6324,6,30,-1,13,4,6,0,-1,-1,14,1,1,1,-1,-1,0,1,1,2,E01008445,3,1,0,1
2024101487869,2024,101487869,428055,568614,-1.56285,55.0113,10,3,2,1,05/09/2024,5,07:15,-1,E08000022,E08000022,E08000022,3,191,6,30,-1,0,-1,6,0,-1,-1,17,1,1,1,-1,-1,0,1,2,2,E01008469,3,1,0,1
2024101488108,2024,101488108,431469,568632,-1.50946,55.01126,10,3,2,1,06/09/2024,6,14:54,-1,E08000022,E08000022,E08000022,6,0,6,30,-1,0,-1,6,0,-1,-1,13,1,1,1,-1,-1,0,1,1,2,E01008461,3,1,0,1
2024101537235,2024,101537235,436409,570279,-1.43201,55.02572,10,3,2,1,26/12/2024,5,13:07,-1,E08000022,E08000022,E08000022,6,0,6,20,-1,13,4,6,0,-1,-1,0,1,1,1,-1,-1,0,1,2,2,E01008562,3,1,0,1
2025101595948,2025,101595948,431622,566959,-1.50726,54.99621,10,3,1,1,27/05/2025,3,16:00,-1,E08000022,E08000022,E08000022,3,193,6,30,-1,13,4,6,0,-1,-1,0,1,1,1,-1,-1,0,1,2,2,E01008511,3,1,0,1
2025101611442,2025,101611442,435560,572107,-1.44507,55.04221,10,2,2,1,02/07/2025,4,09:30,-1,E08000022,E08000022,E08000022,6,0,6,30,-1,0,-1,6,0,-1,-1,0,1,1,2,-1,-1,0,1,3,2,E01008584,6,1,1,0
2024101423828,2024,101423828,432041,561178,-1.50135,54.94424,10,1,1,1,23/03/2024,7,01:04,-1,E08000023,E08000023,E08000023,3,184,3,70,-1,0,-1,-1,-1,-1,-1,0,6,4,2,-1,-1,0,2,1,1,E01008629,1,1,0,0
2025101537540,2025,101537540,430998,564324,-1.51729,54.97257,10,3,2,1,03/01/2025,6,13:50,-1,E08000023,E08000023,E08000023,3,185,6,30,-1,16,2,4,1297,-1,-1,15,1,1,1,-1,-1,0,1,2,2,E01008641,3,1,0,1
2024101544498,2024,101544498,437964,558259,-1.40928,54.91759,10,3,2,1,21/01/2024,1,08:45,-1,E08000024,E08000024,E08000024,6,0,6,30,-1,13,4,6,0,-1,-1,17,1,1,1,-1,-1,0,1,1,2,E01034514,3,1,0,1
2025101543708,2025,101543708,438502,555500,-1.40125,54.89276,10,3,1,1,19/01/2025,1,02:23,-1,E08000024,E08000024,E08000024,3,690,6,30,-1,0,-1,6,0,-1,-1,0,4,1,4,-1,-1,0,1,1,2,E01008781,3,1,0,1
2025101564204,2025,101564204,439602,558251,-1.38373,54.9174,10,3,3,1,07/03/2025,6,23:30,-1,E08000024,E08000024,E08000024,3,1018,3,30,-1,0,-1,6,0,-1,-1,0,4,9,2,-1,-1,0,1,2,2,E01008711,3,1,0,1
2024201463357,2024,201463357,410018,286386,-1.85394,52.47531,20,3,3,1,27/01/2024,7,11:24,-1,E08000025,E08000025,E08000025,6,0,6,30,-1,0,-1,-1,-1,-1,-1,0,1,1,1,-1,-1,0,1,1,2,E01009344,3,1,0,1
2024201448169,2024,201448169,411498,283010,-1.83226,52.44494,20,3,1,1,25/05/2024,7,17:00,-1,E08000025,E08000025,E08000025,3,4040,6,30,-1,0,-1,-1,-1,-1,-1,14,1,1,1,-1,-1,0,1,1,2,E01009018,3,1,0,1
2024201449228,2024,201449228,413028,290332,-1.80947,52.51073,20,3,2,1,28/05/2024,3,18:57,-1,E08000025,E08000025,E08000025,3,47,3,40,-1,0,-1,-1,-1,-1,-1,0,1,1,1,-1,-1,0,2,3,2,E01009102,3,1,0,1
2024201482407,2024,201482407,407151,288560,-1.8961,52.4949,20,3,2,1,05/06/2024,4,08:35,-1,E08000025,E08000025,E08000025,3,34,3,30,-1,0,-1,3,34,-1,-1,14,6,1,1,-1,-1,0,1,2,2,E01008913,3,1,0,1
2024201486942,2024,201486942,409514,290960,-1.86123,52.51644,20,2,2,1,31/08/2024,7,23:54,-1,E08000025,E08000025,E08000025,6,0,6,30,-1,16,3,6,0,-1,-1,0,4,1,1,-1,-1,0,1,2,2,E01009414,7,1,1,0
2024201511269,2024,201511269,406028,286489,-1.91268,52.4763,20,3,2,1,30/10/2024,4,18:00,-1,E08000025,E08000025,E08000025,6,0,2,30,-1,13,4,6,0,-1,-1,0,4,1,1,-1,-1,0,1,3,2,E01009146,3,1,0,1
2024201518381,2024,201518381,407206,285329,-1.89536,52.46586,20,3,3,1,19/11/2024,3,20:23,-1,E08000025,E08000025,E08000025,3,4540,7,40,-1,0,-1,3,441,-1,-1,0,4,1,2,-1,-1,0,1,1,2,E01034947,3,1,0,1
2025201538806,2025,201538806,410673,282514,-1.84442,52.44049,20,3,2,1,06/01/2025,2,14:00,-1,E08000025,E08000025,E08000025,6,0,6,30,-1,13,4,6,0,-1,-1,17,1,1,1,-1,-1,0,1,2,2,E01009043,3,1,0,1
2025201551346,2025,201551346,405691,285769,-1.91765,52.46983,20,3,2,1,06/02/2025,5,12:11,-1,E08000025,E08000025,E08000025,6,0,6,30,-1,16,4,6,0,-1,-1,0,1,1,1,-1,-1,0,1,1,2,E01008994,3,1,0,1
2025201658060,2025,201658060,404299,290135,-1.93809,52.50909,20,2,1,1,03/05/2025,7,16:35,-1,E08000025,E08000025,E08000025,6,0,6,30,-1,0,-1,6,0,-1,-1,0,1,1,1,-1,-1,0,1,3,2,E01009270,7,1,1,0
2025201635053,2025,201635053,411727,284014,-1.82886,52.45396,20,3,3,2,29/08/2025,6,05:20,-1,E08000025,E08000025,E08000025,3,4040,3,30,-1,19,4,6,0,-1,-1,0,1,1,1,-1,-1,17,1,1,2,E01008889,3,1,0,1
2025201669188,2025,201669188,409695,292094,-1.85853,52.52663,20,3,1,1,12/11/2025,4,13:28,-1,E08000025,E08000025,E08000025,6,0,6,20,-1,13,-1,6,0,-1,-1,0,1,1,1,-1,-1,0,1,2,2,E01009408,3,1,0,1
2025201681535,2025,201681535,409279,283773,-1.86489,52.45184,20,3,3,2,04/12/2025,5,00:38,-1,E08000025,E08000025,E08000025,6,0,6,30,-1,13,4,3,34,-1,-1,0,4,1,2,-1,-1,0,1,1,2,E01033643,3,1,0,1
2024201466686,2024,201466686,434223,278158,-1.49843,52.40037,20,3,2,1,10/07/2024,4,07:45,-1,E08000026,E08000026,E08000026,3,4114,6,30,-1,0,-1,-1,-1,-1,-1,0,1,1,1,-1,-1,0,2,3,2,E01009548,3,1,0,1
2025201551536,2025,201551536,431307,281417,-1.54098,52.42984,20,3,1,1,04/02/2025,3,08:15,-1,E08000026,E08000026,E08000026,6,0,6,20,-1,0,-1,6,0,-1,-1,0,1,1,1,-1,-1,0,1,3,2,E01009652,3,1,0,1
2025201664007,2025,201664007,430958,274628,-1.54674,52.36883,20,3,1,1,23/10/2025,5,10:20,-1,E08000026,E08000026,E08000026,6,0,6,30,-1,19,4,6,0,-1,-1,0,1,1,-1,-1,-1,99,1,2,2,E01009671,3,1,0,1
2024201456419,2024,201456419,393159,289259,-2.10221,52.50119,20,3,2,1,14/06/2024,6,18:25,-1,E08000027,E08000027,E08000027,6,0,6,30,-1,13,4,6,0,-1,-1,0,1,1,1,-1,-1,0,1,3,2,E01009844,3,1,0,1
2024201481793,2024,201481793,391150,284031,-2.13166,52.45416,20,3,2,1,18/08/2024,1,12:33,-1,E08000027,E08000027,E08000027,6,0,6,30,-1,13,4,6,0,-1,-1,0,1,1,1,-1,-1,0,1,3,2,E01009834,3,1,0,1
2024201484347,2024,201484347,389392,284481,-2.15754,52.45817,20,3,3,2,25/08/2024,1,14:30,-1,E08000027,E08000027,E08000027,3,458,6,30,-1,13,4,6,0,-1,-1,0,1,1,1,-1,-1,0,1,1,2,E01009906,3,1,0,1
2025201580729,2025,201580729,389274,285240,-2.15931,52.46499,20,3,2,1,11/04/2025,6,12:50,-1,E08000027,E08000027,E08000027,4,4537,6,30,-1,19,4,3,461,-1,-1,0,1,1,1,-1,-1,0,1,1,2,E01009909,3,1,0,1
2024201465331,2024,201465331,398816,294941,-2.01889,52.55231,20,3,1,2,06/07/2024,7,21:55,-1,E08000028,E08000028,E08000028,6,0,6,30,-1,16,4,6,0,-1,-1,0,1,8,1,-1,-1,0,1,3,2,E01010096,3,1,0,1
2024201506931,2024,201506931,400354,288109,-1.99622,52.49089,20,3,2,1,20/10/2024,1,19:13,-1,E08000028,E08000028,E08000028,6,0,6,20,-1,13,4,6,0,-1,-1,0,1,1,1,-1,-1,0,1,2,2,E01010020,3,1,0,1
2024201513333,2024,201513333,399639,285838,-2.00674,52.47048,20,3,1,1,07/11/2024,5,08:30,-1,E08000028,E08000028,E08000028,6,0,6,30,-1,0,-1,6,0,-1,-1,0,1,1,2,-1,-1,0,1,1,2,E01010028,3,1,0,1
2025201668211,2025,201668211,401616,289382,-1.97762,52.50234,20,3,2,1,10/11/2025,2,18:42,-1,E08000028,E08000028,E08000028,3,4252,3,40,-1,0,-1,0,-1,-1,-1,14,4,2,2,-1,-1,0,1,1,2,E01010047,3,1,0,1
2024201472394,2024,201472394,416583,282147,-1.75749,52.43705,20,3,2,1,25/07/2024,5,05:45,-1,E08000029,E08000029,E08000029,4,4105,3,30,-1,0,-1,-1,-1,-1,-1,14,1,1,1,-1,-1,0,2,2,2,E01010115,3,1,0,1
2025201586496,2025,201586496,401105,299545,-1.98512,52.5937,20,3,1,1,04/05/2025,1,13:00,-1,E08000030,E08000030,E08000030,6,0,6,30,-1,13,4,6,0,-1,-1,0,1,1,1,-1,-1,0,1,1,2,E01010375,3,1,0,1
2025201640381,2025,201640381,404953,304533,-1.92824,52.63852,20,3,2,1,09/09/2025,3,20:10,-1,E08000030,E08000030,E08000030,4,4152,6,30,-1,0,-1,6,0,-1,-1,0,1,1,1,-1,-1,0,1,3,2,E01010252,3,1,0,1
2024201492412,2024,201492412,392421,296090,-2.11324,52.56259,20,3,1,1,13/09/2024,6,19:00,-1,E08000031,E08000031,E08000031,3,4123,3,40,-1,0,-1,-1,-1,-1,-1,0,4,1,1,-1,-1,0,1,2,2,E01010449,3,1,0,1
2024201503092,2024,201503092,391354,302641,-2.12915,52.62146,20,3,2,1,11/10/2024,6,13:50,-1,E08000031,E08000031,E08000031,3,449,3,40,-1,0,-1,-1,-1,-1,-1,0,1,1,1,-1,-1,0,1,3,2,E01010438,3,1,0,1
2025201630314,2025,201630314,389628,295834,-2.15443,52.56024,20,3,1,2,18/08/2025,2,10:55,-1,E08000031,E08000031,E08000031,3,449,3,40,-1,0,-1,6,0,-1,-1,0,1,1,1,-1,-1,0,1,1,2,E01010513,3,1,0,1
2024131443351,2024,131443351,412901,433285,-1.80563,53.79572,13,3,2,1,15/05/2024,4,15:06,-1,E08000032,E08000032,E08000032,4,6145,6,30,-1,19,4,6,0,-1,-1,0,1,1,1,-1,-1,0,1,1,2,E01010628,3,1,0,1
2024131519956,2024,131519956,414972,432099,-1.77425,53.785,13,3,2,1,18/11/2024,2,15:45,-1,E08000032,E08000032,E08000032,6,0,1,30,-1,-1,4,6,0,-1,-1,0,1,1,1,-1,-1,0,1,2,2,E01010839,3,1,0,1
2025131590455,2025,131590455,416459,433192,-1.75162,53.79478,13,2,1,1,15/05/2025,5,13:42,-1,E08000032,E08000032,E08000032,6,0,6,20,-1,0,-1,6,0,-1,-1,0,1,1,1,-1,-1,0,1,1,2,E01033690,7,1,1,0
2025131638238,2025,131638238,416423,434066,-1.75212,53.80264,13,3,2,1,06/09/2025,7,14:45,-1,E08000032,E08000032,E08000032,3,6037,3,40,-1,0,-1,6,0,-1,-1,0,1,1,1,-1,-1,0,1,2,2,E01033693,3,1,0,1
2025131643506,2025,131643506,415715,430446,-1.76306,53.77012,13,3,1,1,18/09/2025,5,19:10,-1,E08000032,E08000032,E08000032,6,0,6,30,-1,0,-1,6,0,-1,-1,0,1,1,1,-1,-1,0,1,1,2,E01010745,3,1,0,1
2024131399568,2024,131399568,413855,415462,-1.79194,53.6355,13,3,2,1,17/01/2024,4,09:50,-1,E08000034,E08000034,E08000034,3,616,6,30,-1,19,4,6,0,-1,-1,0,1,1,4,-1,-1,0,1,1,2,E01011230,3,1,0,1
2024131412056,2024,131412056,411889,417475,-1.8216,53.65364,13,3,1,1,19/02/2024,2,17:54,-1,E08000034,E08000034,E08000034,3,640,6,30,-1,13,4,6,0,-1,-1,17,4,1,1,-1,-1,0,1,1,2,E01011208,3,1,0,1
2024131464404,2024,131464404,419484,408750,-1.70723,53.57499,13,1,3,1,06/07/2024,7,21:30,-1,E08000034,E08000034,E08000034,3,635,6,40,-1,0,-1,-1,-1,-1,-1,0,1,1,1,-1,-1,0,2,1,2,E01011199,1,1,0,0
2024131483856,2024,131483856,413769,415079,-1.79326,53.63206,13,2,1,1,26/08/2024,2,06:20,-1,E08000034,E08000034,E08000034,6,0,3,30,-1,18,4,6,0,-1,-1,0,1,1,1,-1,-1,0,1,1,2,E01011222,6,1,1,0
2024131517922,2024,131517922,421072,423668,-1.68224,53.70901,13,3,1,1,18/11/2024,2,17:25,-1,E08000034,E08000034,E08000034,3,638,6,30,-1,13,4,6,0,-1,-1,0,4,2,2,-1,-1,0,1,1,2,E01011250,3,1,0,1
2025131636345,2025,131636345,413960,415596,-1.79035,53.6367,13,3,1,1,01/09/2025,2,10:45,-1,E08000034,E08000034,E08000034,6,0,6,30,-1,19,4,3,616,-1,-1,0,1,1,1,-1,-1,0,1,2,2,E01011229,3,1,0,1
2024131411395,2024,131411395,431482,435006,-1.52339,53.8104,13,2,2,2,15/02/2024,5,17:06,-1,E08000035,E08000035,E08000035,6,0,6,30,-1,16,4,6,0,-1,-1,0,4,1,2,-1,-1,0,1,1,2,E01011673,7,1,1,0
2024131430243,2024,131430243,430018,438582,-1.54527,53.84262,13,3,2,1,10/04/2024,4,22:30,-1,E08000035,E08000035,E08000035,6,0,1,30,-1,19,4,4,6157,-1,-1,0,4,8,2,-1,-1,0,1,1,2,E01011514,3,1,0,1
2024131458249,2024,131458249,433166,433744,-1.49795,53.79895,13,3,2,1,20/06/2024,5,10:57,-1,E08000035,E08000035,E08000035,6,0,6,30,-1,0,-1,6,0,-1,-1,0,1,1,1,-1,-1,0,1,1,2,E01011617,3,1,0,1
2024131517311,2024,131517311,431890,435571,-1.51713,53.81545,13,3,2,2,16/11/2024,7,17:30,-1,E08000035,E08000035,E08000035,6,0,6,30,-1,19,4,6,0,-1,-1,0,4,1,1,-1,-1,0,1,1,2,E01011428,3,1,0,1
2025131536459,2025,131536459,420077,445497,-1.6959,53.90525,13,2,1,1,01/01/2025,4,00:04,-1,E08000035,E08000035,E08000035,3,659,6,20,-1,0,-1,6,0,-1,-1,15,4,5,2,-1,-1,0,1,1,2,E01011569,7,1,1,0
2025131544460,2025,131544460,427005,431795,-1.59165,53.78179,13,2,2,1,21/01/2025,3,07:35,-1,E08000035,E08000035,E08000035,3,58,6,30,-1,19,4,6,0,-1,-1,0,4,1,1,-1,-1,0,1,2,2,E01011736,7,1,1,0
2025131555686,2025,131555686,432609,434950,-1.50628,53.80982,13,3,2,1,18/02/2025,3,15:28,-1,E08000035,E08000035,E08000035,6,0,6,20,-1,0,-1,6,0,-1,-1,0,1,1,1,-1,-1,0,1,2,2,E01011433,3,1,0,1
2025131579554,2025,131579554,428313,429581,-1.57201,53.76182,13,3,2,1,18/04/2025,6,17:30,-1,E08000035,E08000035,E08000035,3,6110,1,40,-1,-1,4,3,6110,-1,-1,0,1,2,2,-1,-1,0,1,1,2,E01011531,3,1,0,1
2025131597422,2025,131597422,427349,442366,-1.5855,53.87678,13,2,2,1,30/05/2025,6,13:30,-1,E08000035,E08000035,E08000035,6,0,6,60,-1,13,4,6,0,-1,-1,0,1,1,1,-1,-1,0,2,2,2,E01011554,7,1,1,0
2025131597195,2025,131597195,435957,436805,-1.45522,53.82628,13,3,1,1,01/06/2025,1,09:30,-1,E08000035,E08000035,E08000035,6,0,6,30,-1,0,-1,6,0,-1,-1,0,1,1,1,-1,-1,0,1,1,2,E01011720,3,1,0,1
2025131675456,2025,131675456,428108,426247,-1.57542,53.73186,13,3,2,1,28/11/2025,6,17:01,-1,E08000035,E08000035,E08000035,3,650,1,40,-1,0,-1,3,653,-1,-1,15,4,1,1,-1,-1,0,1,1,2,E01011550,3,1,0,1
2024131477374,2024,131477374,439667,420533,-1.40095,53.67976,13,3,2,1,07/08/2024,4,17:45,-1,E08000036,E08000036,E08000036,6,0,6,30,-1,0,-1,6,0,-1,-1,0,1,1,1,-1,-1,0,2,2,2,E01011776,3,1,0,1
2025131625483,2025,131625483,447400,410872,-1.28535,53.59229,13,2,2,1,05/08/2025,3,13:20,-1,E08000036,E08000036,E08000036,4,6422,6,30,-1,0,-1,6,0,-1,-1,0,1,4,1,-1,-1,0,1,1,2,E01011862,7,1,1,0
2025131647922,2025,131647922,431779,423283,-1.52008,53.70502,13,2,2,1,29/09/2025,2,13:00,-1,E08000036,E08000036,E08000036,6,0,9,30,-1,18,4,6,0,-1,-1,14,1,1,1,-1,-1,0,1,1,2,E01011885,7,1,1,0
2025131664930,2025,131664930,445376,420547,-1.31452,53.67942,13,2,1,1,07/11/2025,6,07:56,-1,E08000036,E08000036,E08000036,3,628,6,30,-1,0,-1,6,0,-1,-1,0,1,8,1,-1,-1,0,1,1,2,E01011846,7,1,1,0
2025101671045,2025,101671045,429067,560781,-1.54781,54.94085,10,3,1,1,17/11/2025,2,15:30,-1,E08000037,E08000037,E08000037,5,0,6,30,-1,0,-1,0,-1,-1,-1,0,1,1,1,-1,-1,0,1,3,2,E01008231,3,1,0,1
2025141599097,2025,141599097,436475,404074,-1.45119,53.53206,14,3,2,2,05/06/2025,5,10:48,-1,E08000038,E08000038,E08000038,4,6100,6,30,-1,13,4,6,0,-1,-1,0,1,2,2,-1,-1,0,1,1,2,E01007462,3,1,0,1
2025141580474,2025,141580474,435161,385181,-1.47311,53.36234,14,3,2,1,22/04/2025,3,08:25,-1,E08000039,E08000039,E08000039,3,61,6,30,-1,13,4,6,0,-1,-1,0,1,1,1,-1,-1,0,1,2,2,E01008108,3,1,0,1
2025141633336,2025,141633336,435678,390671,-1.46473,53.41165,14,2,2,1,26/08/2025,3,09:05,-1,E08000039,E08000039,E08000039,5,0,9,30,-1,16,3,3,2,-1,-1,0,1,8,1,-1,-1,0,1,1,2,E01007941,7,1,1,0
2025141664390,2025,141664390,437757,390050,-1.43353,53.40592,14,2,2,1,01/10/2025,4,14:00,-1,E08000039,E08000039,E08000039,3,6102,6,30,-1,16,2,4,6082,-1,-1,0,1,1,1,-1,-1,0,1,3,2,E01007855,7,1,1,0
2025141698252,2025,141698252,434064,387044,-1.4894,53.37916,14,3,2,1,02/12/2025,3,11:51,-1,E08000039,E08000039,E08000039,4,6547,6,30,-1,13,2,4,6069,-1,-1,13,1,1,1,-1,-1,0,1,3,2,E01008115,3,1,0,1
2024481566749,2024,481566749,532110,181581,-0.09738,51.51771,48,2,2,1,15/10/2024,3,19:15,-1,E09000001,E09000001,E09000001,3,40,6,20,-1,-1,4,3,1,-1,-1,13,4,2,2,-1,-1,0,1,1,2,E01000001,7,1,1,0
2025481633497,2025,481633497,532328,180839,-0.09452,51.51099,48,3,2,1,06/06/2025,6,08:30,-1,E09000001,E09000001,E09000001,3,3211,3,20,-1,0,-1,6,0,-1,-1,0,1,1,1,-1,-1,0,1,1,2,E01032739,3,1,0,1
2025481716976,2025,481716976,531466,180834,-0.10693,51.51115,48,3,2,1,12/12/2025,6,20:40,-1,E09000001,E09000001,E09000001,3,3211,6,20,-1,13,2,6,0,-1,-1,0,4,1,1,-1,-1,0,1,1,2,E01032740,3,1,0,1
2025010578932,2025,010578932,547703,187617,0.12973,51.56809,1,3,1,1,05/06/2025,5,14:45,-1,E09000002,E09000002,E09000002,5,0,6,30,-1,0,-1,0,-1,-1,-1,13,1,1,1,-1,-1,0,1,1,2,E01000112,3,1,0,1
2025010611587,2025,010611587,543810,184143,0.07218,51.53788,1,3,2,1,25/11/2025,3,06:45,-1,E09000002,E09000002,E09000002,3,123,1,20,-1,-1,4,3,124,-1,-1,0,4,1,1,-1,-1,0,1,3,2,E01034474,3,1,0,1
2025010556948,2025,010556948,545551,176043,0.09392,51.46465,1,3,2,1,01/02/2025,7,01:19,-1,E09000004,E09000004,E09000004,3,207,6,30,-1,13,2,6,0,-1,-1,14,4,1,1,-1,-1,0,1,1,2,E01000399,3,1,0,1
2025010586510,2025,010586510,550935,177277,0.1719,51.47433,1,2,2,1,13/07/2025,1,20:30,-1,E09000004,E09000004,E09000004,6,0,6,30,-1,13,4,6,0,-1,-1,0,1,1,1,-1,-1,0,1,1,2,E01000372,6,1,1,0
2025010572295,2025,010572295,520277,188709,-0.2654,51.58441,1,3,2,1,30/04/2025,4,06:15,-1,E09000005,E09000005,E09000005,3,4006,6,30,-1,13,4,5,0,-1,-1,15,1,1,1,-1,-1,0,1,1,2,E01000515,3,1,0,1
2025010577919,2025,010577919,523444,184609,-0.22115,51.54688,1,2,2,1,29/05/2025,5,19:15,-1,E09000005,E09000005,E09000005,5,0,9,20,-1,16,2,3,4003,-1,-1,-1,1,8,1,-1,-1,-1,1,3,2,E01000642,7,1,1,0
2025010589775,2025,010589775,522333,184816,-0.23709,51.54898,1,3,2,1,20/07/2025,1,12:42,-1,E09000005,E09000005,E09000005,6,0,9,30,-1,13,4,6,0,-1,-1,-1,1,1,1,-1,-1,-1,1,3,2,E01000641,3,1,0,1
2025010581504,2025,010581504,530002,182738,-0.12732,51.5286,1,2,1,2,19/06/2025,5,09:08,-1,E09000007,E09000007,E09000007,3,501,3,20,-1,13,4,5,0,-1,-1,15,1,1,1,-1,-1,0,1,1,2,E01000942,7,1,1,0
2025010589243,2025,010589243,529500,182945,-0.13447,51.53057,1,3,2,1,28/07/2025,2,18:20,-1,E09000007,E09000007,E09000007,3,4200,6,20,-1,0,-1,0,-1,-1,-1,0,1,1,1,-1,-1,0,1,1,2,E01035710,3,1,0,1
2025010590829,2025,010590829,537986,162614,-0.02013,51.34587,1,3,2,1,07/08/2025,5,14:40,-1,E09000008,E09000008,E09000008,5,0,2,20,-1,18,4,6,0,-1,-1,0,1,1,1,-1,-1,0,1,1,2,E01001078,3,1,0,1
2025010603127,2025,010603127,532259,166199,-0.10098,51.37944,1,3,2,1,27/09/2025,7,17:15,-1,E09000008,E09000008,E09000008,3,212,6,20,-1,99,4,6,0,-1,-1,-1,1,1,1,-1,-1,-1,1,3,2,E01034143,3,1,0,1
2025010557220,2025,010557220,535172,195190,-0.04804,51.63928,1,3,2,1,02/02/2025,1,17:25,-1,E09000010,E09000010,E09000010,3,1010,6,30,-1,17,2,4,137,-1,-1,0,4,1,1,-1,-1,0,1,1,2,E01001476,3,1,0,1
2025010580104,2025,010580104,531500,192035,-0.10226,51.6118,1,3,2,1,11/06/2025,4,11:40,-1,E09000010,E09000010,E09000010,5,0,9,20,-1,99,9,6,0,-1,-1,-1,1,9,9,-1,-1,-1,1,3,2,E01001397,3,1,0,1
2025010604317,2025,010604317,533206,192092,-0.07761,51.61191,1,2,1,1,17/10/2025,6,21:30,-1,E09000010,E09000010,E09000010,5,0,6,20,-1,0,-1,0,-1,-1,-1,13,1,1,1,-1,-1,0,1,1,2,E01001562,7,1,1,0
2025010571729,2025,010571729,539984,174916,0.01339,51.45592,1,3,3,1,27/04/2025,1,14:51,-1,E09000011,E09000011,E09000011,3,20,6,20,-1,13,4,6,0,-1,-1,0,1,1,1,-1,-1,0,1,1,2,E01003286,3,1,0,1
2025010580454,2025,010580454,540686,177002,0.02432,51.47449,1,3,2,1,14/06/2025,7,02:00,-1,E09000011,E09000011,E09000011,3,207,1,20,-1,-1,4,3,2,-1,-1,0,4,1,1,-1,-1,0,1,1,2,E01001583,3,1,0,1
2025010592886,2025,010592886,536015,185155,-0.03975,51.5489,1,3,2,1,08/07/2025,3,18:40,-1,E09000012,E09000012,E09000012,3,102,6,20,-1,13,9,6,0,-1,-1,-1,1,1,1,-1,-1,0,1,3,2,E01001785,3,1,0,1
2025010556320,2025,010556320,533166,189230,-0.07928,51.5862,1,3,3,1,28/01/2025,3,19:59,-1,E09000014,E09000014,E09000014,6,0,6,20,-1,0,-1,0,-1,-1,-1,0,4,1,2,-1,-1,0,1,1,2,E01002070,3,1,0,1
2025010559784,2025,010559784,531977,190159,-0.09608,51.59483,1,3,1,1,18/02/2025,3,07:56,-1,E09000014,E09000014,E09000014,6,0,3,20,-1,19,4,3,1080,-1,-1,0,1,1,1,-1,-1,0,1,1,2,E01002028,3,1,0,1
2025010576777,2025,010576777,532910,190954,-0.08232,51.60175,1,3,3,3,24/05/2025,7,15:51,-1,E09000014,E09000014,E09000014,6,0,6,30,-1,0,-1,0,-1,-1,-1,0,1,1,1,-1,-1,0,1,1,2,E01002094,3,1,0,1
2025010557907,2025,010557907,514840,192644,-0.34255,51.62091,1,3,2,1,06/02/2025,5,17:50,-1,E09000015,E09000015,E09000015,3,409,6,30,-1,16,2,5,0,-1,-1,12,1,1,1,-1,-1,0,1,1,2,E01002225,3,1,0,1
2025010586134,2025,010586134,513503,186325,-0.36389,51.56439,1,2,2,1,11/07/2025,6,20:01,-1,E09000015,E09000015,E09000015,5,0,6,30,-1,13,4,6,0,-1,-1,0,1,1,1,-1,-1,0,1,1,2,E01002218,7,1,1,0
2024011513158,2024,011513158,558580,188387,0.28688,51.57205,1,3,7,1,06/11/2024,4,15:39,-1,E09000016,E09000016,E09000016,3,127,7,70,-1,-1,2,3,127,-1,-1,0,1,1,1,-1,-1,0,2,1,2,E01002252,3,1,0,1
2025010590967,2025,010590967,552948,185648,0.20449,51.549,1,3,2,1,08/08/2025,6,10:20,-1,E09000016,E09000016,E09000016,5,0,6,30,-1,13,4,6,0,-1,-1,0,1,1,1,-1,-1,0,1,1,2,E01002287,3,1,0,1
2025010605169,2025,010605169,551053,182074,0.17565,51.5174,1,3,2,1,22/10/2025,4,21:09,-1,E09000016,E09000016,E09000016,3,13,3,70,-1,0,-1,0,-1,-1,-1,0,4,2,2,-1,-1,0,2,1,2,E01002370,3,1,0,1
2025010607680,2025,010607680,554191,189887,0.22426,51.58675,1,3,2,2,01/11/2025,7,10:45,-1,E09000016,E09000016,E09000016,3,127,3,40,-1,16,2,5,0,-1,-1,-1,1,1,1,-1,-1,-1,1,3,2,E01002378,3,1,0,1
2025010556365,2025,010556365,515528,178759,-0.33717,51.49598,1,3,2,1,29/01/2025,4,03:27,-1,E09000018,E09000018,E09000018,1,4,3,70,-1,0,-1,0,-1,-1,-1,0,1,4,1,-1,-1,0,1,1,1,E01002678,3,1,0,1
2025010571816,2025,010571816,530452,186017,-0.11962,51.55796,1,3,2,1,28/04/2025,2,09:58,-1,E09000019,E09000019,E09000019,3,1,3,20,-1,99,9,3,503,-1,-1,-1,1,9,9,-1,-1,-1,1,3,2,E01035652,3,1,0,1
2025010568659,2025,010568659,525900,178663,-0.18787,51.4929,1,3,2,1,08/04/2025,3,08:30,-1,E09000020,E09000020,E09000020,5,0,6,30,-1,13,4,6,0,-1,-1,14,1,1,1,-1,-1,0,1,3,2,E01002834,3,1,0,1
2025010557376,2025,010557376,529492,175297,-0.13739,51.46184,1,3,1,1,03/02/2025,2,17:10,-1,E09000022,E09000022,E09000022,3,3,6,20,-1,17,2,3,2217,-1,-1,15,4,1,1,-1,-1,0,1,1,2,E01003041,3,1,0,1
2025010595089,2025,010595089,531084,179149,-0.11306,51.49609,1,2,2,1,31/08/2025,1,12:35,-1,E09000022,E09000022,E09000022,3,3203,6,20,-1,13,9,6,0,-1,-1,-1,1,1,1,-1,-1,-1,1,3,2,E01003014,7,1,1,0
2025010598481,2025,010598481,531761,177206,-0.10404,51.47847,1,3,1,1,18/09/2025,5,10:30,-1,E09000022,E09000022,E09000022,3,202,6,20,-1,0,-1,0,-1,-1,-1,0,1,9,9,-1,-1,0,1,3,2,E01003183,3,1,0,1
2025010569170,2025,010569170,535799,173173,-0.04747,51.44128,1,2,2,1,12/04/2025,7,09:30,-1,E09000023,E09000023,E09000023,3,205,6,30,-1,13,4,3,205,-1,-1,0,1,1,1,-1,-1,0,1,1,2,E01003315,7,1,1,0
2025010569619,2025,010569619,535277,173627,-0.05481,51.44548,1,3,2,1,15/04/2025,3,01:24,-1,E09000023,E09000023,E09000023,5,0,6,20,-1,13,4,6,0,-1,-1,0,4,2,2,-1,-1,17,1,1,2,E01003262,3,1,0,1
2025010571711,2025,010571711,536280,176964,-0.0391,51.47523,1,3,2,1,27/04/2025,1,18:00,-1,E09000023,E09000023,E09000023,3,2,3,20,-1,19,4,6,0,-1,-1,0,1,1,1,-1,-1,0,1,3,2,E01003303,3,1,0,1
2025010576391,2025,010576391,538160,175131,-0.01276,51.4583,1,3,2,1,20/05/2025,3,12:51,-1,E09000023,E09000023,E09000023,3,21,9,20,-1,99,2,6,0,-1,-1,-1,1,9,9,-1,-1,-1,1,3,2,E01033341,3,1,0,1
2025010582122,2025,010582122,538149,171891,-0.01418,51.42919,1,3,1,1,22/06/2025,1,05:56,-1,E09000023,E09000023,E09000023,3,21,6,30,-1,19,4,6,0,-1,-1,17,1,1,1,-1,-1,0,1,1,2,E01003352,3,1,0,1
2025010596891,2025,010596891,536685,175199,-0.03395,51.45927,1,3,1,1,27/08/2025,4,17:11,-1,E09000023,E09000023,E09000023,4,218,6,20,-1,13,2,6,0,-1,-1,14,1,1,1,-1,-1,-1,1,3,2,E01003272,3,1,0,1
2025010608032,2025,010608032,536481,175731,-0.03668,51.4641,1,2,1,1,07/11/2025,6,12:40,-1,E09000023,E09000023,E09000023,6,0,6,20,-1,13,4,6,0,-1,-1,14,1,1,1,-1,-1,0,1,1,2,E01003214,6,1,1,0
2025010569765,2025,010569765,525589,168507,-0.19595,51.4017,1,3,2,3,07/04/2025,2,17:35,-1,E09000024,E09000024,E09000024,3,24,2,20,-1,13,9,6,0,-1,-1,15,1,1,1,-1,-1,0,1,3,2,E01003427,3,1,0,1
2025010632593,2025,010632593,526797,170403,-0.17792,51.41847,1,3,2,1,08/09/2025,2,16:45,-1,E09000024,E09000024,E09000024,3,24,6,30,-1,18,9,6,0,-1,-1,-1,1,1,1,-1,-1,-1,1,3,2,E01003370,3,1,0,1
2025010574039,2025,010574039,538971,184385,0.00255,51.54126,1,3,2,1,09/05/2025,6,22:45,-1,E09000025,E09000025,E09000025,3,11,6,20,-1,0,-1,0,-1,-1,-1,14,4,1,1,-1,-1,0,1,1,2,E01003619,3,1,0,1
2025010590723,2025,010590723,541552,185244,0.04008,51.54834,1,2,2,1,06/08/2025,4,18:37,-1,E09000025,E09000025,E09000025,3,118,6,20,-1,13,4,6,0,-1,-1,13,1,1,1,-1,-1,0,1,1,2,E01003586,7,1,1,0
2025010563359,2025,010563359,532834,176681,-0.08879,51.47351,1,3,2,1,10/03/2025,2,17:40,-1,E09000028,E09000028,E09000028,3,202,6,20,-1,13,9,6,0,-1,-1,14,5,1,1,-1,-1,-1,1,3,2,E01003913,3,1,0,1
2025010581985,2025,010581985,529710,163920,-0.13841,51.35955,1,3,2,1,20/06/2025,6,15:20,-1,E09000029,E09000029,E09000029,4,271,6,30,-1,13,4,6,0,-1,-1,15,1,1,1,-1,-1,0,1,1,2,E01004086,3,1,0,1
2025010591183,2025,010591183,525915,165982,-0.19216,51.37893,1,2,1,1,09/08/2025,7,16:30,-1,E09000029,E09000029,E09000029,4,2230,6,30,-1,0,-1,0,-1,-1,-1,17,1,1,1,-1,-1,0,1,1,2,E01004145,5,1,1,0
2025010582478,2025,010582478,538253,180701,-0.00925,51.50833,1,3,2,1,23/06/2025,2,08:05,-1,E09000030,E09000030,E09000030,3,1206,6,20,-1,13,2,6,0,-1,-1,-1,1,1,1,-1,-1,0,1,3,2,E01004219,3,1,0,1
2025010598348,2025,010598348,533631,182280,-0.07521,51.52363,1,3,2,1,18/09/2025,5,07:50,-1,E09000030,E09000030,E09000030,3,1209,6,20,-1,0,-1,0,-1,-1,-1,-1,1,1,1,-1,-1,-1,1,3,2,E01035669,3,1,0,1
2025010611972,2025,010611972,534076,183119,-0.06848,51.53107,1,3,1,1,26/11/2025,4,15:15,-1,E09000030,E09000030,E09000012,3,1208,9,20,-1,99,9,6,0,-1,-1,13,1,9,9,-1,-1,-1,1,3,2,E01035664,3,1,0,1
2025010560576,2025,010560576,525906,173705,-0.18955,51.44834,1,2,1,1,22/02/2025,7,17:57,-1,E09000032,E09000032,E09000032,3,217,6,20,-1,0,-1,0,-1,-1,-1,0,5,1,1,-1,-1,0,1,1,2,E01004494,7,1,1,0
2025010580229,2025,010580229,526670,175279,-0.178,51.46232,1,3,3,1,11/06/2025,4,17:50,-1,E09000032,E09000032,E09000032,6,0,2,20,-1,0,-1,0,-1,-1,-1,-1,1,1,1,-1,-1,-1,1,3,2,E01004515,3,1,0,1
2025010586129,2025,010586129,526436,175536,-0.18127,51.46468,1,3,2,1,11/07/2025,6,18:52,-1,E09000032,E09000032,E09000032,3,3205,6,20,-1,13,4,6,0,-1,-1,0,1,1,1,-1,-1,0,1,1,2,E01004538,3,1,0,1
2025010591294,2025,010591294,527148,175019,-0.17121,51.45988,1,3,2,1,10/08/2025,1,13:38,-1,E09000032,E09000032,E09000032,3,3,6,20,-1,16,2,4,229,-1,-1,15,1,1,1,-1,-1,0,1,1,2,E01004553,3,1,0,1
2025010604471,2025,010604471,527255,175390,-0.16954,51.46319,1,3,1,1,18/10/2025,7,22:00,-1,E09000032,E09000032,E09000032,3,3036,3,30,-1,99,9,6,0,-1,-1,-1,7,9,9,-1,-1,-1,1,3,2,E01004551,3,1,0,1
2025010555670,2025,010555670,526690,182097,-0.17527,51.52359,1,3,2,1,24/01/2025,6,08:20,-1,E09000033,E09000033,E09000033,3,5,6,20,-1,13,4,6,0,-1,-1,0,1,2,2,-1,-1,0,1,1,2,E01033598,3,1,0,1
2025010581541,2025,010581541,526666,180777,-0.17608,51.51173,1,3,2,1,05/03/2025,4,10:50,-1,E09000033,E09000033,E09000033,3,402,6,20,-1,13,2,3,4209,-1,-1,-1,1,1,1,-1,-1,-1,1,3,2,E01004694,3,1,0,1
2025010598744,2025,010598744,529519,178277,-0.13591,51.48862,1,2,1,1,20/09/2025,7,19:35,-1,E09000033,E09000033,E09000033,5,0,6,20,-1,16,2,6,0,-1,-1,17,4,4,1,-1,-1,0,1,1,2,E01004741,7,1,1,0
2025010608622,2025,010608622,529606,178560,-0.13456,51.49114,1,2,1,2,10/11/2025,2,14:31,-1,E09000033,E09000033,E09000033,3,202,6,20,-1,0,-1,0,-1,-1,-1,14,1,2,2,-1,-1,0,1,1,2,E01004747,7,1,1,0
2024351441042,2024,351441042,549663,265258,0.1917,52.26512,35,3,2,1,06/04/2024,7,21:18,-1,E07000012,E10000003,E10000003,6,0,6,30,-1,13,4,6,0,-1,-1,0,4,4,1,-1,-1,0,2,1,2,E01018300,3,1,0,1
2024351442232,2024,351442232,549613,265316,0.19099,52.26566,35,3,2,1,06/05/2024,2,08:20,-1,E07000012,E10000003,E10000003,6,0,6,30,-1,13,4,6,0,-1,-1,0,1,1,1,-1,-1,0,2,3,2,E01018300,3,1,0,1
2024351525948,2024,351525948,552613,248230,0.22723,52.11134,35,3,2,1,30/11/2024,7,09:50,-1,E07000012,E10000003,E10000003,6,0,6,30,-1,0,-1,-1,-1,-1,-1,0,1,1,2,-1,-1,0,2,3,2,E01018288,3,1,0,1
2025351572750,2025,351572750,546263,256336,0.13806,52.18588,35,2,2,1,01/04/2025,3,08:20,-1,E07000008,E10000003,E10000003,3,1307,6,20,-1,13,4,6,0,-1,-1,14,1,1,1,-1,-1,0,1,3,2,E01017996,7,1,1,0
2025351691435,2025,351691435,559672,274555,0.34264,52.34582,35,3,2,3,05/12/2025,6,19:03,-1,E07000009,E10000003,E10000003,3,142,6,60,-1,13,4,6,0,-1,-1,0,6,2,2,-1,-1,0,2,1,2,E01018047,3,1,0,1
2024302500272,2024,302500272,436450,339993,-1.45888,52.95608,30,3,1,1,25/12/2024,4,02:25,-1,E07000036,E10000007,E10000007,3,38,3,60,-1,17,2,3,38,-1,-1,0,4,1,2,-1,-1,0,2,1,1,E01019671,3,1,0,1
2024302500283,2024,302500283,411278,367641,-1.83261,53.20572,30,3,3,3,27/12/2024,6,17:45,-1,E07000037,E10000007,E10000007,3,515,6,50,-1,0,-1,-1,-1,-1,-1,0,6,2,2,-1,-1,0,2,1,2,E01019714,3,1,0,1
2025302500228,2025,302500228,444599,346959,-1.33663,53.01808,30,3,2,1,13/02/2025,5,11:55,-1,E07000032,E10000007,E10000007,3,608,6,30,-1,13,4,6,0,-1,-1,0,1,4,1,-1,-1,0,1,3,2,E01019453,3,1,0,1
2025302500400,2025,302500400,438795,375051,-1.41975,53.27104,30,3,2,1,14/03/2025,6,15:10,-1,E07000034,E10000007,E10000007,6,0,6,30,-1,13,4,6,0,-1,-1,0,1,1,9,-1,-1,0,1,3,2,E01019572,3,1,0,1
2025302500992,2025,302500992,417189,345662,-1.74528,53.008,30,3,2,1,29/06/2025,1,16:15,-1,E07000035,E10000007,E10000007,3,515,6,40,-1,13,4,6,0,-1,-1,0,1,1,1,-1,-1,0,2,3,2,E01019607,3,1,0,1
2025302501014,2025,302501014,412840,368885,-1.80917,53.21687,30,3,2,1,29/06/2025,1,17:35,-1,E07000035,E10000007,E10000007,6,0,6,60,-1,0,-1,0,-1,-1,-1,0,1,1,1,-1,-1,0,2,1,2,E01019613,3,1,0,1
2025302501614,2025,302501614,442148,372631,-1.36979,53.24903,30,3,3,2,04/09/2025,5,18:55,-1,E07000034,E10000007,E10000007,6,0,6,30,-1,13,4,6,0,-1,-1,0,1,2,2,-1,-1,0,1,1,2,E01019551,3,1,0,1
2025302501900,2025,302501900,429860,314235,-1.55932,52.72494,30,3,2,4,24/11/2025,2,16:25,-1,E07000039,E10000007,E10000007,3,444,6,40,-1,0,-1,0,-1,-1,-1,0,6,1,2,-1,-1,0,2,1,2,E01019872,3,1,0,1
2024501422444,2024,501422444,289072,87500,-3.57132,50.67656,50,3,2,1,19/03/2024,3,10:30,-1,E07000045,E10000008,E10000008,6,0,6,60,-1,0,-1,6,0,-1,-1,0,1,1,2,-1,-1,0,2,1,2,E01020241,3,1,0,1
2024501443401,2024,501443401,281499,95166,-3.68092,50.74397,50,3,2,1,15/05/2024,4,18:15,-1,E07000045,E10000008,E10000008,6,0,6,60,-1,0,-1,-1,-1,-1,-1,0,1,1,1,-1,-1,0,2,1,2,E01020263,3,1,0,1
2024501464597,2024,501464597,298241,113284,-3.44875,50.91002,50,3,2,1,07/07/2024,1,17:15,-1,E07000042,E10000008,E10000008,6,0,6,40,-1,16,4,6,0,-1,-1,0,1,1,1,-1,-1,0,2,1,2,E01034636,3,1,0,1
2024501474022,2024,501474022,255915,133322,-4.05838,51.08108,50,3,1,1,30/07/2024,3,18:05,-1,E07000043,E10000008,E10000008,6,0,6,30,-1,19,4,6,0,-1,-1,0,1,1,1,-1,-1,0,1,1,2,E01020094,3,1,0,1
2024501474753,2024,501474753,260226,55673,-3.96741,50.38429,50,3,1,2,01/08/2024,5,12:20,-1,E07000044,E10000008,E10000008,3,38,3,70,-1,0,-1,3,38,-1,-1,0,1,1,1,-1,-1,0,2,1,1,E01020149,3,1,0,1
2024501493616,2024,501493616,290940,82281,-3.54336,50.62999,50,2,2,1,19/09/2024,5,17:15,-1,E07000045,E10000008,E10000008,3,380,3,70,-1,0,-1,-1,-1,-1,-1,0,1,1,1,-1,-1,0,2,1,2,E01020241,7,1,1,0
2025501549854,2025,501549854,294143,89539,-3.50016,50.69583,50,2,2,1,02/02/2025,1,12:35,-1,E07000041,E10000008,E10000008,3,379,6,40,-1,13,4,6,0,-1,-1,0,1,8,1,-1,-1,0,2,1,2,E01019970,7,1,1,0
2025501553818,2025,501553818,300115,108059,-3.42067,50.86338,50,3,2,2,13/02/2025,5,08:07,-1,E07000042,E10000008,E10000008,6,0,6,60,-1,0,-1,6,0,-1,-1,0,1,1,1,-1,-1,17,2,1,2,E01020056,3,1,0,1
2025501556936,2025,501556936,315417,99173,-3.20124,50.78594,50,3,2,5,21/02/2025,6,21:15,-1,E07000040,E10000008,E10000008,3,375,6,60,-1,0,-1,6,0,-1,-1,0,6,2,2,-1,-1,15,2,1,2,E01019931,3,1,0,1
2025501565919,2025,501565919,272238,47071,-3.79562,50.3097,50,3,2,1,25/02/2025,3,13:10,-1,E07000044,E10000008,E10000008,6,0,6,60,-1,0,-1,6,0,-1,-1,0,1,1,5,-1,-1,21,2,1,2,E01020179,3,1,0,1
2025501570677,2025,501570677,288056,72957,-3.5813,50.54563,50,3,2,1,28/03/2025,6,14:20,-1,E07000045,E10000008,E10000008,3,381,1,40,-1,-1,4,3,381,-1,-1,0,1,8,1,-1,-1,0,2,3,2,E01020251,3,1,0,1
2025501591143,2025,501591143,284596,69256,-3.62897,50.51169,50,3,1,1,16/05/2025,6,13:09,-1,E07000045,E10000008,E10000008,6,0,6,60,-1,0,-1,6,0,-1,-1,0,1,1,2,-1,-1,0,2,1,2,E01020191,3,1,0,1
2025501618224,2025,501618224,250439,70277,-4.11081,50.51313,50,3,1,1,16/07/2025,4,18:55,-1,E07000047,E10000008,E10000008,3,386,6,60,-1,0,-1,6,0,-1,-1,0,6,8,2,-1,-1,21,2,1,2,E01020341,3,1,0,1
2025501680598,2025,501680598,257905,55374,-3.99992,50.38105,50,3,7,1,09/12/2025,3,17:16,-1,E07000044,E10000008,E10000008,3,38,3,70,-1,0,-1,3,38,-1,-1,0,6,8,2,-1,-1,0,2,1,1,E01020149,3,1,0,1
2025501682808,2025,501682808,314602,99939,-3.21298,50.7927,50,3,3,3,13/12/2025,7,10:00,-1,E07000040,E10000008,E10000008,3,30,3,70,-1,0,-1,3,30,-1,-1,0,1,1,1,-1,-1,0,1,1,1,E01019930,3,1,0,1
2025501685611,2025,501685611,235902,84778,-4.32207,50.63953,50,3,1,1,19/12/2025,6,14:49,-1,E07000047,E10000008,E10000008,3,388,6,60,-1,0,-1,0,-1,-1,-1,0,1,8,2,-1,-1,0,2,1,2,E01020340,3,1,0,1
2024471398296,2024,471398296,537240,119712,-0.04718,50.9605,47,3,2,1,14/01/2024,1,15:35,-1,E07000063,E10000011,E10000011,6,0,6,60,-1,0,-1,6,0,-1,-1,0,1,1,2,-1,-1,0,2,1,2,E01021025,3,1,0,1
2024471405440,2024,471405440,571444,107640,0.43377,50.84289,47,2,2,2,31/01/2024,4,10:22,-1,E07000064,E10000011,E10000011,4,2182,6,30,-1,13,4,6,0,-1,-1,0,1,1,1,-1,-1,0,1,3,2,E01021124,7,1,1,0
2024471414113,2024,471414113,551789,135598,0.16649,51.0996,47,2,4,2,26/02/2024,2,07:26,-1,E07000065,E10000011,E10000011,4,2188,6,60,-1,0,-1,6,0,-1,-1,0,1,2,2,-1,-1,0,2,1,2,E01021173,5,1,1,0
2024471428434,2024,471428434,574691,109501,0.48073,50.85864,47,3,2,1,05/04/2024,6,09:40,-1,E07000064,E10000011,E10000011,3,2690,1,30,-1,0,-1,-1,-1,-1,-1,0,1,1,2,-1,-1,0,2,1,2,E01021136,3,1,0,1
2024471456395,2024,471456395,543322,127416,0.0424,51.02825,47,2,2,1,16/06/2024,1,12:20,-1,E07000065,E10000011,E10000011,6,0,6,60,-1,0,-1,-1,-1,-1,-1,0,1,2,2,-1,-1,0,2,1,2,E01021164,7,1,1,0
2024471469523,2024,471469523,546290,113165,0.07897,50.89944,47,2,3,1,17/07/2024,4,16:39,-1,E07000063,E10000011,E10000011,4,2192,6,40,-1,0,-1,6,0,-1,-1,0,1,1,1,-1,-1,0,2,1,2,E01021054,6,1,1,0
2024471492590,2024,471492590,560794,98516,0.27864,50.76396,47,3,2,2,15/09/2024,1,18:09,-1,E07000061,E10000011,E10000011,6,0,6,30,-1,16,4,6,0,-1,-1,12,1,1,1,-1,-1,0,1,1,2,E01020936,3,1,0,1
2024471494910,2024,471494910,556034,137142,0.22773,51.11233,47,2,2,2,23/09/2024,2,13:52,-1,E07000065,E10000011,E10000011,6,0,6,60,-1,19,4,6,0,-1,-1,0,1,1,2,-1,-1,0,2,1,2,E01021171,6,1,1,0
2025471575260,2025,471575260,541675,110273,0.01227,50.8746,47,3,1,1,08/04/2025,3,10:07,-1,E07000063,E10000011,E10000011,3,2029,6,20,-1,13,4,6,0,-1,-1,0,1,1,1,-1,-1,0,1,3,2,E01021035,3,1,0,1
2025471651088,2025,471651088,562856,102080,0.30943,50.79541,47,3,2,1,06/10/2025,2,18:48,-1,E07000061,E10000011,E10000011,6,0,6,30,-1,17,4,6,0,-1,-1,0,4,1,1,-1,-1,0,1,1,2,E01020957,3,1,0,1
2025471656438,2025,471656438,537226,109149,-0.05135,50.86557,47,3,2,1,19/10/2025,1,19:06,-1,E07000063,E10000011,E10000011,3,27,3,70,-1,0,-1,6,0,-1,-1,0,6,2,2,-1,-1,0,2,1,1,E01021032,3,1,0,1
2025471665063,2025,471665063,573967,107477,0.4695,50.84067,47,2,2,1,19/10/2025,1,19:10,-1,E07000064,E10000011,E10000011,4,2098,1,30,-1,-1,4,6,0,-1,-1,13,4,2,2,-1,-1,0,1,1,2,E01021090,7,1,1,0
2024421396773,2024,421396773,573811,188009,0.50626,51.56417,42,3,1,1,10/01/2024,4,11:35,-1,E07000066,E10000012,E10000012,6,0,6,20,-1,0,-1,-1,-1,-1,-1,0,1,1,1,-1,-1,0,1,1,2,E01021310,3,1,0,1
2024421398063,2024,421398063,615863,230386,1.13836,51.93011,42,2,2,2,13/01/2024,7,19:07,-1,E07000076,E10000012,E10000012,4,1352,6,60,-1,0,-1,-1,-1,-1,-1,0,6,1,2,-1,-1,0,2,1,2,E01021978,7,1,1,0
2024421414392,2024,421414392,616889,217197,1.14498,51.81131,42,3,2,1,23/02/2024,6,15:45,-1,E07000076,E10000012,E10000012,3,133,1,40,-1,-1,4,6,0,-1,-1,0,1,1,1,-1,-1,0,2,3,2,E01022039,3,1,0,1
2024421421409,2024,421421409,545150,204892,0.10008,51.72397,42,3,2,2,15/03/2024,6,18:00,-1,E07000072,E10000012,E10000012,6,0,6,60,-1,0,-1,4,60,-1,-1,0,6,1,1,-1,-1,0,2,1,2,E01021741,3,1,0,1
2024421432786,2024,421432786,561713,189023,0.33234,51.57688,42,3,2,2,17/04/2024,4,15:06,-1,E07000068,E10000012,E10000012,3,127,3,70,-1,0,-1,6,0,-1,-1,0,1,1,1,-1,-1,0,2,1,2,E01021473,3,1,0,1
2024421433667,2024,421433667,601938,224674,0.93277,51.88404,42,3,2,1,18/04/2024,5,23:58,-1,E07000071,E10000012,E10000012,3,133,6,30,-1,0,-1,3,134,-1,-1,0,4,1,1,-1,-1,0,1,1,2,E01033722,3,1,0,1
2024421447307,2024,421447307,618063,215194,1.16073,51.79287,42,3,2,1,22/05/2024,4,09:12,-1,E07000076,E10000012,E10000012,4,1032,6,30,-1,16,4,6,0,-1,-1,0,1,1,1,-1,-1,0,1,1,2,E01022049,3,1,0,1
2024421473415,2024,421473415,570860,200414,0.46977,51.67651,42,3,2,2,29/07/2024,2,10:43,-1,E07000070,E10000012,E10000012,5,0,6,30,-1,0,-1,6,0,-1,-1,0,1,1,1,-1,-1,0,2,1,2,E01034085,3,1,0,1
2024421489510,2024,421489510,539391,206081,0.01723,51.73611,42,3,2,1,13/08/2024,3,05:58,-1,E07000072,E10000012,E10000012,6,0,6,30,-1,13,4,6,0,-1,-1,0,1,1,1,-1,-1,0,1,1,2,E01021793,3,1,0,1
2024421530377,2024,421530377,602907,220336,0.94429,51.84474,42,3,2,1,12/12/2024,5,20:30,-1,E07000071,E10000012,E10000012,6,0,1,60,-1,-1,4,6,0,-1,-1,0,1,8,1,-1,-1,0,2,2,2,E01021694,3,1,0,1
2024421532919,2024,421532919,574424,188795,0.51548,51.57104,42,2,2,1,20/12/2024,6,08:50,-1,E07000066,E10000012,E10000012,6,0,6,30,-1,0,-1,6,0,-1,-1,0,1,1,1,-1,-1,0,1,3,2,E01021315,7,1,1,0
2025421560247,2025,421560247,591228,223649,0.77679,51.87861,42,2,1,1,02/03/2025,1,17:05,-1,E07000071,E10000012,E10000012,3,120,6,40,-1,0,-1,6,0,-1,-1,0,1,1,1,-1,-1,0,2,1,1,E01021678,6,1,1,0
2025421580839,2025,421580839,542546,209119,0.06413,51.76262,42,2,2,1,23/04/2025,4,04:55,-1,E07000073,E10000012,E10000012,6,0,6,30,-1,0,-1,6,0,-1,-1,0,4,2,2,-1,-1,0,1,1,2,E01021840,7,1,1,0
2025421627403,2025,421627403,577018,183512,0.55022,51.52278,42,3,1,1,11/08/2025,2,09:45,-1,E07000069,E10000012,E10000012,6,0,6,20,-1,0,-1,0,-1,-1,-1,0,1,1,1,-1,-1,0,2,1,2,E01021503,3,1,0,1
2025421637080,2025,421637080,591562,188322,0.76222,51.56124,42,3,1,1,03/09/2025,4,23:40,-1,E07000075,E10000012,E10000012,6,0,6,30,-1,0,-1,0,-1,-1,-1,0,6,1,1,-1,-1,0,2,1,2,E01021917,3,1,0,1
2025421646155,2025,421646155,572759,208171,0.50105,51.7456,42,2,1,1,24/09/2025,4,22:17,-1,E07000070,E10000012,E10000012,4,1137,3,40,-1,0,-1,4,1137,-1,-1,0,4,1,1,-1,-1,0,1,1,2,E01021626,6,1,1,0
2025421653028,2025,421653028,570477,207178,0.46754,51.73738,42,3,2,1,10/10/2025,6,18:50,-1,E07000070,E10000012,E10000012,6,0,6,30,-1,13,4,6,0,-1,-1,0,7,1,1,-1,-1,0,1,3,2,E01034089,3,1,0,1
2025421679838,2025,421679838,539004,205218,0.01129,51.72845,42,2,1,1,08/12/2025,2,11:38,-1,E07000072,E10000012,E10000012,4,194,6,50,-1,0,-1,6,0,-1,-1,0,1,1,2,-1,-1,0,2,1,2,E01021793,5,1,1,0
2024531393655,2024,531393655,373548,219945,-2.38566,51.87744,53,3,2,1,01/01/2024,2,09:40,-1,E07000080,E10000013,E10000013,6,0,6,60,-1,0,-1,6,0,-1,-1,0,1,1,2,-1,-1,0,2,1,2,E01022235,3,1,0,1
2024531463275,2024,531463275,376719,206534,-2.33869,51.75701,53,2,1,1,03/07/2024,4,20:49,-1,E07000082,E10000013,E10000013,3,38,6,50,-1,0,-1,-1,-1,-1,-1,0,1,1,1,-1,-1,0,2,1,2,E01022376,5,1,1,0
2024531473751,2024,531473751,396334,222475,-2.05469,51.90081,53,3,2,1,13/07/2024,7,16:57,-1,E07000078,E10000013,E10000013,6,0,1,30,-1,-1,4,4,4075,-1,-1,0,1,1,1,-1,-1,0,1,1,2,E01022100,3,1,0,1
2024531510272,2024,531510272,395483,227254,-2.06712,51.94377,53,3,4,2,25/10/2024,6,14:50,-1,E07000083,E10000013,E10000013,6,0,6,30,-1,0,-1,6,0,-1,-1,0,1,1,1,-1,-1,0,1,1,2,E01022438,3,1,0,1
2024531517005,2024,531517005,392601,233237,-2.10918,51.99753,53,2,3,1,15/11/2024,6,18:15,-1,E07000083,E10000013,E10000013,3,46,6,30,-1,0,-1,3,46,-1,-1,0,4,1,1,-1,-1,0,2,1,1,E01022450,6,1,1,0
2025531609337,2025,531609337,402492,228287,-1.96515,51.95307,53,3,2,1,30/06/2025,2,05:45,-1,E07000083,E10000013,E10000013,4,4632,6,30,-1,13,4,6,0,-1,-1,0,1,8,1,-1,-1,0,2,1,2,E01022463,3,1,0,1
2025531629698,2025,531629698,382397,215292,-2.25688,51.83596,53,3,2,2,06/08/2025,4,19:19,-1,E07000081,E10000013,E10000013,6,0,1,30,-1,-1,4,6,0,-1,-1,0,6,8,1,-1,-1,0,1,1,2,E01022301,3,1,0,1
2025531707746,2025,531707746,384953,217697,-2.21989,51.85765,53,3,1,1,22/10/2025,4,08:57,-1,E07000081,E10000013,E10000013,6,0,6,40,-1,16,4,3,38,-1,-1,14,1,1,1,-1,-1,0,1,1,2,E01022287,3,1,0,1
2025440465578,2025,440465578,459532,110763,-1.15493,50.89329,44,2,2,2,14/10/2025,3,13:12,-1,E07000094,E10000014,E10000014,4,2177,6,30,-1,18,4,6,0,-1,-1,0,1,1,1,-1,-1,0,2,1,2,E01034733,6,1,1,0
2025440473645,2025,440473645,448221,114264,-1.31528,50.92582,44,3,3,1,19/10/2025,1,14:12,-1,E07000086,E10000014,E10000014,4,3035,6,40,-1,0,-1,0,-1,-1,-1,0,1,1,2,-1,-1,0,2,1,2,E01022713,3,1,0,1
2025440474721,2025,440474721,466381,151785,-1.05004,51.26137,44,3,1,1,20/10/2025,2,11:30,-1,E07000084,E10000014,E10000014,1,3,3,70,-1,0,-1,0,-1,-1,-1,0,1,2,5,-1,-1,0,2,1,1,E01022468,3,1,0,1
2025440515050,2025,440515050,471662,108014,-0.98302,50.8672,44,3,2,1,14/11/2025,6,09:37,-1,E07000090,E10000014,E10000014,6,0,6,30,-1,13,4,6,0,-1,-1,0,1,2,2,-1,-1,0,1,1,2,E01022903,3,1,0,1
2025440526153,2025,440526153,479064,135199,-0.87195,51.11064,44,3,2,1,21/11/2025,6,13:08,-1,E07000085,E10000014,E10000014,3,325,6,40,-1,13,2,6,0,-1,-1,0,1,1,1,-1,-1,0,2,1,2,E01034722,3,1,0,1
2025440531236,2025,440531236,486365,152559,-0.76351,51.26565,44,3,2,1,24/11/2025,2,20:27,-1,E07000092,E10000014,E10000014,3,325,3,50,-1,0,-1,0,-1,-1,-1,0,4,2,2,-1,-1,0,2,1,2,E01023136,3,1,0,1
2024411428190,2024,411428190,522464,208606,-0.22688,51.76275,41,3,1,1,23/01/2024,3,10:01,-1,E07000241,E10000015,E10000015,6,0,6,20,-1,0,-1,-1,-1,-1,-1,0,1,8,1,-1,-1,0,1,1,2,E01023920,3,1,0,1
2024411456576,2024,411456576,536142,214925,-0.02632,51.81638,41,3,2,1,15/06/2024,7,11:30,-1,E07000242,E10000015,E10000015,6,0,6,30,-1,16,4,6,0,-1,-1,0,1,1,2,-1,-1,0,1,3,2,E01023519,3,1,0,1
2024411498663,2024,411498663,548393,214777,0.15121,51.81193,41,3,1,1,27/09/2024,6,23:45,-1,E07000242,E10000015,E10000015,6,0,6,30,-1,13,4,6,0,-1,-1,0,4,1,1,-1,-1,0,1,1,2,E01023502,3,1,0,1
2024411519287,2024,411519287,521164,207463,-0.2461,51.75276,41,3,2,1,11/11/2024,2,09:54,-1,E07000241,E10000015,E10000015,3,414,1,40,-1,-1,2,2,1,-1,-1,0,1,1,1,-1,-1,0,2,3,2,E01023938,3,1,0,1
2024411535865,2024,411535865,513380,197836,-0.36195,51.66787,41,3,3,1,09/12/2024,2,08:35,-1,E07000098,E10000015,E10000015,1,1,3,70,-1,0,-1,1,1,-1,-1,0,1,5,2,-1,-1,0,2,1,1,E01023555,3,1,0,1
2024411538209,2024,411538209,509578,207237,-0.41395,51.75312,41,3,2,5,25/12/2024,4,20:32,-1,E07000240,E10000015,E10000015,1,1,3,70,-1,0,-1,-1,-1,-1,-1,0,4,2,2,-1,-1,0,2,1,1,E01023722,3,1,0,1
2025411550584,2025,411550584,507823,216783,-0.4364,51.83925,41,3,2,1,23/01/2025,5,08:20,-1,E07000096,E10000015,E10000015,6,0,6,60,-1,0,-1,6,0,-1,-1,0,1,1,2,-1,-1,0,2,1,2,E01023430,3,1,0,1
2025411560509,2025,411560509,511145,199263,-0.3938,51.68114,41,3,2,1,25/02/2025,3,13:15,-1,E07000103,E10000015,E10000015,3,412,6,30,-1,19,4,3,41,-1,-1,15,1,1,1,-1,-1,0,1,3,2,E01023872,3,1,0,1
2025411582924,2025,411582924,526295,222133,-0.16647,51.88346,41,2,1,1,22/04/2025,3,17:15,-1,E07000243,E10000015,E10000015,3,602,6,40,-1,0,-1,0,-1,-1,-1,0,1,1,1,-1,-1,0,1,1,2,E01023763,5,1,1,0
2025411622114,2025,411622114,526328,223321,-0.16555,51.89413,41,3,1,1,29/05/2025,5,16:03,-1,E07000243,E10000015,E10000015,6,0,6,30,-1,0,-1,6,0,-1,-1,0,1,1,1,-1,-1,0,1,1,2,E01023754,3,1,0,1
2025411684742,2025,411684742,512743,198184,-0.37104,51.67113,41,3,2,1,02/12/2025,3,12:50,-1,E07000098,E10000015,E10000015,3,4008,1,70,-1,0,-1,3,4008,-1,-1,0,1,1,1,-1,-1,0,2,1,2,E01023552,3,1,0,1
2025411680332,2025,411680332,509110,215324,-0.41818,51.82589,41,3,2,1,09/12/2025,3,09:20,-1,E07000240,E10000015,E10000015,1,1,3,60,-1,0,-1,0,-1,-1,-1,-1,1,2,2,-1,-1,0,2,3,1,E01023725,3,1,0,1
2024461397539,2024,461397539,589864,163835,0.72463,51.34189,46,3,2,1,12/01/2024,6,08:45,-1,E07000113,E10000016,E10000016,3,2,6,30,-1,13,4,6,0,-1,-1,17,1,1,1,-1,-1,17,1,1,2,E01024559,3,1,0,1
2024461400668,2024,461400668,555490,171613,0.23494,51.4222,46,3,2,1,18/01/2024,5,12:59,-1,E07000107,E10000016,E10000016,1,25,3,70,-1,0,-1,1,25,-1,-1,0,1,1,1,-1,-1,0,2,1,1,E01024135,3,1,0,1
2024461403315,2024,461403315,615308,157499,1.08559,51.27594,46,2,1,1,26/01/2024,6,11:07,-1,E07000106,E10000016,E10000016,3,257,3,30,-1,0,-1,3,2050,-1,-1,14,1,1,1,-1,-1,0,1,1,2,E01024044,7,1,1,0
2024461405089,2024,461405089,614579,158110,1.07552,51.2817,46,3,2,1,01/02/2024,5,07:30,-1,E07000106,E10000016,E10000016,6,0,1,20,-1,-1,4,3,290,-1,-1,0,1,1,1,-1,-1,0,1,1,2,E01024104,3,1,0,1
2024461416370,2024,461416370,558627,170051,0.27933,51.4073,46,3,1,4,02/03/2024,7,21:49,-1,E07000107,E10000016,E10000016,6,0,6,60,-1,0,-1,4,260,-1,-1,0,6,1,1,-1,-1,0,2,1,2,E01024135,3,1,0,1
2024461431240,2024,461431240,601471,145792,0.8809,51.17586,46,2,3,2,21/03/2024,5,19:00,-1,E07000105,E10000016,E10000016,3,251,6,30,-1,0,-1,3,251,-1,-1,15,4,1,1,-1,-1,0,1,1,2,E01032812,7,1,1,0
2024461435110,2024,461435110,559681,146546,0.28396,51.19582,46,3,1,1,25/03/2024,2,10:30,-1,E07000115,E10000016,E10000016,3,26,6,30,-1,13,4,3,26,-1,-1,0,1,9,-1,-1,-1,0,1,3,2,E01035008,3,1,0,1
2024461430498,2024,461430498,572823,160364,0.47853,51.31614,46,3,2,1,29/03/2024,6,11:30,-1,E07000115,E10000016,E10000016,6,0,6,60,-1,13,4,6,0,-1,-1,0,1,9,1,-1,-1,17,2,3,2,E01024728,3,1,0,1
2024461438418,2024,461438418,623465,137585,1.18997,51.09401,46,3,2,1,30/04/2024,3,13:55,-1,E07000112,E10000016,E10000016,6,0,6,30,-1,0,-1,-1,-1,-1,-1,0,1,1,1,-1,-1,0,1,1,2,E01024498,3,1,0,1
2024461441217,2024,461441217,543656,147657,0.05522,51.21006,46,3,1,1,02/05/2024,5,17:38,-1,E07000111,E10000016,E10000016,6,0,6,60,-1,0,-1,-1,-1,-1,-1,0,1,1,2,-1,-1,0,2,1,2,E01024426,3,1,0,1
2024461462475,2024,461462475,582218,163589,0.61485,51.34218,46,3,2,1,11/06/2024,3,17:15,-1,E07000113,E10000016,E10000016,1,2,3,70,-1,0,-1,-1,-1,-1,-1,0,1,1,2,-1,-1,0,2,3,1,E01024570,3,1,0,1
2024461471483,2024,461471483,602342,161119,0.902,51.31319,46,3,2,1,19/07/2024,6,04:48,-1,E07000113,E10000016,E10000016,4,2040,6,20,-1,13,-1,6,0,-1,-1,0,1,1,1,-1,-1,0,1,3,2,E01024552,3,1,0,1
2024461476874,2024,461476874,573667,159298,0.49011,51.3063,46,2,2,1,07/08/2024,4,09:07,-1,E07000115,E10000016,E10000016,6,0,6,60,-1,0,-1,-1,-1,-1,-1,0,1,1,1,-1,-1,21,2,1,2,E01024719,6,1,1,0
2024461507229,2024,461507229,584034,163852,0.64103,51.34395,46,3,1,1,22/10/2024,3,04:48,-1,E07000113,E10000016,E10000016,6,0,6,60,-1,0,-1,6,0,-1,-1,0,6,1,1,-1,-1,21,2,1,2,E01024570,3,1,0,1
2024461509706,2024,461509706,569127,153405,0.42226,51.25473,46,3,3,1,28/10/2024,2,05:46,-1,E07000115,E10000016,E10000016,4,2015,6,30,-1,0,-1,6,0,-1,-1,0,1,1,2,-1,-1,0,2,1,2,E01024781,3,1,0,1
2024461510424,2024,461510424,602447,160305,0.90305,51.30585,46,2,1,1,30/10/2024,4,09:05,-1,E07000113,E10000016,E10000016,3,2,6,30,-1,0,-1,-1,-1,-1,-1,17,1,1,1,-1,-1,0,1,1,2,E01024625,7,1,1,0
2024461524698,2024,461524698,553276,175359,0.20475,51.45646,46,3,2,1,29/11/2024,6,20:06,-1,E07000107,E10000016,E10000016,3,206,1,40,-1,-1,4,3,206,-1,-1,0,4,1,1,-1,-1,0,2,2,2,E01024180,3,1,0,1
2024461526888,2024,461526888,617128,157832,1.11184,51.27824,46,2,1,1,06/12/2024,6,19:50,-1,E07000106,E10000016,E10000016,6,0,6,40,-1,19,4,3,257,-1,-1,0,6,2,2,-1,-1,15,1,1,2,E01024045,7,1,1,0
2025461552422,2025,461552422,637380,153576,1.39887,51.23197,46,3,1,1,09/02/2025,1,22:00,-1,E07000108,E10000016,E10000016,6,0,6,30,-1,16,4,6,0,-1,-1,0,4,2,2,-1,-1,0,1,1,2,E01024229,3,1,0,1
2025461563993,2025,461563993,553051,168385,0.1985,51.39386,46,2,1,1,12/03/2025,4,05:52,-1,E07000111,E10000016,E10000016,1,25,3,70,-1,0,-1,1,20,-1,-1,0,6,1,1,-1,-1,0,2,1,1,E01024433,7,1,1,0
2025461588061,2025,461588061,615401,166071,1.09209,51.35287,46,3,2,1,09/05/2025,6,13:50,-1,E07000106,E10000016,E10000016,3,299,3,70,-1,0,-1,0,-1,-1,-1,0,1,1,1,-1,-1,0,2,1,2,E01024065,3,1,0,1
2025461597326,2025,461597326,619345,134943,1.12962,51.07188,46,3,2,1,29/05/2025,5,18:09,-1,E07000112,E10000016,E10000016,3,259,6,30,-1,0,-1,6,0,-1,-1,0,1,1,1,-1,-1,0,2,3,2,E01024519,3,1,0,1
2025461599231,2025,461599231,575564,155449,0.51541,51.27115,46,2,1,2,04/06/2025,4,15:48,-1,E07000110,E10000016,E10000016,3,26,6,30,-1,0,-1,6,0,-1,-1,14,1,1,1,-1,-1,0,1,1,2,E01024339,7,1,1,0
2025461598783,2025,461598783,618213,157885,1.12741,51.2783,46,3,2,1,04/06/2025,4,22:07,-1,E07000106,E10000016,E10000016,3,257,6,50,-1,0,-1,6,0,-1,-1,0,6,1,1,-1,-1,0,1,1,2,E01024084,3,1,0,1
2025461607801,2025,461607801,560125,169150,0.30044,51.39879,46,1,2,1,26/06/2025,5,05:05,-1,E07000107,E10000016,E10000016,6,0,6,30,-1,13,4,4,260,-1,-1,14,1,1,2,-1,-1,0,1,1,2,E01024158,1,1,0,0
2025461610605,2025,461610605,566472,170204,0.39209,51.40643,46,3,2,1,01/07/2025,3,07:35,-1,E07000109,E10000016,E10000016,3,2,3,70,-1,0,-1,0,-1,-1,-1,0,1,1,1,-1,-1,0,2,1,1,E01024301,3,1,0,1
2025461619922,2025,461619922,566908,145234,0.38669,51.18197,46,3,2,2,23/07/2025,4,13:46,-1,E07000116,E10000016,E10000016,4,2160,6,30,-1,0,-1,6,0,-1,-1,0,1,1,1,-1,-1,0,2,1,2,E01024814,3,1,0,1
2025461621607,2025,461621607,585042,162648,0.65486,51.33281,46,2,2,2,25/07/2025,6,17:00,-1,E07000113,E10000016,E10000016,1,2,3,70,-1,0,-1,1,2,-1,-1,0,1,1,1,-1,-1,0,2,1,1,E01024570,7,1,1,0
2025461627600,2025,461627600,605766,124886,0.93037,50.98659,46,3,3,3,11/08/2025,2,16:41,-1,E07000112,E10000016,E10000016,3,259,6,50,-1,0,-1,6,0,-1,-1,0,1,1,1,-1,-1,0,2,1,2,E01024540,3,1,0,1
2025461645107,2025,461645107,559873,172682,0.29841,51.43059,46,3,2,2,22/09/2025,2,19:58,-1,E07000107,E10000016,E10000016,3,2,3,70,-1,0,-1,3,2,-1,-1,0,4,1,1,-1,-1,0,2,1,1,E01024134,3,1,0,1
2025461655994,2025,461655994,589939,127422,0.70647,51.0148,46,3,2,1,18/10/2025,7,12:20,-1,E07000105,E10000016,E10000016,4,2082,6,30,-1,13,4,6,0,-1,-1,0,1,1,1,-1,-1,0,2,1,2,E01023998,3,1,0,1
2025461677349,2025,461677349,621179,137831,1.15753,51.09711,46,2,2,1,29/10/2025,4,05:55,-1,E07000112,E10000016,E10000016,3,1,6,30,-1,0,-1,6,0,-1,-1,0,4,1,1,-1,-1,0,2,2,2,E01024492,7,1,1,0
2025461676712,2025,461676712,576707,153997,0.53106,51.25775,46,3,1,1,01/12/2025,2,17:20,-1,E07000110,E10000016,E10000016,3,229,7,30,-1,0,-1,0,-1,-1,-1,0,4,5,2,-1,-1,0,1,1,2,E01024405,3,1,0,1
2025461678980,2025,461678980,551082,168871,0.17043,51.39876,46,2,1,1,05/12/2025,6,21:15,-1,E07000111,E10000016,E10000016,4,2173,6,30,-1,0,-1,6,0,-1,-1,15,4,2,2,-1,-1,0,1,1,2,E01024477,5,1,1,0
2025461680692,2025,461680692,560344,169077,0.30355,51.39807,46,2,3,3,09/12/2025,3,17:50,-1,E07000107,E10000016,E10000016,4,260,6,30,-1,0,-1,6,0,-1,-1,0,4,2,2,-1,-1,0,1,1,2,E01024158,6,1,1,0
2025461688722,2025,461688722,565807,171860,0.38331,51.4215,46,3,2,1,28/12/2025,1,17:45,-1,E07000109,E10000016,E10000016,6,0,6,30,-1,0,-1,6,0,-1,-1,0,4,1,1,-1,-1,0,1,1,2,E01024308,3,1,0,1
2024041396655,2024,041396655,375315,429367,-2.3759,53.76007,4,3,1,1,10/01/2024,4,08:25,-1,E07000120,E10000017,E10000017,6,0,6,30,-1,13,4,6,0,-1,-1,0,1,1,2,-1,-1,0,1,1,2,E01025058,3,1,0,1
2024041431385,2024,041431385,390124,440356,-2.15164,53.85933,4,3,2,1,13/04/2024,7,13:45,-1,E07000122,E10000017,E10000017,4,6250,1,30,-1,0,-1,-1,-1,-1,-1,0,1,2,2,-1,-1,0,1,1,2,E01025208,3,1,0,1
2024041431281,2024,041431281,349450,452635,-2.77204,53.96731,4,2,1,1,13/04/2024,7,17:29,-1,E07000121,E10000017,E10000017,6,0,6,60,-1,19,4,6,0,-1,-1,0,1,1,2,-1,-1,0,2,1,2,E01025105,6,1,1,0
2024041452458,2024,041452458,379680,418613,-2.30899,53.6636,4,3,2,1,05/06/2024,4,07:35,-1,E07000125,E10000017,E10000017,3,56,1,30,-1,-1,4,3,56,-1,-1,0,1,1,1,-1,-1,0,2,2,2,E01025358,3,1,0,1
2024041462427,2024,041462427,355345,430302,-2.67893,53.76714,4,3,1,1,01/07/2024,2,15:35,-1,E07000123,E10000017,E10000017,4,6243,6,30,-1,13,4,6,0,-1,-1,0,1,2,2,-1,-1,0,1,1,2,E01025298,3,1,0,1
2024041471904,2024,041471904,351143,430533,-2.74271,53.76884,4,2,2,1,24/07/2024,4,14:15,-1,E07000123,E10000017,E10000017,3,5085,6,30,-1,19,4,6,0,-1,-1,14,1,1,1,-1,-1,0,1,1,2,E01025267,6,1,1,0
2024041477546,2024,041477546,346251,421390,-2.81533,53.68618,4,3,2,5,08/08/2024,5,20:30,-1,E07000118,E10000017,E10000017,4,5247,6,60,-1,0,-1,3,59,-1,-1,0,6,2,2,-1,-1,0,2,1,2,E01024974,3,1,0,1
2024041490407,2024,041490407,336746,433613,-2.96173,53.79496,4,3,1,1,12/09/2024,5,09:11,-1,E07000119,E10000017,E10000017,1,55,3,70,-1,0,-1,-1,-1,-1,-1,0,1,8,2,-1,-1,0,2,1,1,E01025027,3,1,0,1
2024041491426,2024,041491426,373904,437416,-2.39799,53.83234,4,2,1,1,14/09/2024,7,08:05,-1,E07000124,E10000017,E10000017,3,59,3,70,-1,0,-1,-1,-1,-1,-1,0,1,1,1,-1,-1,0,2,1,2,E01025354,7,1,1,0
2024041493199,2024,041493199,384535,433908,-2.23629,53.80124,4,3,3,1,17/09/2024,3,14:50,-1,E07000117,E10000017,E10000017,3,682,6,30,-1,0,-1,6,0,-1,-1,13,1,1,1,-1,-1,0,1,1,2,E01024857,3,1,0,1
2024041506156,2024,041506156,350979,430565,-2.7452,53.76911,4,3,2,2,19/10/2024,7,15:55,-1,E07000123,E10000017,E10000017,3,5085,6,30,-1,18,4,6,0,-1,-1,0,1,1,1,-1,-1,0,1,1,2,E01025267,3,1,0,1
2024041512869,2024,041512869,375298,428159,-2.37607,53.74921,4,3,2,1,05/11/2024,3,23:00,-1,E07000120,E10000017,E10000017,6,0,6,30,-1,16,4,6,0,-1,-1,0,4,7,1,-1,-1,0,1,1,2,E01025042,3,1,0,1
2025041552298,2025,041552298,378672,424866,-2.32467,53.71976,4,2,3,5,09/02/2025,1,11:55,-1,E07000125,E10000017,E10000017,3,680,6,30,-1,13,4,6,0,-1,-1,0,1,1,2,-1,-1,0,2,1,2,E01025395,6,1,1,0
2025041560086,2025,041560086,351945,431443,-2.73068,53.77709,4,1,1,1,02/03/2025,1,08:29,-1,E07000123,E10000017,E10000017,4,5411,6,30,-1,-1,4,6,0,-1,-1,0,1,1,1,-1,-1,0,1,1,2,E01025240,1,1,0,0
2025041561709,2025,041561709,383381,435330,-2.25388,53.81398,4,3,1,1,06/03/2025,5,06:30,-1,E07000122,E10000017,E10000017,1,65,3,70,-1,0,-1,0,-1,-1,-1,0,1,1,1,-1,-1,0,2,1,2,E01025213,3,1,0,1
2025041573749,2025,041573749,356941,415666,-2.65268,53.63573,4,2,2,1,04/04/2025,6,14:54,-1,E07000118,E10000017,E10000017,4,5251,6,40,-1,13,4,6,0,-1,-1,0,6,1,1,-1,-1,0,2,1,2,E01024943,6,1,1,0
2025041592170,2025,041592170,343494,419439,-2.85671,53.66836,4,3,2,1,11/05/2025,1,08:30,-1,E07000127,E10000017,E10000017,3,565,6,60,-1,13,4,6,0,-1,-1,0,1,1,1,-1,-1,0,2,2,2,E01025531,3,1,0,1
2025041593939,2025,041593939,341167,440461,-2.89594,53.85702,4,3,2,2,23/05/2025,6,14:59,-1,E07000119,E10000017,E10000017,3,586,6,50,-1,0,-1,0,-1,-1,-1,0,1,1,1,-1,-1,0,2,1,2,E01024993,3,1,0,1
2025041636552,2025,041636552,336284,411513,-2.9642,53.5963,4,2,1,1,02/09/2025,3,17:35,-1,E07000127,E10000017,E10000017,6,0,6,60,-1,0,-1,0,-1,-1,-1,0,1,1,1,-1,-1,0,2,2,2,E01025495,6,1,1,0
2025041660353,2025,041660353,381601,423089,-2.28018,53.7039,4,2,2,1,27/10/2025,2,19:31,-1,E07000125,E10000017,E10000017,6,0,6,30,-1,0,-1,6,0,-1,-1,0,4,2,2,-1,-1,0,1,2,2,E01025373,7,1,1,0
2025041667339,2025,041667339,342527,410005,-2.8696,53.58347,4,2,2,2,11/11/2025,3,09:04,-1,E07000127,E10000017,E10000017,3,59,6,60,-1,0,-1,6,0,-1,-1,0,1,1,2,-1,-1,0,2,1,2,E01025517,5,1,1,0
2025041679187,2025,041679187,353525,431018,-2.70665,53.77341,4,2,1,1,06/12/2025,7,12:13,-1,E07000123,E10000017,E10000017,3,6,6,30,-1,0,-1,6,0,-1,-1,0,1,2,2,-1,-1,0,1,1,2,E01025275,6,1,1,0
2025041685548,2025,041685548,349875,404371,-2.75771,53.53359,4,2,2,1,19/12/2025,6,14:20,-1,E07000127,E10000017,E10000017,6,0,6,40,-1,13,4,6,0,-1,-1,0,1,1,1,-1,-1,0,2,1,2,E01025535,5,1,1,0
2024332400114,2024,332400114,460175,315075,-1.11035,52.72998,33,2,2,1,03/02/2024,7,12:20,-1,E07000130,E10000018,E10000018,5,0,6,30,-1,13,4,5,0,-1,-1,0,1,1,1,-1,-1,0,1,1,2,E01025748,6,1,1,0
2024332400218,2024,332400218,459725,283805,-1.12264,52.44895,33,2,2,2,10/03/2024,1,16:25,-1,E07000131,E10000018,E10000018,3,4304,6,60,-1,0,-1,-1,-1,-1,-1,0,1,2,2,-1,-1,0,2,1,2,E01025808,7,1,1,0
2024332400225,2024,332400225,463000,300130,-1.07137,52.59532,33,3,1,1,11/03/2024,2,10:30,-1,E07000135,E10000018,E10000018,3,6,3,40,-1,13,2,4,5403,-1,-1,15,1,1,1,-1,-1,0,1,1,2,E01025971,3,1,0,1
2024332400865,2024,332400865,448660,286910,-1.28498,52.47796,33,2,3,1,17/09/2024,3,10:15,-1,E07000131,E10000018,E10000018,3,5,6,60,-1,0,-1,-1,-1,-1,-1,0,1,1,1,-1,-1,0,2,1,1,E01025816,5,1,1,0
2024332401171,2024,332401171,446675,311735,-1.31071,52.70128,33,2,1,1,06/12/2024,6,07:30,-1,E07000132,E10000018,E10000018,3,511,3,70,-1,0,-1,-1,-1,-1,-1,0,7,1,1,-1,-1,0,2,1,2,E01025871,5,1,1,0
2024332401187,2024,332401187,457862,320852,-1.14358,52.78216,33,3,2,1,10/12/2024,3,18:30,-1,E07000130,E10000018,E10000018,4,676,6,50,-1,13,4,4,676,-1,-1,0,6,1,2,-1,-1,0,2,1,2,E01025760,3,1,0,1
2025332500246,2025,332500246,448997,304327,-1.27745,52.63449,33,3,4,1,17/03/2025,2,08:40,-1,E07000132,E10000018,E10000018,5,0,6,40,-1,13,4,5,0,-1,-1,0,1,1,1,-1,-1,0,2,1,2,E01025876,3,1,0,1
2025332500326,2025,332500326,454305,318645,-1.19667,52.76269,33,3,4,3,07/04/2025,2,15:47,-1,E07000130,E10000018,E10000018,3,6,6,30,-1,13,2,5,0,-1,-1,15,1,1,1,-1,-1,0,1,1,2,E01025715,3,1,0,1
2025332501102,2025,332501102,466364,321713,-1.01737,52.78892,33,3,2,1,18/11/2025,3,08:10,-1,E07000133,E10000018,E10000018,3,6006,6,50,-1,16,4,5,0,-1,-1,0,1,1,1,-1,-1,0,2,1,2,E01025909,3,1,0,1
2025332501219,2025,332501219,442730,314195,-1.36877,52.72372,33,3,1,1,12/12/2025,6,17:00,-1,E07000134,E10000018,E10000018,5,0,6,30,-1,0,-1,0,-1,-1,-1,14,4,1,2,-1,-1,0,1,1,2,E01025930,3,1,0,1
2024361418841,2024,361418841,618996,309716,1.23536,52.64096,36,2,1,1,09/03/2024,7,20:29,-1,E07000149,E10000020,E10000020,3,1074,6,30,-1,13,2,6,0,-1,-1,15,4,1,1,-1,-1,0,1,1,2,E01026918,7,1,1,0
2024361445610,2024,361445610,624454,309023,1.31541,52.63251,36,2,2,1,15/04/2024,2,08:15,-1,E07000148,E10000020,E10000020,6,0,6,30,-1,13,4,6,0,-1,-1,0,1,1,2,-1,-1,0,1,1,2,E01026850,7,1,1,0
2024361455223,2024,361455223,640964,292300,1.54676,52.4754,36,3,2,1,13/05/2024,2,14:45,-1,E07000149,E10000020,E10000020,3,143,1,70,-1,-1,4,3,143,-1,-1,0,1,1,1,-1,-1,14,2,2,2,E01026898,3,1,0,1
2024361449617,2024,361449617,560918,316923,0.38143,52.72602,36,2,2,4,28/05/2024,3,14:10,-1,E07000146,E10000020,E10000020,6,0,6,60,-1,13,4,6,0,-1,-1,0,1,2,2,-1,-1,14,2,1,2,E01026726,6,1,1,0
2024361463065,2024,361463065,652729,305691,1.72979,52.59021,36,3,2,2,29/06/2024,7,13:32,-1,E07000145,E10000020,E10000020,3,1243,6,30,-1,13,4,6,0,-1,-1,0,1,1,1,-1,-1,0,1,1,2,E01026622,3,1,0,1
2024361479373,2024,361479373,563181,318368,0.41562,52.73832,36,2,3,3,13/08/2024,3,16:05,-1,E07000146,E10000020,E10000020,3,149,6,40,-1,16,2,6,0,-1,-1,15,1,1,1,-1,-1,0,1,1,2,E01026704,7,1,1,0
2024361485638,2024,361485638,613986,340966,1.18185,52.92345,36,3,2,1,20/08/2024,3,17:00,-1,E07000147,E10000020,E10000020,3,148,6,60,-1,16,4,6,0,-1,-1,0,1,9,1,-1,-1,0,2,3,2,E01034776,3,1,0,1
2024361490915,2024,361490915,610325,318247,1.11285,52.72097,36,2,2,1,13/09/2024,6,08:54,-1,E07000144,E10000020,E10000020,6,0,6,30,-1,16,4,3,1067,-1,-1,0,1,1,1,-1,-1,0,2,1,2,E01026524,7,1,1,0
2024361529544,2024,361529544,560518,318366,0.37622,52.7391,36,3,1,1,20/10/2024,1,21:34,-1,E07000146,E10000020,E10000020,3,47,3,60,-1,0,-1,6,0,-1,-1,0,6,1,2,-1,-1,0,2,1,1,E01026713,3,1,0,1
2024361524368,2024,361524368,652083,305872,1.72041,52.59213,36,3,2,1,30/11/2024,7,12:00,-1,E07000145,E10000020,E10000020,6,0,1,30,-1,-1,4,3,47,-1,-1,15,1,1,1,-1,-1,0,1,3,2,E01026600,3,1,0,1
2025361545588,2025,361545588,631883,309269,1.42516,52.6316,36,3,2,1,24/01/2025,6,06:55,-1,E07000144,E10000020,E10000020,3,47,3,60,-1,0,-1,0,-1,-1,-1,0,4,5,2,-1,-1,0,2,1,1,E01026509,3,1,0,1
2025361574890,2025,361574890,627771,314309,1.36799,52.67857,36,3,2,1,07/04/2025,2,12:35,-1,E07000144,E10000020,E10000020,3,1151,6,60,-1,0,-1,6,0,-1,-1,0,1,1,1,-1,-1,0,2,1,2,E01026578,3,1,0,1
2025361597547,2025,361597547,621766,310321,1.27663,52.64527,36,3,2,1,30/05/2025,6,13:02,-1,E07000148,E10000020,E10000020,3,1067,1,30,-1,-1,4,3,1024,-1,-1,0,1,1,1,-1,-1,0,1,1,2,E01026828,3,1,0,1
2025361606386,2025,361606386,616871,310356,1.20443,52.64756,36,3,2,1,23/06/2025,2,07:25,-1,E07000149,E10000020,E10000020,3,1074,6,40,-1,0,-1,6,0,-1,-1,0,1,1,1,-1,-1,0,1,1,2,E01026925,3,1,0,1
2025361616685,2025,361616685,621701,307092,1.27351,52.61631,36,2,2,1,09/07/2025,4,08:00,-1,E07000148,E10000020,E10000020,3,11,6,30,-1,0,-1,0,-1,-1,-1,17,1,1,1,-1,-1,0,1,3,2,E01026811,7,1,1,0
2025361677902,2025,361677902,602118,302215,0.9817,52.58017,36,3,2,1,04/12/2025,5,07:05,-1,E07000149,E10000020,E10000020,4,1108,6,20,-1,16,4,6,0,-1,-1,0,1,1,2,-1,-1,0,2,1,2,E01026909,3,1,0,1
2024311395097,2024,311395097,449053,358900,-1.26842,53.12502,31,3,1,1,04/01/2024,5,15:45,-1,E07000170,E10000024,E10000024,6,0,6,30,-1,13,4,4,6023,-1,-1,0,1,1,2,-1,-1,0,1,2,2,E01027968,3,1,0,1
2024311418072,2024,311418072,453785,348050,-1.19952,53.02704,31,3,2,1,28/02/2024,4,15:30,-1,E07000170,E10000024,E10000024,6,0,6,30,-1,13,4,6,0,-1,-1,0,1,1,1,-1,-1,0,1,2,2,E01027930,3,1,0,1
2024311461663,2024,311461663,459647,378770,-1.10642,53.30253,31,2,3,2,25/06/2024,3,19:45,-1,E07000171,E10000024,E10000024,6,0,6,30,-1,0,-1,-1,-1,-1,-1,0,1,1,1,-1,-1,0,1,2,2,E01028066,7,1,1,0
2024311463998,2024,311463998,450159,338819,-1.25501,52.94442,31,3,2,1,05/07/2024,6,16:42,-1,E07000172,E10000024,E10000024,3,6002,6,50,-1,0,-1,3,6002,-1,-1,0,1,1,1,-1,-1,17,2,1,2,E01028090,3,1,0,1
2024311524618,2024,311524618,464711,383139,-1.02955,53.3412,31,3,2,1,09/08/2024,6,11:50,-1,E07000171,E10000024,E10000024,3,1,3,70,-1,0,-1,-1,-1,-1,-1,0,1,1,1,-1,-1,0,2,1,1,E01028036,3,1,0,1
2025311540582,2025,311540582,451684,344394,-1.23143,52.99439,31,3,2,1,12/01/2025,1,14:06,-1,E07000172,E10000024,E10000024,1,1,3,70,-1,0,-1,1,1,-1,-1,0,1,1,2,-1,-1,0,1,1,1,E01028119,3,1,0,1
2025311585221,2025,311585221,458140,343979,-1.13533,52.99,31,3,2,1,30/04/2025,4,21:34,-1,E07000173,E10000024,E10000024,6,0,6,30,-1,13,4,6,0,-1,-1,0,4,1,1,-1,-1,0,1,1,2,E01028217,3,1,0,1
2025311645447,2025,311645447,477776,393368,-0.83085,53.43137,31,3,2,1,23/09/2025,3,10:27,-1,E07000171,E10000024,E10000024,3,161,6,30,-1,0,-1,6,0,-1,-1,0,1,1,1,-1,-1,0,2,2,2,E01027999,3,1,0,1
2025311647498,2025,311647498,464862,335442,-1.03691,52.9125,31,3,2,1,28/09/2025,1,10:49,-1,E07000176,E10000024,E10000024,6,0,6,30,-1,13,4,6,0,-1,-1,0,1,1,1,-1,-1,0,2,1,2,E01028370,3,1,0,1
2025311662478,2025,311662478,450808,353412,-1.24306,53.07553,31,3,2,1,13/10/2025,2,06:52,-1,E07000170,E10000024,E10000024,3,611,6,60,-1,0,-1,6,0,-1,-1,0,1,1,2,-1,-1,0,2,1,2,E01027995,3,1,0,1
2025311677890,2025,311677890,459605,378787,-1.10705,53.30269,31,3,3,1,24/10/2025,6,04:52,-1,E07000171,E10000024,E10000024,6,0,6,30,-1,13,4,4,6040,-1,-1,0,4,1,1,-1,-1,0,1,1,2,E01028066,3,1,0,1
2025311660337,2025,311660337,464504,366112,-1.03611,53.1882,31,2,2,1,28/10/2025,3,13:26,-1,E07000175,E10000024,E10000024,4,6030,6,60,-1,0,-1,3,614,-1,-1,0,1,1,1,-1,-1,0,2,1,2,E01028322,7,1,1,0
2025430534957,2025,430534957,452928,205962,-1.23471,51.74986,43,2,2,1,20/10/2025,2,08:29,-1,E07000178,E10000025,E10000025,6,0,6,20,-1,13,4,6,0,-1,-1,0,1,2,2,-1,-1,0,1,1,2,E01028580,7,1,1,0
2025430628128,2025,430628128,435637,209893,-1.48476,51.78657,43,3,2,1,10/12/2025,4,16:30,-1,E07000181,E10000025,E10000025,6,0,1,20,-1,-1,4,6,0,-1,-1,17,4,1,2,-1,-1,0,1,3,2,E01028807,3,1,0,1
2024211394529,2024,211394529,395099,340906,-2.07442,52.96549,21,3,3,3,03/01/2024,4,20:25,-1,E07000197,E10000028,E10000028,3,50,3,70,-1,0,-1,4,5029,-1,-1,0,4,1,2,-1,-1,0,1,1,1,E01029705,3,1,0,1
2024211463167,2024,211463167,399137,356537,-2.01434,53.10602,21,3,1,1,28/06/2024,6,08:05,-1,E07000198,E10000028,E10000028,6,0,6,30,-1,0,-1,6,0,-1,-1,0,1,1,1,-1,-1,0,1,3,2,E01029806,3,1,0,1
2024211467475,2024,211467475,423605,322842,-1.65131,52.80262,21,2,1,1,14/07/2024,1,03:38,-1,E07000193,E10000028,E10000028,3,5121,6,40,-1,0,-1,6,0,-1,-1,0,4,1,2,-1,-1,0,1,1,2,E01029448,7,1,1,0
2024211551306,2024,211551306,388098,326613,-2.17812,52.8369,21,2,2,1,19/09/2024,5,07:50,-1,E07000197,E10000028,E10000028,4,5405,6,30,-1,13,4,6,0,-1,-1,0,1,1,1,-1,-1,0,2,1,2,E01029743,6,1,1,0
2024211504613,2024,211504613,395034,314016,-2.07496,52.72377,21,3,2,2,16/10/2024,4,16:00,-1,E07000196,E10000028,E10000028,6,0,6,60,-1,13,4,6,0,-1,-1,0,1,1,2,-1,-1,17,2,1,2,E01029655,3,1,0,1
2025211569150,2025,211569150,424933,323202,-1.63159,52.8058,21,3,1,1,25/03/2025,3,16:17,-1,E07000193,E10000028,E10000028,6,0,6,30,-1,0,-1,0,-1,-1,-1,14,1,1,1,-1,-1,0,1,1,2,E01032896,3,1,0,1
2025211581725,2025,211581725,404407,320297,-1.93611,52.78024,21,2,1,2,25/04/2025,6,00:20,-1,E07000194,E10000028,E10000028,4,5013,6,60,-1,0,-1,0,-1,-1,-1,0,6,1,1,-1,-1,0,2,1,2,E01029498,5,1,1,0
2025211599502,2025,211599502,400056,310268,-2.00061,52.6901,21,3,2,2,06/06/2025,6,11:07,-1,E07000192,E10000028,E10000028,6,0,6,30,-1,18,-1,6,0,-1,-1,0,1,1,1,-1,-1,0,1,1,2,E01029375,3,1,0,1
2025211626469,2025,211626469,393651,310039,-2.09536,52.688,21,3,2,1,08/08/2025,6,14:10,-1,E07000196,E10000028,E10000028,3,5,6,50,-1,13,2,6,0,-1,-1,0,1,1,1,-1,-1,0,2,1,1,E01029658,3,1,0,1
2025211682122,2025,211682122,386696,289861,-2.19744,52.50648,21,2,2,2,11/12/2025,5,12:54,-1,E07000196,E10000028,E10000028,6,0,6,60,-1,0,-1,0,-1,-1,-1,0,1,1,2,-1,-1,0,2,1,2,E01029645,7,1,1,0
2024371411169,2024,371411169,605791,259448,1.00959,52.19485,37,3,2,1,16/02/2024,6,17:30,-1,E07000203,E10000029,E10000029,4,1115,1,30,-1,-1,4,4,1115,-1,-1,0,4,1,1,-1,-1,0,2,3,2,E01033319,3,1,0,1
2024371422807,2024,371422807,620436,245421,1.21443,52.06328,37,3,3,2,19/02/2024,2,07:36,-1,E07000244,E10000029,E10000029,3,1214,6,30,-1,16,4,6,0,-1,-1,0,1,1,1,-1,-1,0,1,1,2,E01030204,3,1,0,1
2024371434991,2024,371434991,576849,273335,0.5939,52.3296,37,2,2,2,22/04/2024,2,23:05,-1,E07000245,E10000029,E10000029,3,1101,6,60,-1,0,-1,4,1112,-1,-1,0,6,2,2,-1,-1,0,2,1,2,E01029941,6,1,1,0
2024371444669,2024,371444669,566564,246210,0.42978,52.08917,37,2,1,1,18/05/2024,7,20:35,-1,E07000245,E10000029,E10000029,3,1307,6,30,-1,0,-1,6,0,-1,-1,0,1,1,1,-1,-1,0,1,1,2,E01030111,5,1,1,0
2024371497986,2024,371497986,586408,247720,0.71992,52.09641,37,3,1,1,08/07/2024,2,11:05,-1,E07000200,E10000029,E10000029,6,0,6,30,-1,0,-1,6,0,-1,-1,0,1,1,2,-1,-1,0,2,2,2,E01029901,3,1,0,1
2024371479375,2024,371479375,635413,259752,1.44241,52.18573,37,2,1,1,12/08/2024,2,15:00,-1,E07000244,E10000029,E10000029,3,12,6,30,-1,0,-1,6,0,-1,-1,0,1,1,1,-1,-1,0,2,1,2,E01030212,7,1,1,0
2024371518711,2024,371518711,567744,253159,0.45041,52.15124,37,3,2,1,20/11/2024,4,11:50,-1,E07000245,E10000029,E10000029,6,0,6,60,-1,0,-1,-1,-1,-1,-1,0,1,1,2,-1,-1,0,2,1,2,E01030151,3,1,0,1
2025371553434,2025,371553434,612984,249624,1.10851,52.10392,37,3,1,1,21/01/2025,3,22:55,-1,E07000203,E10000029,E10000029,6,0,1,30,-1,-1,4,4,1113,-1,-1,0,4,1,1,-1,-1,17,2,1,2,E01030045,3,1,0,1
2025371571674,2025,371571674,653577,290524,1.73072,52.45376,37,2,1,1,24/01/2025,6,11:43,-1,E07000244,E10000029,E10000029,6,0,6,30,-1,13,4,4,1384,-1,-1,13,1,1,2,-1,-1,0,1,1,2,E01030272,6,1,1,0
2025371576717,2025,371576717,561134,265907,0.35995,52.26771,37,3,2,1,10/02/2025,2,19:45,-1,E07000245,E10000029,E10000029,4,1103,6,30,-1,0,-1,6,0,-1,-1,0,4,1,2,-1,-1,0,2,2,2,E01029937,3,1,0,1
2025371580541,2025,371580541,643027,289766,1.57523,52.45175,37,3,2,1,19/04/2025,7,18:55,-1,E07000244,E10000029,E10000029,6,0,6,30,-1,0,-1,6,0,-1,-1,-1,1,1,1,-1,-1,0,1,2,2,E01030227,3,1,0,1
2025371628824,2025,371628824,653243,289755,1.72523,52.44701,37,3,2,1,14/08/2025,5,09:31,-1,E07000244,E10000029,E10000029,6,0,6,30,-1,-1,4,6,0,-1,-1,0,1,1,1,-1,-1,0,1,3,2,E01030272,3,1,0,1
2025371650932,2025,371650932,576918,285774,0.60148,52.44129,37,3,2,1,05/10/2025,1,16:27,-1,E07000245,E10000029,E10000029,6,0,6,30,-1,13,4,6,0,-1,-1,0,1,1,1,-1,-1,0,2,1,2,E01029930,3,1,0,1
2025371671286,2025,371671286,621323,246424,1.22799,52.07193,37,3,2,1,20/11/2025,5,08:46,-1,E07000244,E10000029,E10000029,6,0,6,60,-1,13,4,6,0,-1,-1,0,1,1,4,-1,-1,0,2,3,2,E01030221,3,1,0,1
2024451394853,2024,451394853,510137,166211,-0.4187,51.38427,45,3,2,1,04/01/2024,5,14:32,-1,E07000207,E10000030,E10000030,3,244,6,30,-1,13,4,6,0,-1,-1,0,1,2,2,-1,-1,0,1,1,2,E01034285,3,1,0,1
2024451414991,2024,451414991,506031,172772,-0.47572,51.44402,45,3,1,1,27/02/2024,3,09:00,-1,E07000213,E10000030,E10000030,4,378,6,30,-1,19,2,6,0,-1,-1,15,1,1,2,-1,-1,0,1,3,2,E01030711,3,1,0,1
2024451422858,2024,451422858,505988,160167,-0.4801,51.33073,45,3,3,3,28/02/2024,4,12:00,-1,E07000217,E10000030,E10000030,1,25,3,70,-1,0,-1,-1,-1,-1,-1,0,1,1,1,-1,-1,0,2,1,1,E01030946,3,1,0,1
2024451424309,2024,451424309,484332,146666,-0.79403,51.21298,45,3,1,1,24/03/2024,1,21:25,-1,E07000216,E10000030,E10000030,3,31,3,40,-1,13,2,4,3001,-1,-1,12,4,1,1,-1,-1,0,1,1,2,E01030895,3,1,0,1
2024451426286,2024,451426286,505840,165019,-0.48078,51.37437,45,3,3,1,29/03/2024,6,13:35,-1,E07000212,E10000030,E10000030,6,0,6,30,-1,0,-1,4,3121,-1,-1,0,1,1,1,-1,-1,0,1,1,2,E01030647,3,1,0,1
2024451430894,2024,451430894,514224,154496,-0.36374,51.27817,45,3,4,1,11/04/2024,5,21:00,-1,E07000210,E10000030,E10000030,3,246,6,30,-1,0,-1,6,0,-1,-1,0,4,1,1,-1,-1,0,1,1,2,E01030522,3,1,0,1
2024451455736,2024,451455736,504773,164911,-0.49613,51.3736,45,3,2,1,13/06/2024,5,17:55,-1,E07000212,E10000030,E10000030,6,0,6,30,-1,13,9,6,0,-1,-1,-1,1,2,2,-1,-1,0,1,3,2,E01030649,3,1,0,1
2024451455934,2024,451455934,528115,151673,-0.1657,51.24985,45,3,2,1,14/06/2024,6,20:00,-1,E07000211,E10000030,E10000030,3,23,6,30,-1,13,4,6,0,-1,-1,0,1,1,1,-1,-1,0,1,1,2,E01035356,3,1,0,1
2024451457878,2024,451457878,531004,143408,-0.12735,51.17491,45,2,2,3,18/06/2024,3,13:35,-1,E07000215,E10000030,E10000030,5,0,6,30,-1,0,-1,-1,-1,-1,-1,0,1,1,1,-1,-1,0,2,1,2,E01030817,6,1,1,0
2024451509969,2024,451509969,506240,173633,-0.47245,51.45172,45,2,1,1,27/10/2024,1,11:40,-1,E07000213,E10000030,E10000030,6,0,6,30,-1,0,-1,6,0,-1,-1,0,1,1,1,-1,-1,0,1,2,2,E01030710,7,1,1,0
2024451523754,2024,451523754,505334,164699,-0.48814,51.37159,45,3,2,1,30/11/2024,7,09:30,-1,E07000212,E10000030,E10000030,4,3121,6,30,-1,19,4,6,0,-1,-1,17,1,1,1,-1,-1,0,1,3,2,E01030649,3,1,0,1
2024451530396,2024,451530396,517068,164745,-0.31963,51.36971,45,3,2,1,15/12/2024,1,11:48,-1,E07000207,E10000030,E10000030,6,0,6,40,-1,13,4,6,0,-1,-1,0,1,1,1,-1,-1,0,2,1,2,E01030296,3,1,0,1
2025451560419,2025,451560419,524656,142980,-0.21826,51.17248,45,2,2,2,26/02/2025,4,16:45,-1,E07000210,E10000030,E10000030,6,0,6,40,-1,0,-1,6,0,-1,-1,0,1,1,2,-1,-1,0,2,1,2,E01030531,5,1,1,0
2025451566106,2025,451566106,531260,152847,-0.12024,51.25968,45,3,2,1,17/03/2025,2,12:08,-1,E07000215,E10000030,E10000030,6,0,3,70,-1,0,-1,6,0,-1,-1,0,1,1,1,-1,-1,0,2,1,2,E01030815,3,1,0,1
2025451574098,2025,451574098,499870,157366,-0.56866,51.30666,45,3,2,1,05/04/2025,7,13:47,-1,E07000217,E10000030,E10000030,6,0,6,30,-1,13,4,6,0,-1,-1,0,1,1,1,-1,-1,0,1,1,2,E01030971,3,1,0,1
2025451578697,2025,451578697,508283,166798,-0.44515,51.3899,45,3,1,1,16/04/2025,4,14:35,-1,E07000213,E10000030,E10000030,4,375,6,30,-1,19,4,6,0,-1,-1,0,1,1,1,-1,-1,0,1,1,2,E01030733,3,1,0,1
2025451582703,2025,451582703,507955,171011,-0.44858,51.42783,45,3,2,1,24/04/2025,5,18:35,-1,E07000213,E10000030,E10000030,6,0,6,30,-1,17,4,6,0,-1,-1,0,1,1,1,-1,-1,0,1,1,2,E01030701,3,1,0,1
2025451596961,2025,451596961,508852,147710,-0.44279,51.21822,45,2,2,2,30/05/2025,6,23:00,-1,E07000209,E10000030,E10000030,3,25,6,30,-1,0,-1,6,0,-1,-1,0,6,1,1,-1,-1,0,2,1,2,E01030492,7,1,1,0
2025451603105,2025,451603105,489493,132862,-0.72359,51.0881,45,3,1,1,13/06/2025,6,20:20,-1,E07000216,E10000030,E10000030,4,2131,6,30,-1,19,-1,6,0,-1,-1,13,7,9,-1,-1,-1,99,1,3,2,E01030928,3,1,0,1
2025451602872,2025,451602872,517086,157342,-0.3218,51.30317,45,3,2,1,14/06/2025,7,18:30,-1,E07000210,E10000030,E10000030,1,25,7,60,-1,-1,4,3,243,-1,-1,0,1,1,1,-1,-1,0,2,1,1,E01030550,3,1,0,1
2025451624750,2025,451624750,515314,168339,-0.34365,51.40237,45,3,2,1,04/08/2025,2,20:10,-1,E07000207,E10000030,E10000030,6,0,6,30,-1,19,4,6,0,-1,-1,14,1,1,1,-1,-1,0,1,1,2,E01030326,3,1,0,1
2025451664952,2025,451664952,506388,172127,-0.47078,51.43816,45,3,2,1,06/11/2025,5,15:40,-1,E07000213,E10000030,E10000030,6,0,7,20,-1,-1,4,4,378,-1,-1,15,1,1,1,-1,-1,-1,1,3,2,E01030712,3,1,0,1
2024231452958,2024,231452958,423905,260547,-1.65132,52.24259,23,3,2,1,23/05/2024,5,13:20,-1,E07000221,E10000031,E10000031,3,46,1,60,-1,-1,4,3,439,-1,-1,0,1,1,1,-1,-1,0,2,3,1,E01031218,3,1,0,1
2024231482564,2024,231482564,439386,286858,-1.42153,52.47823,23,3,2,1,12/08/2024,2,18:02,-1,E07000219,E10000031,E10000031,4,4112,6,30,-1,0,-1,6,0,-1,-1,0,1,1,1,-1,-1,0,1,1,2,E01031067,3,1,0,1
2024231512924,2024,231512924,425439,245041,-1.63001,52.10312,23,2,2,1,03/11/2024,1,20:15,-1,E07000221,E10000031,E10000031,3,3400,6,60,-1,16,4,6,0,-1,-1,0,6,1,1,-1,-1,0,2,1,2,E01031246,5,1,1,0
2024231535070,2024,231535070,421894,286540,-1.67909,52.47635,23,3,3,2,12/11/2024,3,08:00,-1,E07000218,E10000031,E10000031,1,6,3,70,-1,0,-1,-1,-1,-1,-1,0,1,1,2,-1,-1,0,2,1,1,E01031028,3,1,0,1
2025231550798,2025,231550798,430925,297783,-1.54508,52.57699,23,3,2,1,31/01/2025,6,14:40,-1,E07000218,E10000031,E10000031,6,0,6,30,-1,13,4,4,4116,-1,-1,0,1,1,1,-1,-1,0,1,3,2,E01031010,3,1,0,1
2024471400621,2024,471400621,534156,135591,-0.08519,51.10393,47,3,2,1,14/01/2024,1,12:50,-1,E07000228,E10000032,E10000032,4,2028,6,30,-1,16,4,6,0,-1,-1,0,1,9,1,-1,-1,0,2,3,2,E01031722,3,1,0,1
2024471426549,2024,471426549,518206,104938,-0.32285,50.83192,47,3,1,1,30/03/2024,7,18:10,-1,E07000223,E10000032,E10000032,6,0,6,30,-1,0,-1,6,0,-1,-1,17,4,1,1,-1,-1,0,1,1,2,E01031360,3,1,0,1
2024471439651,2024,471439651,540276,137892,0.00306,51.12314,47,3,1,1,06/05/2024,2,17:25,-1,E07000228,E10000032,E10000032,3,22,6,30,-1,0,-1,6,0,-1,-1,0,1,2,2,-1,-1,0,1,1,2,E01031735,3,1,0,1
2024471473620,2024,471473620,527014,115349,-0.19423,50.92363,47,3,2,1,28/07/2024,1,18:32,-1,E07000228,E10000032,E10000032,3,23,3,70,-1,0,-1,-1,-1,-1,-1,0,1,1,1,-1,-1,0,2,1,1,E01031770,3,1,0,1
2025471568409,2025,471568409,499203,107399,-0.59193,50.85761,47,3,2,1,22/03/2025,7,19:25,-1,E07000224,E10000032,E10000032,3,27,3,70,-1,0,-1,0,-1,-1,-1,0,1,1,1,-1,-1,0,2,1,1,E01031465,3,1,0,1
2025471574284,2025,471574284,485958,93601,-0.78329,50.73567,47,3,2,2,05/04/2025,7,20:45,-1,E07000225,E10000032,E10000032,6,0,6,30,-1,16,4,6,0,-1,-1,0,4,1,1,-1,-1,0,1,1,2,E01031522,3,1,0,1
2025471576767,2025,471576767,528671,137010,-0.16299,51.11794,47,2,2,1,11/04/2025,6,12:30,-1,E07000226,E10000032,E10000032,6,0,7,30,-1,-1,2,3,2220,-1,-1,14,1,1,1,-1,-1,0,1,1,2,E01031600,5,1,1,0
2025471588407,2025,471588407,487814,105445,-0.75417,50.84188,47,3,2,2,10/05/2025,7,14:45,-1,E07000225,E10000032,E10000032,3,27,3,70,-1,-1,4,3,27,-1,-1,0,1,1,1,-1,-1,0,1,3,1,E01035326,3,1,0,1
2025471608403,2025,471608403,518820,103877,-0.31448,50.82225,47,3,2,1,27/06/2025,6,12:34,-1,E07000223,E10000032,E10000032,3,259,6,40,-1,13,4,6,0,-1,-1,0,1,1,1,-1,-1,0,1,1,2,E01031376,3,1,0,1
2025471621075,2025,471621075,519084,130344,-0.30209,51.0601,47,3,2,1,24/07/2025,5,11:59,-1,E07000227,E10000032,E10000032,6,0,6,30,-1,0,-1,6,0,-1,-1,0,1,1,1,-1,-1,0,1,1,2,E01031640,3,1,0,1
2025471647383,2025,471647383,500130,102806,-0.58002,50.81616,47,3,3,2,27/09/2025,7,19:57,-1,E07000224,E10000032,E10000032,6,0,6,40,-1,13,4,6,0,-1,-1,14,4,1,1,-1,-1,0,2,1,2,E01031470,3,1,0,1
2025221675428,2025,221675428,404221,246672,-1.93977,52.11835,22,3,4,1,28/11/2025,6,17:10,-1,E07000238,E10000034,E10000034,3,46,3,70,-1,0,-1,0,-1,-1,-1,0,6,1,2,-1,-1,0,2,1,1,E01032389,3,1,0,1
2024991449979,2024,991449979,296374,577228,-3.62469,55.07865,99,3,2,1,26/05/2024,1,14:50,-1,S12000006,S12000006,S12000006,3,75,6,60,-1,-1,4,3,76,-1,-1,0,1,1,1,-1,-1,0,1,2,-1,-1,3,1,0,1
2025991622079,2025,991622079,285444,571076,-3.79333,55.02099,99,1,1,1,16/07/2025,4,20:55,-1,S12000006,S12000006,S12000006,5,0,6,60,-1,0,-1,0,-1,-1,-1,0,1,1,1,-1,-1,0,2,1,-1,-1,1,1,0,0
2024991402253,2024,991402253,334275,670631,-3.05334,55.92425,99,3,2,1,23/01/2024,3,11:35,-1,S12000010,S12000010,S12000010,3,1,3,70,-1,17,4,3,1,-1,-1,0,1,2,2,-1,-1,0,2,1,-1,-1,3,1,0,1
2025991610201,2025,991610201,334397,672342,-3.0518,55.93963,99,3,2,1,17/06/2025,3,13:30,-1,S12000010,S12000010,S12000010,6,0,6,20,-1,13,4,3,6124,-1,-1,0,1,1,1,-1,-1,0,1,3,-1,-1,3,1,0,1
2025991597207,2025,991597207,282923,681926,-3.87962,56.01591,99,3,1,1,01/06/2025,1,15:24,-1,S12000014,S12000014,S12000014,3,883,6,60,-1,0,-1,6,0,-1,-1,0,1,1,1,-1,-1,0,2,1,-1,-1,3,1,0,1
2025991670321,2025,991670321,322537,955386,-3.33004,58.47979,99,2,2,1,17/11/2025,2,14:00,-1,S12000017,S12000017,S12000017,3,882,6,60,-1,0,-1,6,0,-1,-1,0,1,1,2,-1,-1,15,2,1,-1,-1,7,1,1,0
2025991547794,2025,991547794,283180,642238,-3.85842,55.65957,99,2,1,1,29/01/2025,4,08:10,-1,S12000029,S12000029,S12000029,4,7018,6,60,-1,0,-1,6,0,-1,-1,0,1,8,4,-1,-1,0,2,1,-1,-1,7,1,1,0
2025991594043,2025,991594043,270748,659947,-4.06427,55.81543,99,3,1,1,23/05/2025,6,22:40,-1,S12000029,S12000029,S12000029,1,74,3,70,-1,0,-1,0,-1,-1,-1,0,6,2,2,-1,-1,0,1,1,-1,-1,3,1,0,1
2025991662937,2025,991662937,262438,653643,-4.1936,55.75653,99,3,2,1,02/11/2025,1,13:38,-1,S12000029,S12000029,S12000029,6,0,6,30,-1,19,4,6,0,-1,-1,0,1,1,2,-1,-1,0,1,1,-1,-1,3,1,0,1
2024991528985,2024,991528985,250769,686995,-4.39778,56.05248,99,2,2,1,07/11/2024,5,11:00,-1,S12000030,S12000030,S12000030,3,81,6,60,-1,16,4,6,0,-1,-1,0,1,1,2,-1,-1,0,2,1,-1,-1,5,1,1,0
2024991529832,2024,991529832,384943,799698,-2.25007,57.08803,99,3,2,1,13/12/2024,6,18:30,-1,S12000034,S12000034,S12000034,4,979,6,60,-1,13,4,4,9077,-1,-1,0,6,1,4,-1,-1,0,2,1,-1,-1,3,1,0,1
2024991406235,2024,991406235,226165,730435,-4.82088,56.43398,99,2,2,4,04/02/2024,1,14:40,-1,S12000035,S12000035,S12000035,3,85,6,60,-1,0,-1,-1,-1,-1,-1,0,1,5,5,-1,-1,0,2,1,-1,-1,5,1,1,0
2025991644220,2025,991644220,217913,677814,-4.91842,55.95873,99,3,2,1,19/09/2025,6,10:10,-1,S12000035,S12000035,S12000035,6,0,6,30,-1,16,4,6,0,-1,-1,0,1,1,1,-1,-1,0,1,1,-1,-1,3,1,0,1
2024991408853,2024,991408853,330187,674231,-3.11968,55.95601,99,3,2,1,10/02/2024,7,11:00,-1,S12000036,S12000036,S12000036,4,6415,6,20,-1,13,4,6,0,-1,-1,15,1,8,2,-1,-1,0,1,2,-1,-1,3,1,0,1
2024991410946,2024,991410946,323068,675768,-3.2341,55.96873,99,3,2,1,16/02/2024,6,16:40,-1,S12000036,S12000036,S12000036,3,902,6,20,-1,0,-1,3,902,-1,-1,0,1,1,1,-1,-1,0,1,2,-1,-1,3,1,0,1
2024991516319,2024,991516319,324648,676000,-3.20886,55.97106,99,3,1,1,13/11/2024,4,11:02,-1,S12000036,S12000036,S12000036,4,901,6,30,-1,13,2,3,902,-1,-1,15,1,1,1,-1,-1,0,1,1,-1,-1,3,1,0,1
2024991497824,2024,991497824,244052,686991,-4.50552,56.0503,99,3,2,1,30/09/2024,2,13:50,-1,S12000039,S12000039,S12000039,3,811,6,60,-1,0,-1,6,0,-1,-1,0,1,2,2,-1,-1,0,2,1,-1,-1,3,1,0,1
2025991600248,2025,991600248,240089,677535,-4.56345,55.96412,99,2,1,1,08/06/2025,1,07:25,-1,S12000039,S12000039,S12000039,3,813,1,40,-1,-1,4,3,813,-1,-1,0,1,1,1,-1,-1,0,1,1,-1,-1,7,1,1,0
2024991447058,2024,991447058,305878,667924,-3.50667,55.89521,99,3,2,2,22/05/2024,4,12:20,-1,S12000040,S12000040,S12000040,6,0,6,30,-1,-1,4,6,0,-1,-1,0,1,1,2,-1,-1,0,1,1,-1,-1,3,1,0,1
2024991482976,2024,991482976,300247,667528,-3.59653,55.89052,99,3,2,1,23/08/2024,6,11:30,-1,S12000040,S12000040,S12000040,3,779,1,60,-1,-1,4,3,779,-1,-1,0,1,4,1,-1,-1,0,2,1,-1,-1,3,1,0,1
2025991677188,2025,991677188,341074,752420,-2.96286,56.65984,99,2,2,2,02/12/2025,3,16:40,-1,S12000041,S12000041,S12000041,3,926,6,60,-1,0,-1,0,-1,-1,-1,0,6,1,2,-1,-1,13,2,1,-1,-1,5,1,1,0
2025991628452,2025,991628452,340334,730734,-2.96993,56.46495,99,3,2,1,13/08/2025,4,17:00,-1,S12000042,S12000042,S12000042,3,929,6,30,-1,0,-1,6,0,-1,-1,0,1,1,1,-1,-1,0,1,1,-1,-1,3,1,0,1
2024991527872,2024,991527872,254180,672248,-4.33506,55.92114,99,3,1,1,09/12/2024,2,12:00,-1,S12000045,S12000045,S12000045,6,0,6,30,-1,0,-1,3,809,-1,-1,0,1,1,1,-1,-1,0,1,2,-1,-1,3,1,0,1
2024991398042,2024,991398042,328261,693809,-3.15576,56.13159,99,3,1,1,13/01/2024,7,20:50,-1,S12000047,S12000047,S12000047,4,981,6,40,-1,0,-1,5,0,-1,-1,14,4,1,1,-1,-1,0,1,1,-1,-1,3,1,0,1
2024991485952,2024,991485952,312308,682184,-3.40853,56.02451,99,3,3,2,31/08/2024,7,13:00,-1,S12000047,S12000047,S12000047,1,90,3,70,-1,0,-1,1,90,-1,-1,0,1,1,1,-1,-1,0,1,1,-1,-1,3,1,0,1
2025991556116,2025,991556116,329331,708642,-3.14251,56.26499,99,2,2,1,19/02/2025,4,16:42,-1,S12000047,S12000047,S12000047,3,92,6,60,-1,13,4,4,937,-1,-1,0,6,1,1,-1,-1,0,2,1,-1,-1,7,1,1,0
2024991528472,2024,991528472,255440,665725,-4.31143,55.86296,99,3,2,1,10/12/2024,3,17:50,-1,S12000049,S12000049,S12000049,6,0,6,30,-1,16,2,6,0,-1,-1,15,4,9,1,-1,-1,0,1,2,-1,-1,3,1,0,1
2025991567413,2025,991567413,260439,668286,-4.23294,55.88743,99,2,2,1,20/03/2025,5,19:15,-1,S12000049,S12000049,S12000049,3,803,3,30,-1,0,-1,3,803,-1,-1,0,4,1,2,-1,-1,0,1,1,-1,-1,6,1,1,0
2024991471287,2024,991471287,276198,665531,-3.9799,55.867,99,3,1,1,30/04/2024,3,10:00,-1,S12000050,S12000050,S12000050,6,0,6,30,-1,0,-1,6,0,-1,-1,0,1,1,1,-1,-1,0,1,1,-1,-1,3,1,0,1
2025991695356,2025,991695356,280078,661782,-3.91628,55.83432,99,3,2,1,07/11/2025,6,08:55,-1,S12000050,S12000050,S12000050,4,7066,6,60,-1,18,-1,6,0,-1,-1,0,1,1,2,-1,-1,0,2,1,-1,-1,3,1,0,1
2025631620556,2025,631620556,196084,223550,-4.96361,51.87315,63,3,1,2,24/07/2025,5,23:30,-1,W06000009,W06000009,W06000009,3,40,6,60,-1,0,-1,0,-1,-1,-1,0,6,1,1,-1,-1,0,2,1,-1,W01000579,3,1,0,1
2025631536665,2025,631536665,255739,202234,-4.08891,51.70026,63,3,3,1,01/01/2025,4,20:00,-1,W06000010,W06000010,W06000010,3,4138,6,60,-1,0,-1,0,-1,-1,-1,0,1,1,1,-1,-1,0,1,1,-1,W01000690,3,1,0,1
2025622500826,2025,622500826,308801,194809,-3.31943,51.64466,62,3,1,2,19/12/2025,6,23:03,-1,W06000016,W06000016,W06000016,3,4054,6,40,-1,0,-1,0,-1,-1,-1,0,4,1,2,-1,-1,0,2,1,-1,W01001143,3,1,0,1
2024631486614,2024,631486614,321954,297405,-3.15293,52.56885,63,2,1,1,02/09/2024,2,10:40,-1,W06000023,W06000023,W06000023,4,4385,6,60,-1,0,-1,-1,-1,-1,-1,0,1,2,2,-1,-1,0,2,1,-1,W01000476,7,1,1,0
2025631596676,2025,631596676,297146,220882,-3.49554,51.87699,63,3,1,1,29/05/2025,5,19:00,-1,W06000023,W06000023,W06000023,3,470,6,60,-1,0,-1,0,-1,-1,-1,0,1,2,2,-1,-1,0,2,1,-1,W01001897,3,1,0,1
2025631659216,2025,631659216,301295,260413,-3.44672,52.23303,63,2,1,3,26/10/2025,1,00:40,-1,W06000023,W06000023,W06000023,3,470,6,60,-1,0,-1,0,-1,-1,-1,0,6,1,2,-1,-1,0,2,1,-1,W01000472,5,1,1,0
202517H101525,2025,17H101525,446862,534669,-1.27428,54.70487,17,1,1,1,09/02/2025,1,16:17,-1,E06000001,E06000001,E06000001,3,179,3,60,-1,16,4,6,0,-1,-1,0,1,1,1,-1,-1,0,2,1,2,E01011959,1,1,0,0
202417M316824,2024,17M316824,447657,514561,-1.26521,54.5241,17,3,2,2,21/10/2024,2,14:40,-1,E06000002,E06000002,E06000002,4,1380,6,40,-1,13,4,6,0,-1,-1,0,1,1,1,-1,-1,0,2,1,2,E01035193,3,1,0,1
202417L205724,2024,17L205724,454952,517949,-1.15188,54.55381,17,3,2,1,16/06/2024,1,12:43,-1,E06000003,E06000003,E06000003,6,0,6,30,-1,13,4,6,0,-1,-1,0,1,1,1,-1,-1,0,1,1,2,E01012112,3,1,0,1
202517L211425,2025,17L211425,453824,519941,-1.16896,54.57183,17,3,2,1,13/11/2025,5,17:30,-1,E06000003,E06000003,E06000003,5,0,6,30,-1,13,4,6,0,-1,-1,0,4,1,1,-1,-1,0,1,2,2,E01033470,3,1,0,1
202417S112424,2024,17S112424,440616,519151,-1.37335,54.56596,17,2,2,1,28/10/2024,2,18:00,-1,E06000004,E06000004,E06000004,5,0,6,40,-1,13,4,6,0,-1,-1,0,4,1,1,-1,-1,0,2,1,2,E01012225,6,1,1,0
2025070375180,2025,070375180,352894,381711,-2.70877,53.3302,7,3,2,3,06/05/2025,3,19:54,-1,E06000006,E06000006,E06000006,4,5155,6,30,-1,16,2,4,5155,-1,-1,14,1,1,1,-1,-1,0,1,2,2,E01012396,3,1,0,1
2024071081536,2024,071081536,360657,387952,-2.593,53.38693,7,3,1,1,26/12/2024,5,08:07,-1,E06000007,E06000007,E06000007,6,0,6,20,-1,-1,-1,-1,-1,-1,-1,0,6,1,1,-1,-1,0,1,1,2,E01033300,3,1,0,1
2025070169840,2025,070169840,356206,390273,-2.66024,53.40744,7,3,1,1,26/02/2025,4,15:00,-1,E06000007,E06000007,E06000007,6,0,3,30,-1,18,9,6,0,-1,-1,0,1,1,1,-1,-1,0,2,2,2,E01035385,3,1,0,1
2024041496486,2024,041496486,368493,428759,-2.47932,53.75423,4,3,2,6,26/09/2024,5,22:00,-1,E06000008,E06000008,E06000008,6,0,6,30,-1,16,2,6,0,-1,-1,0,4,2,2,-1,-1,0,1,1,2,E01012580,3,1,0,1
2024041517511,2024,041517511,367290,427483,-2.49742,53.74269,4,3,2,1,15/11/2024,6,13:59,-1,E06000008,E06000008,E06000008,3,674,6,30,-1,17,4,6,0,-1,-1,0,1,1,1,-1,-1,0,1,2,2,E01012655,3,1,0,1
2025041640289,2025,041640289,368146,428552,-2.48456,53.75235,4,3,1,1,01/09/2025,2,13:30,-1,E06000008,E06000008,E06000008,6,0,6,20,-1,13,4,6,0,-1,-1,0,1,1,1,-1,-1,0,1,2,2,E01012644,3,1,0,1
2024041459495,2024,041459495,330390,433003,-3.05807,53.78867,4,2,1,2,11/02/2024,1,02:07,-1,E06000009,E06000009,E06000009,3,584,6,30,-1,0,-1,6,0,-1,-1,0,4,1,1,-1,-1,0,1,1,2,E01012752,6,1,1,0
2025041669710,2025,041669710,332030,440112,-3.03475,53.85277,4,3,1,1,14/11/2025,6,08:30,-1,E06000009,E06000009,E06000009,6,0,3,30,-1,13,4,6,0,-1,-1,0,1,1,1,-1,-1,0,1,2,2,E01012703,3,1,0,1
2025041680795,2025,041680795,331664,433173,-3.03877,53.79037,4,3,1,1,10/12/2025,4,08:49,-1,E06000009,E06000009,E06000009,6,0,6,30,-1,0,-1,6,0,-1,-1,13,1,1,2,-1,-1,0,1,1,2,E01012755,3,1,0,1
2024161434449,2024,161434449,506462,430526,-0.38658,53.76022,16,3,2,1,17/04/2024,4,15:35,-1,E06000010,E06000010,E06000010,6,0,6,40,-1,0,-1,6,0,-1,-1,0,1,1,1,-1,-1,0,1,3,2,E01012795,3,1,0,1
2024161440158,2024,161440158,509638,428949,-0.33899,53.7454,16,3,2,1,30/04/2024,3,18:54,-1,E06000010,E06000010,E06000010,6,0,6,30,-1,16,2,6,0,-1,-1,15,1,1,-1,-1,-1,99,1,2,2,E01033109,3,1,0,1
2024161507654,2024,161507654,512532,431079,-0.29435,53.76392,16,3,4,3,22/10/2024,3,10:45,-1,E06000010,E06000010,E06000010,3,165,3,30,-1,0,-1,6,0,-1,-1,0,1,1,1,-1,-1,0,1,1,2,E01012896,3,1,0,1
2025161639156,2025,161639156,507644,427260,-0.3698,53.73064,16,3,2,1,05/09/2025,6,13:07,-1,E06000010,E06000010,E06000010,6,0,6,30,-1,0,-1,6,0,-1,-1,0,1,1,1,-1,-1,0,1,2,2,E01012889,3,1,0,1
2024161467989,2024,161467989,516981,457073,-0.21699,53.99645,16,3,1,1,12/07/2024,6,17:20,-1,E06000011,E06000011,E06000011,6,0,6,30,-1,13,4,6,0,-1,-1,0,1,1,1,-1,-1,0,2,2,2,E01012986,3,1,0,1
2024161513693,2024,161513693,498557,426190,-0.50783,53.72282,16,3,1,1,05/11/2024,3,08:45,-1,E06000011,E06000011,E06000011,4,1231,6,30,-1,0,-1,6,0,-1,-1,0,1,1,1,-1,-1,0,1,3,2,E01013089,3,1,0,1
2025161587644,2025,161587644,518547,467285,-0.18913,54.08783,16,2,2,1,09/05/2025,6,08:13,-1,E06000011,E06000011,E06000011,6,0,6,20,-1,13,4,6,0,-1,-1,0,1,1,1,-1,-1,0,1,1,2,E01012952,7,1,1,0
2025161560723,2025,161560723,525848,409338,-0.10126,53.56557,16,3,2,1,12/02/2025,4,16:40,-1,E06000012,E06000012,E06000012,3,1136,6,30,-1,0,-1,6,0,-1,-1,14,4,1,1,-1,-1,0,1,2,2,E01013233,3,1,0,1
2025161676276,2025,161676276,526556,408015,-0.09111,53.55351,16,2,2,1,30/11/2025,1,19:50,-1,E06000012,E06000012,E06000012,3,1243,3,30,-1,19,2,3,1243,-1,-1,15,4,1,1,-1,-1,0,1,1,2,E01013182,7,1,1,0
2024161455868,2024,161455868,495196,406343,-0.56481,53.54511,16,3,2,1,14/06/2024,6,11:30,-1,E06000013,E06000013,E06000013,1,180,3,70,-1,0,-1,-1,-1,-1,-1,0,1,2,2,-1,-1,0,2,1,1,E01013324,3,1,0,1
2024161477997,2024,161477997,480431,399799,-0.78926,53.48877,16,3,1,1,09/08/2024,6,23:30,-1,E06000013,E06000013,E06000013,6,0,6,60,-1,0,-1,-1,-1,-1,-1,0,6,1,1,-1,-1,0,2,1,2,E01013253,3,1,0,1
2024161480364,2024,161480364,488837,407200,-0.66051,53.55392,16,3,2,1,14/08/2024,4,15:50,-1,E06000013,E06000013,E06000013,6,0,6,30,-1,0,-1,6,0,-1,-1,0,1,9,1,-1,-1,0,1,2,2,E01013265,3,1,0,1
2024302500068,2024,302500068,437419,331478,-1.44543,52.87947,30,2,1,1,23/11/2024,7,07:15,-1,E06000015,E06000015,E06000015,3,514,6,30,-1,13,4,6,0,-1,-1,0,4,2,2,-1,-1,0,1,1,2,E01013518,7,1,1,0
2024332400720,2024,332400720,459125,305700,-1.12757,52.64582,33,3,2,1,01/08/2024,5,18:15,-1,E06000016,E06000016,E06000016,4,5327,6,30,-1,0,-1,-1,-1,-1,-1,0,1,1,1,-1,-1,0,2,3,2,E01034009,3,1,0,1
2024332400889,2024,332400889,458290,304665,-1.1401,52.63661,33,3,3,1,23/09/2024,2,15:00,-1,E06000016,E06000016,E06000016,3,563,3,30,-1,13,2,3,50,-1,-1,15,1,2,2,-1,-1,0,1,1,2,E01034012,3,1,0,1
2024332401072,2024,332401072,458740,301695,-1.13398,52.60987,33,2,1,1,14/11/2024,5,09:30,-1,E06000016,E06000016,E06000016,5,0,6,30,-1,0,-1,-1,-1,-1,-1,0,1,1,2,-1,-1,0,1,1,2,E01013690,6,1,1,0
2025332500062,2025,332500062,457385,300960,-1.15411,52.6034,33,3,2,1,18/01/2025,7,03:30,-1,E06000016,E06000016,E06000016,3,426,6,30,-1,0,-1,0,-1,-1,-1,14,4,8,4,-1,-1,0,1,1,2,E01013612,3,1,0,1
2025332500798,2025,332500798,458595,300915,-1.13625,52.60287,33,3,2,1,22/08/2025,6,13:43,-1,E06000016,E06000016,E06000016,6,0,6,30,-1,0,-1,0,-1,-1,-1,0,1,1,1,-1,-1,0,1,1,2,E01013691,3,1,0,1
2025332500966,2025,332500966,459272,304040,-1.1257,52.63089,33,3,2,1,10/10/2025,6,14:21,-1,E06000016,E06000016,E06000016,3,6,3,30,-1,13,2,3,594,-1,-1,15,1,1,1,-1,-1,0,1,1,2,E01032873,3,1,0,1
2024332400242,2024,332400242,487480,304140,-0.709,52.62798,33,3,2,1,16/03/2024,7,21:44,-1,E06000017,E06000017,E06000017,3,6003,6,60,-1,0,-1,-1,-1,-1,-1,0,6,2,2,-1,-1,0,2,1,2,E01013795,3,1,0,1
2025332500164,2025,332500164,481620,312550,-0.79348,52.70448,33,3,7,1,30/01/2025,5,08:30,-1,E06000017,E06000017,E06000017,3,606,6,60,-1,0,-1,0,-1,-1,-1,0,1,1,1,-1,-1,0,2,1,2,E01013793,3,1,0,1
2024311410995,2024,311410995,454909,341441,-1.18389,52.96753,31,3,2,1,16/02/2024,6,16:20,-1,E06000018,E06000018,E06000018,3,610,6,30,-1,13,2,4,690,-1,-1,14,1,1,2,-1,-1,0,1,3,2,E01013930,3,1,0,1
2024311437560,2024,311437560,455316,344419,-1.17732,52.99425,31,3,1,1,30/04/2024,3,08:30,-1,E06000018,E06000018,E06000018,3,611,6,30,-1,0,-1,-1,-1,-1,-1,13,1,1,1,-1,-1,0,1,2,2,E01013834,3,1,0,1
2024311478051,2024,311478051,453845,340199,-1.19993,52.95647,31,3,1,1,09/08/2024,6,11:15,-1,E06000018,E06000018,E06000018,6,0,6,30,-1,0,-1,6,0,-1,-1,0,1,1,1,-1,-1,0,1,3,2,E01013978,3,1,0,1
2024311520458,2024,311520458,456946,339823,-1.15385,52.95277,31,3,2,1,14/11/2024,5,13:20,-1,E06000018,E06000018,E06000018,3,6008,3,30,-1,0,-1,6,0,-1,-1,-1,1,1,1,-1,-1,0,1,2,2,E01032522,3,1,0,1
2025311561607,2025,311561607,454154,345519,-1.19445,53.00426,31,3,3,1,05/03/2025,4,18:40,-1,E06000018,E06000018,E06000018,4,682,6,30,-1,13,3,6,0,-1,-1,0,4,1,1,-1,-1,0,1,1,2,E01013882,3,1,0,1
2025311566667,2025,311566667,457959,339771,-1.13878,52.9522,31,3,3,1,11/03/2025,3,07:45,-1,E06000018,E06000018,E06000018,3,6008,6,30,-1,13,4,6,0,-1,-1,0,1,1,1,-1,-1,0,1,2,2,E01033407,3,1,0,1
2025311649466,2025,311649466,457249,340473,-1.14922,52.95858,31,3,2,1,30/09/2025,3,09:00,-1,E06000018,E06000018,E06000018,3,60,6,20,-1,0,-1,6,0,-1,-1,0,1,1,1,-1,-1,0,1,3,2,E01033399,3,1,0,1
2025311701796,2025,311701796,454459,344415,-1.19009,52.9943,31,3,2,1,31/12/2025,4,21:27,-1,E06000018,E06000018,E06000018,4,682,6,30,-1,0,-1,6,0,-1,-1,0,5,1,1,-1,-1,0,1,1,2,E01013891,3,1,0,1
2024221394147,2024,221394147,366544,311573,-2.49653,52.70079,22,1,1,3,01/01/2024,2,04:15,-1,E06000020,E06000020,E06000020,3,5223,1,40,-1,-1,4,3,5223,-1,-1,0,4,2,2,-1,-1,0,1,1,2,E01014142,1,1,0,0
2024211466597,2024,211466597,386378,343408,-2.20436,52.98783,21,3,3,3,11/07/2024,5,18:16,-1,E06000021,E06000021,E06000021,3,34,6,30,-1,0,-1,6,0,-1,-1,14,1,1,2,-1,-1,0,1,1,2,E01014342,3,1,0,1
2024211467025,2024,211467025,388583,347628,-2.17167,53.02582,21,3,2,2,12/07/2024,6,13:11,-1,E06000021,E06000021,E06000021,3,50,3,30,-1,16,2,3,5008,-1,-1,14,1,1,1,-1,-1,0,1,1,2,E01014330,3,1,0,1
2025211584795,2025,211584795,386692,342815,-2.19966,52.98251,21,3,2,1,02/05/2025,6,09:25,-1,E06000021,E06000021,E06000021,3,34,1,30,-1,-1,4,3,34,-1,-1,0,1,1,1,-1,-1,12,1,1,1,E01014344,3,1,0,1
2025211669173,2025,211669173,387948,347390,-2.18113,53.02366,21,3,1,2,03/11/2025,2,18:30,-1,E06000021,E06000021,E06000021,6,0,6,20,-1,0,-1,0,-1,-1,-1,0,4,9,1,-1,-1,0,1,2,2,E01014287,3,1,0,1
2025522600040,2025,522600040,359937,170524,-2.57769,51.43229,52,3,2,1,14/01/2025,3,16:00,-1,E06000023,E06000023,E06000023,6,0,1,20,-1,-1,4,6,0,-1,-1,0,1,1,1,-1,-1,0,1,1,2,E01014650,3,1,0,1
2025522501926,2025,522501926,362426,174233,-2.54228,51.46581,52,3,2,1,22/06/2025,1,11:45,-1,E06000023,E06000023,E06000023,6,0,1,30,-1,-1,4,4,4465,-1,-1,17,1,1,1,-1,-1,0,1,3,2,E01014686,3,1,0,1
2025522600396,2025,522600396,363600,173716,-2.52533,51.46124,52,3,1,1,24/10/2025,6,14:00,-1,E06000023,E06000023,E06000023,6,0,6,20,-1,0,-1,0,-1,-1,-1,0,1,1,1,-1,-1,0,1,3,2,E01014687,3,1,0,1
2025522600635,2025,522600635,358547,172803,-2.59795,51.45268,52,2,1,2,30/11/2025,1,12:58,-1,E06000023,E06000023,E06000023,3,38,6,20,-1,0,-1,0,-1,-1,-1,15,1,1,1,-1,-1,13,1,1,2,E01033909,6,1,1,0
2025522500746,2025,522500746,353324,165284,-2.67212,51.38467,52,2,1,1,09/02/2025,1,18:59,-1,E06000024,E06000024,E06000024,6,0,6,30,-1,0,-1,0,-1,-1,-1,0,6,1,2,-1,-1,15,2,1,2,E01014848,7,1,1,0
2025522600519,2025,522600519,337385,159635,-2.90014,51.33235,52,3,3,3,09/11/2025,1,11:54,-1,E06000024,E06000024,E06000024,3,371,6,40,-1,13,4,6,0,-1,-1,0,1,1,2,-1,-1,0,2,1,2,E01035214,3,1,0,1
2025522500953,2025,522500953,359048,181919,-2.5918,51.53468,52,3,2,1,07/02/2025,6,20:00,-1,E06000025,E06000025,E06000025,1,5,3,70,-1,0,-1,0,-1,-1,-1,0,7,2,2,-1,-1,0,2,3,1,E01014861,3,1,0,1
2025522501323,2025,522501323,366584,188918,-2.48383,51.59811,52,3,3,1,08/08/2025,6,13:55,-1,E06000025,E06000025,E06000025,1,5,3,70,-1,0,-1,0,-1,-1,-1,0,1,1,1,-1,-1,0,2,3,1,E01014993,3,1,0,1
2025522501339,2025,522501339,360096,178954,-2.57636,51.5081,52,2,2,1,09/09/2025,3,20:56,-1,E06000025,E06000025,E06000025,3,38,1,30,-1,-1,-1,4,4056,-1,-1,0,4,1,1,-1,-1,0,1,3,2,E01014906,7,1,1,0
2024501412851,2024,501412851,248413,55551,-4.1334,50.38027,50,3,2,1,13/02/2024,3,12:22,-1,E06000026,E06000026,E06000026,4,3238,6,30,-1,17,2,4,3214,-1,-1,12,1,2,2,-1,-1,0,1,3,2,E01015032,3,1,0,1
2025501557925,2025,501557925,251045,56008,-4.09659,50.38505,50,3,2,2,25/02/2025,3,06:10,-1,E06000026,E06000026,E06000026,4,3214,7,40,-1,0,-1,3,374,-1,-1,0,4,1,2,-1,-1,0,1,1,2,E01015056,3,1,0,1
2025501559439,2025,501559439,250699,53951,-4.10064,50.36647,50,3,2,1,27/02/2025,5,17:20,-1,E06000026,E06000026,E06000026,3,379,1,30,-1,0,-1,0,-1,-1,-1,0,1,1,1,-1,-1,0,1,3,2,E01034157,3,1,0,1
2025501640989,2025,501640989,247593,55207,-4.14479,50.37696,50,3,1,1,12/09/2025,6,21:01,-1,E06000026,E06000026,E06000026,3,386,3,30,-1,0,-1,6,0,-1,-1,0,4,2,2,-1,-1,0,1,1,2,E01015051,3,1,0,1
2024501517814,2024,501517814,287347,61889,-3.58797,50.446,50,3,1,1,31/10/2024,5,17:15,-1,E06000027,E06000027,E06000027,6,0,6,30,-1,0,-1,-1,-1,-1,-1,0,7,1,1,-1,-1,0,1,1,2,E01015196,3,1,0,1
2025501586956,2025,501586956,288416,60791,-3.57259,50.43633,50,3,1,1,07/05/2025,4,19:00,-1,E06000027,E06000027,E06000027,6,0,6,30,-1,13,4,6,0,-1,-1,0,1,1,1,-1,-1,0,1,1,2,E01015206,3,1,0,1
2024401432621,2024,401432621,510605,222119,-0.39433,51.88667,40,3,1,1,12/04/2024,6,13:16,-1,E06000032,E06000032,E06000032,6,0,6,30,-1,0,-1,6,0,-1,-1,0,1,1,1,-1,-1,0,1,1,2,E01015781,3,1,0,1
2024401519879,2024,401519879,508998,220132,-0.41829,51.86912,40,3,2,1,13/11/2024,4,17:00,-1,E06000032,E06000032,E06000032,6,0,6,30,-1,13,4,6,0,-1,-1,0,4,1,1,-1,-1,0,1,3,2,E01015738,3,1,0,1
2024421422261,2024,421422261,586009,186373,0.68118,51.54559,42,3,1,1,14/03/2024,5,12:00,-1,E06000033,E06000033,E06000033,3,13,6,30,-1,13,4,6,0,-1,-1,0,1,1,1,-1,-1,0,1,3,2,E01015832,3,1,0,1
2025421551539,2025,421551539,586776,186892,0.6925,51.55,42,3,1,1,31/01/2025,6,17:30,-1,E06000033,E06000033,E06000033,6,0,6,30,-1,13,4,6,0,-1,-1,0,4,1,1,-1,-1,0,1,2,2,E01015906,3,1,0,1
2025421558842,2025,421558842,589257,185894,0.72771,51.54021,42,3,2,3,26/02/2025,4,14:00,-1,E06000033,E06000033,E06000033,3,13,6,30,-1,13,-1,6,0,-1,-1,-1,1,9,-1,-1,-1,0,1,3,2,E01015844,3,1,0,1
2025421689508,2025,421689508,584025,187624,0.65325,51.55748,42,2,2,1,30/12/2025,3,20:21,-1,E06000033,E06000033,E06000033,6,0,6,30,-1,0,-1,6,0,-1,-1,0,6,2,2,-1,-1,0,1,1,2,E01015819,7,1,1,0
2024421524041,2024,421524041,557469,179981,0.26711,51.49684,42,3,2,1,01/12/2024,1,14:00,-1,E06000034,E06000034,E06000034,3,13,1,50,-1,0,-1,3,13,-1,-1,0,1,1,1,-1,-1,0,2,1,1,E01034370,3,1,0,1
2024461514812,2024,461514812,573689,169592,0.49545,51.39877,46,3,2,1,02/03/2024,7,22:25,-1,E06000035,E06000035,E06000035,6,0,6,30,-1,0,-1,6,0,-1,-1,0,4,1,1,-1,-1,0,1,1,2,E01016141,3,1,0,1
2024461467858,2024,461467858,578097,165332,0.55661,51.35914,46,3,1,1,30/06/2024,1,13:30,-1,E06000035,E06000035,E06000035,6,0,6,30,-1,0,-1,6,0,-1,-1,0,1,1,1,-1,-1,0,2,3,2,E01016058,3,1,0,1
2024461508471,2024,461508471,582263,167211,0.61735,51.3747,46,3,2,1,09/10/2024,4,17:05,-1,E06000035,E06000035,E06000035,4,2004,6,20,-1,0,-1,6,0,-1,-1,0,1,1,1,-1,-1,0,2,3,2,E01016094,3,1,0,1
2025461641714,2025,461641714,580671,165458,0.59361,51.35946,46,3,1,1,04/09/2025,5,08:22,-1,E06000035,E06000035,E06000035,6,0,6,30,-1,0,-1,6,0,-1,-1,0,1,2,2,-1,-1,0,1,3,2,E01016088,3,1,0,1
2025461668253,2025,461668253,573450,169306,0.49188,51.39627,46,3,2,1,13/11/2025,5,22:37,-1,E06000035,E06000035,E06000035,3,228,6,30,-1,0,-1,3,2,-1,-1,13,4,2,2,-1,-1,0,1,1,2,E01016141,3,1,0,1
2025430515998,2025,430515998,482731,161717,-0.81347,51.34852,43,2,2,1,09/10/2025,5,14:08,-1,E06000036,E06000036,E06000036,3,321,6,30,-1,13,4,6,0,-1,-1,0,1,1,1,-1,-1,0,1,1,2,E01016229,7,1,1,0
2025430615260,2025,430615260,471361,173234,-0.97438,51.4536,43,3,1,1,03/12/2025,4,12:40,-1,E06000038,E06000038,E06000038,6,0,6,20,-1,0,-1,0,-1,-1,-1,0,1,1,1,-1,-1,0,1,3,2,E01033420,3,1,0,1
2025430491915,2025,430491915,498669,179667,-0.57969,51.50733,43,3,2,1,29/08/2025,6,19:45,-1,E06000039,E06000039,E06000039,3,4,3,30,-1,18,4,6,0,-1,-1,0,1,1,1,-1,-1,0,1,3,2,E01016456,3,1,0,1
2025430610112,2025,430610112,487535,243894,-0.72388,52.08649,43,2,1,1,13/11/2025,5,00:01,-1,E06000042,E06000042,E06000042,6,0,6,30,-1,0,-1,0,-1,-1,-1,0,5,1,2,-1,-1,0,1,3,2,E01016794,7,1,1,0
2024471467064,2024,471467064,531518,104946,-0.13392,50.82912,47,3,2,1,11/07/2024,5,09:31,-1,E06000043,E06000043,E06000043,3,270,3,30,-1,13,2,3,23,-1,-1,0,1,1,1,-1,-1,0,1,1,2,E01016964,3,1,0,1
2024471469459,2024,471469459,528441,106578,-0.17702,50.84448,47,3,2,1,18/07/2024,5,15:03,-1,E06000043,E06000043,E06000043,3,2023,6,20,-1,0,-1,6,0,-1,-1,14,1,1,1,-1,-1,0,1,2,2,E01016985,3,1,0,1
2024471521884,2024,471521884,526767,105164,-0.20127,50.83214,47,2,2,1,26/11/2024,3,16:50,-1,E06000043,E06000043,E06000043,4,2066,6,30,-1,0,-1,6,0,-1,-1,0,1,1,2,-1,-1,0,1,1,2,E01016997,6,1,1,0
2025471552348,2025,471552348,533370,103383,-0.10821,50.81465,47,3,1,1,03/02/2025,2,13:10,-1,E06000043,E06000043,E06000043,4,2137,6,30,-1,19,4,3,259,-1,-1,0,1,9,1,-1,-1,0,1,2,2,E01016963,3,1,0,1
2025471551653,2025,471551653,527979,107122,-0.18338,50.84947,47,3,2,1,06/02/2025,5,19:00,-1,E06000043,E06000043,E06000043,3,2038,6,30,-1,13,4,3,2023,-1,-1,0,4,1,1,-1,-1,0,2,3,2,E01016885,3,1,0,1
2025471580970,2025,471580970,525693,105613,-0.21636,50.83641,47,3,2,1,23/04/2025,4,08:00,-1,E06000043,E06000043,E06000043,3,293,6,20,-1,0,-1,4,2194,-1,-1,0,1,2,2,-1,-1,0,1,1,2,E01016978,3,1,0,1
2025471600296,2025,471600296,531608,106579,-0.13206,50.84378,47,2,2,1,08/06/2025,1,15:00,-1,E06000043,E06000043,E06000043,6,0,6,20,-1,13,4,6,0,-1,-1,0,1,1,1,-1,-1,0,1,1,2,E01016901,7,1,1,0
2025440417830,2025,440417830,463969,99960,-1.09373,50.79568,44,3,1,1,15/09/2025,2,13:39,-1,E06000044,E06000044,E06000044,3,2030,2,30,-1,0,-1,0,-1,-1,-1,14,1,1,1,-1,-1,0,1,1,2,E01017032,3,1,0,1
2025440465445,2025,440465445,465214,102900,-1.07555,50.82198,44,2,4,1,14/10/2025,3,11:51,-1,E06000044,E06000044,E06000044,3,2047,6,30,-1,0,-1,0,-1,-1,-1,0,1,1,1,-1,-1,0,1,1,2,E01017087,6,1,1,0
2025440512146,2025,440512146,464880,100788,-1.08066,50.80303,44,3,2,1,12/11/2025,4,15:38,-1,E06000044,E06000044,E06000044,6,0,6,20,-1,13,4,6,0,-1,-1,0,1,1,1,-1,-1,0,1,1,2,E01017039,3,1,0,1
2025440427202,2025,440427202,441836,112918,-1.40627,50.91422,44,2,2,1,21/09/2025,1,01:00,-1,E06000045,E06000045,E06000045,6,0,6,20,-1,13,4,6,0,-1,-1,0,4,1,2,-1,-1,0,1,1,2,E01032738,7,1,1,0
2025070615700,2025,070615700,379996,362800,-2.30064,53.16194,7,2,3,2,26/07/2025,7,12:15,-1,E06000049,E06000049,E06000049,3,534,6,60,-1,0,-1,0,-1,-1,-1,0,1,1,1,-1,-1,0,2,1,2,E01034667,7,1,1,0
2025070699365,2025,070699365,373318,383225,-2.40224,53.34524,7,3,2,1,23/08/2025,7,10:30,-1,E06000049,E06000049,E06000049,6,0,6,30,-1,0,-1,0,-1,-1,-1,0,1,9,1,-1,-1,0,2,3,2,E01018648,3,1,0,1
2025070800821,2025,070800821,392087,375118,-2.12012,53.27299,7,3,2,1,28/09/2025,1,12:30,-1,E06000049,E06000049,E06000049,3,523,1,30,-1,-1,4,5,0,-1,-1,0,1,1,1,-1,-1,0,1,3,2,E01018644,3,1,0,1
2024221412045,2024,221412045,357250,275982,-2.62946,52.38019,22,3,2,1,07/02/2024,4,14:46,-1,E06000051,E06000051,E06000051,3,4117,6,50,-1,13,4,6,0,-1,-1,0,1,1,2,-1,-1,0,2,1,2,E01028993,3,1,0,1
2024221459982,2024,221459982,351740,317672,-2.71649,52.75449,22,2,4,1,21/06/2024,6,12:24,-1,E06000051,E06000051,E06000051,3,49,6,50,-1,18,4,6,0,-1,-1,0,1,1,1,-1,-1,0,2,1,2,E01035067,5,1,1,0
2025221570648,2025,221570648,343768,281902,-2.8285,52.43219,22,2,3,3,17/03/2025,2,09:22,-1,E06000051,E06000051,E06000051,3,49,6,60,-1,13,4,6,0,-1,-1,0,1,1,1,-1,-1,0,2,1,1,E01029013,5,1,1,0
2025221586127,2025,221586127,377236,295225,-2.33718,52.55439,22,2,2,2,03/05/2025,7,09:50,-1,E06000051,E06000051,E06000051,3,454,6,60,-1,0,-1,6,0,-1,-1,0,1,1,1,-1,-1,0,2,1,2,E01028859,6,1,1,0
2024501451777,2024,501451777,147264,31379,-5.53761,50.12854,50,3,3,1,04/06/2024,3,17:37,-1,E06000052,E06000052,E06000052,3,30,6,50,-1,0,-1,-1,-1,-1,-1,0,1,1,1,-1,-1,0,1,1,2,E01018997,3,1,0,1
2024501458124,2024,501458124,181915,61542,-5.07095,50.41317,50,3,2,1,19/06/2024,4,17:30,-1,E06000052,E06000052,E06000052,3,3058,6,30,-1,0,-1,6,0,-1,-1,13,1,1,1,-1,-1,0,1,1,2,E01019018,3,1,0,1
2024501492146,2024,501492146,183063,60603,-5.05428,50.40516,50,3,1,1,16/09/2024,2,15:47,-1,E06000052,E06000052,E06000052,6,0,6,30,-1,0,-1,6,0,-1,-1,0,1,1,1,-1,-1,0,2,1,2,E01034855,3,1,0,1
2024501510970,2024,501510970,217180,63390,-4.57608,50.44181,50,3,2,1,31/10/2024,5,06:48,-1,E06000052,E06000052,E06000052,3,390,6,50,-1,13,4,6,0,-1,-1,0,1,1,1,-1,-1,0,2,1,2,E01018766,3,1,0,1
2024501525870,2024,501525870,194020,71661,-4.90638,50.50842,50,2,3,4,26/11/2024,3,08:26,-1,E06000052,E06000052,E06000052,3,389,6,60,-1,0,-1,-1,-1,-1,-1,0,1,1,2,-1,-1,0,2,1,2,E01018956,5,1,1,0
2025501552306,2025,501552306,182311,45155,-5.05592,50.26615,50,3,1,1,07/02/2025,6,11:32,-1,E06000052,E06000052,E06000052,4,3284,6,30,-1,0,-1,6,0,-1,-1,0,1,1,1,-1,-1,0,1,1,2,E01034864,3,1,0,1
2025501593118,2025,501593118,242379,52110,-4.21676,50.34776,50,3,2,1,20/05/2025,3,21:10,-1,E06000052,E06000052,E06000052,6,0,6,20,-1,19,4,6,0,-1,-1,0,4,1,1,-1,-1,0,2,3,2,E01018780,3,1,0,1
2025501655836,2025,501655836,225551,115350,-4.48283,50.91119,50,2,3,1,17/10/2025,6,05:25,-1,E06000052,E06000052,E06000052,3,39,6,60,-1,13,4,6,0,-1,-1,0,1,1,1,-1,-1,0,2,1,2,E01018943,5,1,1,0
2025541640690,2025,541640690,410828,193759,-1.84492,51.64253,54,3,2,2,06/09/2025,7,13:37,-1,E06000054,E06000054,E06000054,3,419,7,70,-1,-1,4,3,419,-1,-1,0,1,1,1,-1,-1,0,2,1,1,E01031935,3,1,0,1
2025541646341,2025,541646341,411650,175662,-1.83363,51.4798,54,2,2,2,23/09/2025,3,17:58,-1,E06000054,E06000054,E06000054,6,0,6,60,-1,0,-1,3,4361,-1,-1,0,1,1,1,-1,-1,0,2,1,2,E01031884,5,1,1,0
2025541692065,2025,541692065,386524,151092,-2.1945,51.25883,54,3,2,2,30/11/2025,1,11:35,-1,E06000054,E06000054,E06000054,6,0,6,30,-1,0,-1,6,0,-1,-1,0,1,1,1,-1,-1,0,1,1,2,E01032117,3,1,0,1
2025401651629,2025,401651629,504196,249862,-0.47898,52.13724,40,2,1,1,10/09/2025,4,16:09,-1,E06000055,E06000055,E06000055,3,5141,6,30,-1,0,-1,6,0,-1,-1,14,1,2,2,-1,-1,0,1,1,2,E01017471,5,1,1,0
2024401473698,2024,401473698,517689,239077,-0.28564,52.03761,40,3,2,1,28/07/2024,1,12:00,-1,E06000056,E06000056,E06000056,4,659,6,30,-1,19,4,6,0,-1,-1,0,1,1,-1,-1,-1,99,1,3,2,E01017415,3,1,0,1
2025401614729,2025,401614729,507519,220151,-0.43976,51.86958,40,2,5,1,11/07/2025,6,11:10,-1,E06000056,E06000056,E06000056,1,1,3,70,-1,0,-1,0,-1,-1,-1,0,1,1,1,-1,-1,0,2,1,1,E01017562,5,1,1,0
2025401615881,2025,401615881,503024,228598,-0.5025,51.94635,40,3,2,1,14/07/2025,2,13:45,-1,E06000056,E06000056,E06000056,6,0,6,30,-1,0,-1,0,-1,-1,-1,-1,1,1,1,-1,-1,-1,2,3,2,E01017620,3,1,0,1
2025401639171,2025,401639171,517355,239078,-0.29051,52.03769,40,3,3,1,28/08/2025,5,17:22,-1,E06000056,E06000056,E06000056,6,0,6,30,-1,0,-1,0,-1,-1,-1,0,1,2,2,-1,-1,0,2,1,2,E01017413,3,1,0,1
2024101420985,2024,101420985,425745,587783,-1.59724,55.18367,10,3,2,1,12/03/2024,3,20:00,-1,E06000057,E06000057,E06000057,3,197,6,30,-1,0,-1,3,197,-1,-1,14,5,1,1,-1,-1,0,1,3,2,E01027525,3,1,0,1
2025552500232,2025,552500232,412132,94775,-1.82939,50.75245,55,2,2,1,04/03/2025,3,17:09,-1,E06000058,E06000058,E06000058,6,0,6,30,-1,13,4,6,0,-1,-1,0,1,1,1,-1,-1,0,1,1,2,E01015341,6,1,1,0
2025552501431,2025,552501431,409290,93182,-1.86971,50.73818,55,3,3,1,24/09/2025,4,17:07,-1,E06000058,E06000058,E06000058,3,3049,6,30,-1,16,2,6,0,-1,-1,0,1,1,1,-1,-1,0,1,1,2,E01015376,3,1,0,1
2025552500412,2025,552500412,373167,117636,-2.38342,50.95752,55,2,2,3,17/04/2025,5,17:11,-1,E06000059,E06000059,E06000059,5,0,6,30,-1,13,4,6,0,-1,-1,0,1,1,1,-1,-1,0,2,1,2,E01020434,7,1,1,0
2025552500429,2025,552500429,404434,110965,-1.93832,50.89815,55,2,2,1,20/04/2025,1,08:56,-1,E06000059,E06000059,E06000059,4,3078,6,60,-1,13,4,4,3081,-1,-1,0,1,1,1,-1,-1,0,2,1,2,E01020389,7,1,1,0
2024340NN3382,2024,340NN3382,479179,291650,-0.83459,52.51699,34,2,1,2,08/09/2024,1,14:25,-1,E06000061,E06000061,E06000061,4,664,6,60,-1,0,-1,-1,-1,-1,-1,0,1,1,1,-1,-1,0,2,1,2,E01027129,7,1,1,0
2024340NN3122,2024,340NN3122,490361,264962,-0.67704,52.27539,34,3,3,1,13/09/2024,6,17:40,-1,E06000061,E06000061,E06000061,3,509,6,50,-1,0,-1,-1,-1,-1,-1,0,1,1,1,-1,-1,0,2,1,2,E01027354,3,1,0,1
2024340NN3602,2024,340NN3602,486862,286635,-0.7227,52.47075,34,3,1,1,14/10/2024,2,10:00,-1,E06000061,E06000061,E06000061,3,6014,3,50,-1,-1,4,6,0,-1,-1,0,1,1,2,-1,-1,0,1,1,2,E01032963,3,1,0,1
2025340NN0212,2025,340NN0212,495412,267626,-0.60228,52.29848,34,2,2,3,19/01/2025,1,17:00,-1,E06000061,E06000061,E06000061,6,0,6,30,-1,13,4,6,0,-1,-1,0,4,8,2,-1,-1,0,1,1,2,E01027063,6,1,1,0
2024340WN2772,2024,340WN2772,476871,261035,-0.87561,52.24214,34,3,4,1,29/05/2024,4,12:30,-1,E06000062,E06000062,E06000062,3,4500,6,30,-1,13,4,6,0,-1,-1,0,1,1,1,-1,-1,0,1,1,2,E01027134,3,1,0,1
2025340WN2032,2025,340WN2032,458011,261311,-1.15174,52.24693,34,2,1,1,22/04/2025,3,23:00,-1,E06000062,E06000062,E06000062,3,45,1,30,-1,19,4,3,425,-1,-1,0,4,1,1,-1,-1,0,2,1,2,E01027013,7,1,1,0
2025340WN2132,2025,340WN2132,456379,262377,-1.17546,52.25668,34,3,1,1,29/04/2025,3,08:15,-1,E06000062,E06000062,E06000062,6,0,6,30,-1,0,-1,0,-1,-1,-1,0,1,1,1,-1,-1,0,1,1,2,E01027009,3,1,0,1
2025340WN4682,2025,340WN4682,473382,258278,-0.92729,52.21784,34,3,2,3,26/08/2025,3,15:14,-1,E06000062,E06000062,E06000062,6,0,6,30,-1,0,-1,0,-1,-1,-1,0,1,1,1,-1,-1,0,1,1,2,E01027253,3,1,0,1
2024031396131,2024,031396131,345219,577593,-2.85981,55.08973,3,3,1,1,05/01/2024,6,22:15,-1,E06000063,E06000063,E06000063,6,0,6,60,-1,0,-1,-1,-1,-1,-1,0,6,7,4,-1,-1,15,2,1,2,E01019229,3,1,0,1
2024031477759,2024,031477759,318779,545451,-3.26486,54.79734,3,2,3,1,06/08/2024,3,12:29,-1,E06000063,E06000063,E06000063,3,596,6,60,-1,13,4,6,0,-1,-1,0,1,1,1,-1,-1,0,2,1,2,E01019128,5,1,1,0
2025031546949,2025,031546949,342768,527363,-2.88823,54.63812,3,3,2,3,27/01/2025,2,09:40,-1,E06000064,E06000064,E06000064,3,66,6,60,-1,0,-1,0,-1,-1,-1,0,1,1,1,-1,-1,0,2,1,1,E01019339,3,1,0,1
2025031578781,2025,031578781,341378,498138,-2.90394,54.37536,3,2,2,2,16/04/2025,4,17:10,-1,E06000064,E06000064,E06000064,6,0,6,20,-1,16,4,6,0,-1,-1,0,1,2,2,-1,-1,0,2,1,2,E01034077,6,1,1,0
2025031583608,2025,031583608,320279,469187,-3.22097,54.11235,3,3,1,1,29/04/2025,3,18:33,-1,E06000064,E06000064,E06000064,6,0,6,30,-1,16,2,6,0,-1,-1,15,1,1,1,-1,-1,0,1,1,2,E01019142,3,1,0,1
2025031608822,2025,031608822,319947,469327,-3.22608,54.11356,3,3,1,1,28/06/2025,7,13:37,-1,E06000064,E06000064,E06000064,6,0,6,30,-1,0,-1,0,-1,-1,-1,0,1,1,1,-1,-1,0,1,1,2,E01019141,3,1,0,1
2025031660317,2025,031660317,322691,472365,-3.1849,54.14128,3,3,1,1,25/10/2025,7,12:45,-1,E06000064,E06000064,E06000064,6,0,6,20,-1,19,4,6,0,-1,-1,0,1,1,1,-1,-1,0,2,3,2,E01019148,3,1,0,1
2025031676069,2025,031676069,322716,472967,-3.18467,54.14669,3,2,2,2,29/11/2025,7,12:03,-1,E06000064,E06000064,E06000064,6,0,6,30,-1,16,4,6,0,-1,-1,0,1,1,2,-1,-1,0,2,1,2,E01019148,5,1,1,0
2025520500807,2025,520500807,333280,111118,-2.95006,50.89567,52,3,1,1,24/04/2025,5,02:58,-1,E06000066,E06000066,E06000066,3,358,6,40,-1,0,-1,0,-1,-1,-1,0,6,1,1,-1,-1,0,2,1,2,E01029230,3,1,0,1
2025520600525,2025,520600525,321354,124456,-3.12249,51.01408,52,3,3,1,11/11/2025,3,17:31,-1,E06000066,E06000066,E06000066,3,38,6,20,-1,16,2,6,0,-1,-1,0,4,2,2,-1,-1,0,1,1,2,E01029302,3,1,0,1
2024061425412,2024,061425412,371455,405703,-2.43227,53.54718,6,3,1,1,15/03/2024,6,08:40,-1,E08000001,E08000001,E08000001,6,0,6,20,-1,0,-1,6,0,-1,-1,0,1,1,1,-1,-1,0,1,2,2,E01004874,3,1,0,1
2024061455519,2024,061455519,370512,405375,-2.44647,53.54418,6,3,2,3,13/06/2024,5,23:02,-1,E08000001,E08000001,E08000001,1,61,3,70,-1,0,-1,1,61,-1,-1,0,6,1,2,-1,-1,0,1,1,1,E01004833,3,1,0,1
2024061489479,2024,061489479,381070,411972,-2.28755,53.60396,6,3,2,1,09/09/2024,2,16:50,-1,E08000002,E08000002,E08000002,6,0,6,30,-1,16,-1,6,0,-1,-1,0,1,1,1,-1,-1,0,1,3,2,E01004980,3,1,0,1
2024061395675,2024,061395675,385961,396102,-2.21292,53.46147,6,3,2,1,07/01/2024,1,17:30,-1,E08000003,E08000003,E08000003,3,5184,6,30,-1,16,2,6,0,-1,-1,0,4,1,1,-1,-1,0,1,1,2,E01034119,3,1,0,1
2025061555097,2025,061555097,383113,396623,-2.25584,53.46607,6,3,2,1,13/02/2025,5,18:20,-1,E08000003,E08000003,E08000003,3,5067,6,30,-1,19,9,6,0,-1,-1,-1,1,1,1,-1,-1,0,1,3,2,E01005214,3,1,0,1
2025061676853,2025,061676853,384706,393743,-2.2317,53.44024,6,2,1,1,27/11/2025,5,12:54,-1,E08000003,E08000003,E08000003,6,0,6,20,-1,0,-1,6,0,-1,-1,0,1,1,1,-1,-1,0,1,1,2,E01005278,7,1,1,0
2025061693194,2025,061693194,383339,397518,-2.25248,53.47413,6,3,2,1,20/12/2025,7,22:47,-1,E08000003,E08000003,E08000003,3,56,6,30,-1,0,-1,4,6469,-1,-1,0,4,1,2,-1,-1,0,1,3,2,E01034131,3,1,0,1
2025061596915,2025,061596915,390204,402155,-2.1492,53.51598,6,3,2,1,31/05/2025,7,16:25,-1,E08000004,E08000004,E08000004,3,62,6,30,-1,13,-1,6,0,-1,-1,15,1,1,1,-1,-1,0,1,3,2,E01005362,3,1,0,1
2025061684633,2025,061684633,387347,405846,-2.19244,53.54909,6,3,2,1,17/12/2025,4,23:32,-1,E08000005,E08000005,E08000005,3,669,6,30,-1,16,2,4,6189,-1,-1,15,4,1,1,-1,-1,0,1,1,2,E01005533,3,1,0,1
2024061399591,2024,061399591,371871,403695,-2.42581,53.52915,6,2,1,1,17/01/2024,4,09:50,-1,E08000006,E08000006,E08000006,3,5082,6,30,-1,19,4,6,0,-1,-1,17,1,1,2,-1,-1,0,1,1,2,E01005661,7,1,1,0
2025061632216,2025,061632216,391509,392825,-2.12927,53.43214,6,3,2,1,22/08/2025,6,14:37,-1,E08000007,E08000007,E08000007,6,0,6,30,-1,0,-1,0,-1,-1,-1,0,1,1,1,-1,-1,0,2,1,2,E01005756,3,1,0,1
2024061400150,2024,061400150,399280,395267,-2.01231,53.45416,6,3,1,1,18/01/2024,5,17:10,-1,E08000008,E08000008,E08000008,6,0,6,30,-1,0,-1,6,0,-1,-1,0,1,1,1,-1,-1,0,1,1,2,E01006048,3,1,0,1
2024061432041,2024,061432041,378279,391825,-2.32832,53.42277,6,3,1,1,20/03/2024,4,12:40,-1,E08000009,E08000009,E08000009,3,56,6,30,-1,0,-1,6,0,-1,-1,-1,1,1,1,-1,-1,0,1,3,2,E01006160,3,1,0,1
2024061458550,2024,061458550,376487,396421,-2.35563,53.464,6,3,2,1,21/06/2024,6,18:52,-1,E08000009,E08000009,E08000009,1,60,3,70,-1,0,-1,-1,-1,-1,-1,0,1,1,1,-1,-1,0,1,1,1,E01006121,3,1,0,1
2025061606711,2025,061606711,374820,394951,-2.38062,53.45071,6,3,2,1,23/06/2025,2,16:24,-1,E08000009,E08000009,E08000009,6,0,6,30,-1,0,-1,6,0,-1,-1,0,1,1,1,-1,-1,0,1,1,2,E01006128,3,1,0,1
2024061422327,2024,061422327,367580,403106,-2.49048,53.52361,6,3,1,1,09/03/2024,7,12:50,-1,E08000010,E08000010,E08000010,3,577,6,30,-1,13,2,6,0,-1,-1,0,1,1,1,-1,-1,0,1,3,2,E01006244,3,1,0,1
2025061669762,2025,061669762,368899,402145,-2.47049,53.51506,6,2,3,2,17/11/2025,2,16:39,-1,E08000010,E08000010,E08000010,3,577,6,20,-1,13,4,6,0,-1,-1,13,4,8,2,-1,-1,0,1,1,2,E01006295,7,1,1,0
2024141429775,2024,141429775,444824,402826,-1.32542,53.5202,14,3,1,1,09/04/2024,3,15:25,-1,E08000016,E08000016,E08000038,6,0,6,30,-1,0,-1,6,0,-1,-1,0,1,4,1,-1,-1,0,1,1,2,E01007364,3,1,0,1
2024141505211,2024,141505211,434488,405955,-1.48096,53.5491,14,2,2,1,17/10/2024,5,21:45,-1,E08000016,E08000016,E08000038,6,0,1,30,-1,-1,4,6,0,-1,-1,0,4,1,1,-1,-1,0,1,1,2,E01007340,7,1,1,0
2025141575406,2025,141575406,449323,399716,-1.25806,53.49185,14,3,2,1,08/04/2025,3,14:36,-1,E08000017,E08000017,E08000017,3,6023,6,40,-1,13,4,6,0,-1,-1,0,1,8,1,-1,-1,0,1,1,2,E01007543,3,1,0,1
2024141398293,2024,141398293,457686,388931,-1.13399,53.39407,14,3,3,1,14/01/2024,1,19:12,-1,E08000018,E08000018,E08000018,3,634,6,60,-1,0,-1,6,0,-1,-1,0,6,8,4,-1,-1,17,2,1,2,E01007764,3,1,0,1
2024141467987,2024,141467987,441887,390218,-1.37139,53.40712,14,3,1,1,11/07/2024,5,15:05,-1,E08000018,E08000018,E08000018,6,0,6,30,-1,13,4,6,0,-1,-1,0,1,2,2,-1,-1,0,1,2,2,E01007703,3,1,0,1
2024141521961,2024,141521961,445147,393951,-1.32182,53.44041,14,3,2,1,27/11/2024,4,07:25,-1,E08000018,E08000018,E08000018,3,6123,3,40,-1,13,4,6,0,-1,-1,0,4,2,2,-1,-1,0,1,1,2,E01007737,3,1,0,1
2025141686699,2025,141686699,442858,392688,-1.35645,53.42925,14,3,1,1,21/12/2025,1,20:10,-1,E08000018,E08000018,E08000018,6,0,6,30,-1,0,-1,6,0,-1,-1,0,4,2,2,-1,-1,0,1,3,2,E01007714,3,1,0,1
2024141431770,2024,141431770,444037,382637,-1.3401,53.33881,14,3,1,1,15/04/2024,2,08:27,-1,E08000019,E08000019,E08000039,5,0,6,30,-1,17,4,5,0,-1,-1,0,1,2,2,-1,-1,0,1,2,2,E01008039,3,1,0,1
2024141435646,2024,141435646,435725,386912,-1.46445,53.37786,14,2,1,1,25/04/2024,5,10:18,-1,E08000019,E08000019,E08000039,3,61,6,30,-1,0,-1,3,61,-1,-1,14,1,1,1,-1,-1,0,1,1,2,E01033268,6,1,1,0
2024141464890,2024,141464890,439446,389702,-1.40817,53.40267,14,2,2,5,08/07/2024,2,13:37,-1,E08000019,E08000019,E08000039,3,1,3,40,-1,0,-1,-1,-1,-1,-1,0,1,1,1,-1,-1,0,1,1,2,E01007904,7,1,1,0
2024141482895,2024,141482895,433632,398875,-1.49463,53.48552,14,1,2,2,22/08/2024,5,13:16,-1,E08000019,E08000019,E08000039,3,61,6,50,-1,19,4,6,0,-1,-1,0,1,8,1,-1,-1,0,2,1,2,E01007898,1,1,0,0
2024101462724,2024,101462724,422583,564875,-1.6487,54.97798,10,3,2,1,29/06/2024,7,07:37,-1,E08000021,E08000021,E08000021,6,0,6,30,-1,17,2,6,0,-1,-1,14,1,1,2,-1,-1,0,1,1,2,E01008455,3,1,0,1
2024101513910,2024,101513910,420761,564958,-1.67716,54.9788,10,3,1,1,08/11/2024,6,08:45,-1,E08000021,E08000021,E08000021,6,0,6,20,-1,0,-1,6,0,-1,-1,-1,1,1,1,-1,-1,-1,1,3,2,E01008288,3,1,0,1
2025101561906,2025,101561906,427265,565439,-1.5755,54.98281,10,2,2,1,21/02/2025,6,00:01,-1,E08000021,E08000021,E08000021,3,188,6,30,-1,13,4,6,0,-1,-1,17,4,1,1,-1,-1,0,1,2,2,E01008360,7,1,1,0
2025101635177,2025,101635177,426868,565890,-1.58166,54.98688,10,2,1,1,25/08/2025,2,18:15,-1,E08000021,E08000021,E08000021,6,0,6,20,-1,0,-1,6,0,-1,-1,0,1,1,1,-1,-1,0,1,2,2,E01008365,7,1,1,0
2024101444729,2024,101444729,427462,568007,-1.57218,55.00588,10,3,2,3,18/05/2024,7,14:55,-1,E08000022,E08000022,E08000022,6,0,6,30,-1,13,2,6,0,-1,-1,14,1,1,1,-1,-1,0,1,2,2,E01008469,3,1,0,1
2025101537650,2025,101537650,429285,567369,-1.54374,55.00004,10,2,1,1,04/01/2025,7,07:44,-1,E08000022,E08000022,E08000022,6,0,6,30,-1,19,4,3,186,-1,-1,13,1,8,4,-1,-1,0,1,1,2,E01008533,7,1,1,0
2024101402503,2024,101402503,435328,563690,-1.44973,54.96659,10,3,2,1,23/01/2024,3,18:17,-1,E08000023,E08000023,E08000023,5,0,6,30,-1,0,-1,6,0,-1,-1,0,4,1,2,-1,-1,13,1,2,2,E01008669,3,1,0,1
2024101445059,2024,101445059,440014,561991,-1.37678,54.95097,10,3,2,1,15/05/2024,4,15:30,-1,E08000023,E08000023,E08000023,6,0,6,30,-1,13,4,6,0,-1,-1,0,1,1,1,-1,-1,0,2,3,2,E01008686,3,1,0,1
2024101444721,2024,101444721,435558,564989,-1.44598,54.97825,10,3,1,1,18/05/2024,7,11:38,-1,E08000023,E08000023,E08000023,4,1302,1,30,-1,-1,4,3,194,-1,-1,17,1,1,1,-1,-1,0,1,2,2,E01008672,3,1,0,1
2024101440737,2024,101440737,436978,555030,-1.42507,54.88865,10,3,2,1,08/05/2024,4,06:40,-1,E08000024,E08000024,E08000024,6,0,6,30,-1,16,4,6,0,-1,-1,0,1,1,1,-1,-1,0,1,3,2,E01008829,3,1,0,1
2024101442447,2024,101442447,436980,555030,-1.42504,54.88865,10,3,2,1,13/05/2024,2,08:46,-1,E08000024,E08000024,E08000024,6,0,6,30,-1,16,4,6,0,-1,-1,0,1,1,1,-1,-1,0,1,1,2,E01008829,3,1,0,1
2024101492172,2024,101492172,429555,557188,-1.54056,54.90854,10,3,2,3,16/09/2024,2,13:46,-1,E08000024,E08000024,E08000024,3,1290,1,40,-1,-1,4,3,182,-1,-1,0,1,1,1,-1,-1,0,1,2,2,E01008875,3,1,0,1
2024201406088,2024,201406088,408769,284696,-1.87237,52.46014,20,2,1,1,23/01/2024,3,07:41,-1,E08000025,E08000025,E08000025,3,41,6,30,-1,0,-1,-1,-1,-1,-1,14,4,1,1,-1,-1,0,1,3,2,E01009368,6,1,1,0
2024201500956,2024,201500956,411222,284833,-1.83626,52.46133,20,3,2,2,28/01/2024,1,01:44,-1,E08000025,E08000025,E08000025,6,0,3,30,-1,0,-1,6,0,-1,-1,0,4,2,2,-1,-1,0,1,1,2,E01008884,3,1,0,1
2024201448252,2024,201448252,400458,282102,-1.99469,52.43689,20,2,2,1,25/05/2024,7,21:20,-1,E08000025,E08000025,E08000025,6,0,6,30,-1,16,4,6,0,-1,-1,0,1,1,1,-1,-1,0,1,1,2,E01033629,6,1,1,0
2024201547705,2024,201547705,415576,287015,-1.77208,52.48084,20,2,2,1,12/09/2024,5,21:12,-1,E08000025,E08000025,E08000025,6,0,6,30,-1,13,4,6,0,-1,-1,14,4,1,1,-1,-1,0,1,1,2,E01009299,7,1,1,0
2024201499454,2024,201499454,412086,297050,-1.82311,52.57114,20,3,1,1,01/10/2024,3,20:30,-1,E08000025,E08000025,E08000025,3,5127,6,30,-1,16,2,3,453,-1,-1,14,7,1,1,-1,-1,0,1,3,2,E01009430,3,1,0,1
2024201506711,2024,201506711,409163,289107,-1.86645,52.49979,20,3,2,2,21/10/2024,2,21:19,-1,E08000025,E08000025,E08000025,6,0,6,30,-1,13,4,6,0,-1,-1,0,4,8,2,-1,-1,0,1,1,2,E01009201,3,1,0,1
2024201511477,2024,201511477,412089,284378,-1.82352,52.45722,20,3,2,2,01/11/2024,6,22:46,-1,E08000025,E08000025,E08000025,3,4040,6,30,-1,13,4,6,0,-1,-1,0,4,1,1,-1,-1,0,1,1,2,E01008890,3,1,0,1
2025201540660,2025,201540660,411176,288853,-1.83681,52.49747,20,3,2,6,12/01/2025,1,21:46,-1,E08000025,E08000025,E08000025,6,0,6,30,-1,16,4,6,0,-1,-1,0,4,1,2,-1,-1,0,1,1,2,E01009478,3,1,0,1
2025201541174,2025,201541174,413442,289092,-1.80342,52.49957,20,3,2,1,13/01/2025,2,15:40,-1,E08000025,E08000025,E08000025,4,4114,6,30,-1,13,4,6,0,-1,-1,0,1,1,1,-1,-1,0,1,3,2,E01009087,3,1,0,1
2025201601694,2025,201601694,409370,289821,-1.86338,52.50621,20,3,2,1,11/06/2025,4,22:30,-1,E08000025,E08000025,E08000025,4,4137,3,30,-1,19,4,6,0,-1,-1,0,4,1,1,-1,-1,0,1,1,2,E01009202,3,1,0,1
2025201603285,2025,201603285,401301,277233,-1.98231,52.39312,20,3,6,2,14/06/2025,7,19:45,-1,E08000025,E08000025,E08000025,6,0,6,30,-1,13,4,6,0,-1,-1,0,1,1,1,-1,-1,0,1,1,2,E01009166,3,1,0,1
2025201624114,2025,201624114,405607,287473,-1.91886,52.48515,20,3,1,1,27/07/2025,1,00:51,-1,E08000025,E08000025,E08000025,3,4540,3,30,-1,0,-1,6,0,-1,-1,14,4,1,1,-1,-1,0,1,1,2,E01034951,3,1,0,1
2025201650266,2025,201650266,407865,293754,-1.88546,52.54159,20,3,3,1,03/10/2025,6,19:46,-1,E08000025,E08000025,E08000025,6,0,3,30,-1,16,2,4,4138,-1,-1,14,4,2,2,-1,-1,0,1,1,2,E01009230,3,1,0,1
2025201657318,2025,201657318,414950,286715,-1.78131,52.47816,20,3,2,2,19/10/2025,1,20:40,-1,E08000025,E08000025,E08000025,6,0,6,30,-1,0,-1,6,0,-1,-1,0,4,2,2,-1,-1,0,1,3,2,E01009322,3,1,0,1
2025201678891,2025,201678891,400692,282624,-1.99125,52.44158,20,3,2,1,05/12/2025,6,20:24,-1,E08000025,E08000025,E08000025,6,0,6,30,-1,0,-1,0,-1,-1,-1,0,4,2,2,-1,-1,0,1,1,2,E01008918,3,1,0,1
2025201681746,2025,201681746,406996,295369,-1.89824,52.55612,20,3,2,1,11/12/2025,5,16:46,-1,E08000025,E08000025,E08000025,3,4041,1,30,-1,-1,4,6,0,-1,-1,0,4,1,1,-1,-1,0,1,1,2,E01009220,3,1,0,1
2024201508452,2024,201508452,435848,280884,-1.47425,52.42477,20,3,2,1,25/10/2024,6,07:42,-1,E08000026,E08000026,E08000026,6,0,6,30,-1,16,2,6,0,-1,-1,14,1,1,1,-1,-1,0,1,1,2,E01009655,3,1,0,1
2024201532280,2024,201532280,435925,279071,-1.47332,52.40847,20,3,2,1,19/12/2024,5,02:40,-1,E08000026,E08000026,E08000026,6,0,6,30,-1,0,-1,6,0,-1,-1,0,4,2,2,-1,-1,0,1,2,2,E01009617,3,1,0,1
2024201472923,2024,201472923,390063,284663,-2.14767,52.45982,20,2,1,1,27/07/2024,7,23:06,-1,E08000027,E08000027,E08000027,3,491,6,30,-1,0,-1,-1,-1,-1,-1,0,4,1,1,-1,-1,0,1,1,2,E01009721,7,1,1,0
2024201520991,2024,201520991,391890,286362,-2.12083,52.47513,20,3,2,1,25/11/2024,2,08:45,-1,E08000027,E08000027,E08000027,4,4172,6,30,-1,13,4,6,0,-1,-1,0,1,1,1,-1,-1,0,1,1,2,E01009741,3,1,0,1
2025201599209,2025,201599209,395160,290641,-2.07275,52.51363,20,3,2,1,05/06/2025,5,17:45,-1,E08000027,E08000027,E08000027,3,461,1,30,-1,-1,4,3,461,-1,-1,14,1,2,2,-1,-1,0,1,1,2,E01009757,3,1,0,1
2025201682128,2025,201682128,394154,284657,-2.08747,52.45983,20,3,1,1,12/12/2025,6,08:00,-1,E08000027,E08000027,E08000027,3,458,6,30,-1,16,-1,4,4173,-1,-1,13,1,1,1,-1,-1,0,1,3,2,E01009862,3,1,0,1
2024201486296,2024,201486296,398801,287866,-2.01909,52.48871,20,3,2,1,06/07/2024,7,16:38,-1,E08000028,E08000028,E08000028,3,4123,3,30,-1,18,4,6,0,-1,-1,0,1,1,1,-1,-1,0,1,1,2,E01010002,3,1,0,1
2024201490039,2024,201490039,398776,295076,-2.01948,52.55352,20,3,1,1,31/08/2024,7,22:00,-1,E08000028,E08000028,E08000028,3,461,3,30,-1,0,-1,6,0,-1,-1,14,4,1,1,-1,-1,0,1,3,2,E01010090,3,1,0,1
2025201541679,2025,201541679,403601,287746,-1.9484,52.48762,20,3,3,1,13/01/2025,2,17:42,-1,E08000028,E08000028,E08000028,3,457,6,30,-1,0,-1,6,0,-1,-1,14,4,1,1,-1,-1,0,1,3,2,E01033892,3,1,0,1
2025201654739,2025,201654739,398950,288539,-2.01689,52.49476,20,2,1,2,15/10/2025,4,10:07,-1,E08000028,E08000028,E08000028,1,5,7,60,-1,0,-1,0,-1,-1,-1,0,1,1,1,-1,-1,0,1,1,1,E01010003,7,1,1,0
2025201661439,2025,201661439,398798,288368,-2.01913,52.49322,20,3,2,1,30/10/2025,5,22:25,-1,E08000028,E08000028,E08000028,1,5,1,30,-1,-1,4,3,4123,-1,-1,0,4,2,2,-1,-1,0,1,1,1,E01010018,3,1,0,1
2025201665682,2025,201665682,399008,293931,-2.01606,52.54323,20,2,1,1,06/11/2025,5,14:45,-1,E08000028,E08000028,E08000028,6,0,6,30,-1,13,4,3,4196,-1,-1,0,1,1,1,-1,-1,0,1,3,2,E01010100,7,1,1,0
2025201631820,2025,201631820,414447,280489,-1.78899,52.4222,20,3,2,1,21/08/2025,5,13:25,-1,E08000029,E08000029,E08000029,3,41,6,30,-1,0,-1,6,0,-1,-1,0,1,1,1,-1,-1,11,1,1,2,E01010231,3,1,0,1
2025201675551,2025,201675551,399161,300064,-2.01382,52.59837,20,3,2,4,28/11/2025,6,07:25,-1,E08000030,E08000030,E08000030,6,0,6,30,-1,13,2,6,0,-1,-1,0,7,1,1,-1,-1,0,1,3,2,E01010267,3,1,0,1
2025201675076,2025,201675076,400750,298741,-1.99036,52.58647,20,3,3,1,28/11/2025,6,08:33,-1,E08000030,E08000030,E08000030,6,0,6,30,-1,0,-1,4,30,-1,-1,11,1,1,1,-1,-1,0,1,1,2,E01010368,3,1,0,1
2024201435916,2024,201435916,391752,298939,-2.12318,52.58819,20,2,1,1,08/03/2024,6,19:15,-1,E08000031,E08000031,E08000031,3,4150,3,30,-1,13,2,6,0,-1,-1,15,4,1,1,-1,-1,0,1,3,2,E01034313,7,1,1,0
2024201429129,2024,201429129,394497,300234,-2.08268,52.59987,20,3,2,1,06/04/2024,7,14:27,-1,E08000031,E08000031,E08000031,6,0,1,30,-1,-1,4,6,0,-1,-1,14,1,1,1,-1,-1,0,1,2,2,E01010564,3,1,0,1
2024201436475,2024,201436475,389873,299717,-2.15093,52.59515,20,2,2,1,24/04/2024,4,08:03,-1,E08000031,E08000031,E08000031,6,0,6,30,-1,18,4,6,0,-1,-1,0,1,1,1,-1,-1,0,1,3,2,E01010523,7,1,1,0
2024201445989,2024,201445989,391139,299078,-2.13223,52.58943,20,2,2,1,22/05/2024,4,08:09,-1,E08000031,E08000031,E08000031,6,0,6,30,-1,18,4,6,0,-1,-1,14,1,2,2,-1,-1,0,1,1,2,E01034312,7,1,1,0
2024201502429,2024,201502429,392288,300873,-2.11531,52.60558,20,3,2,1,09/10/2024,4,10:40,-1,E08000031,E08000031,E08000031,6,0,6,30,-1,0,-1,-1,-1,-1,-1,0,1,1,1,-1,-1,0,1,3,2,E01010486,3,1,0,1
2025201579250,2025,201579250,393220,298395,-2.1015,52.58332,20,3,2,1,17/04/2025,5,18:13,-1,E08000031,E08000031,E08000031,3,454,6,30,-1,19,4,6,0,-1,-1,0,1,1,1,-1,-1,0,1,1,2,E01010443,3,1,0,1
2025201678607,2025,201678607,391492,299084,-2.12702,52.58949,20,3,1,1,05/12/2025,6,11:30,-1,E08000031,E08000031,E08000031,3,4150,7,40,-1,0,-1,0,-1,-1,-1,14,1,1,2,-1,-1,0,1,1,2,E01034312,3,1,0,1
2024131420386,2024,131420386,411124,439080,-1.8324,53.84784,13,3,2,1,13/03/2024,4,15:30,-1,E08000032,E08000032,E08000032,3,650,3,50,-1,0,-1,-1,-1,-1,-1,0,1,2,2,-1,-1,18,1,1,2,E01010584,3,1,0,1
2024131458574,2024,131458574,411094,433313,-1.83306,53.79601,13,3,2,2,21/06/2024,6,18:35,-1,E08000032,E08000032,E08000032,6,0,6,30,-1,0,-1,-1,-1,-1,-1,0,1,1,1,-1,-1,0,2,1,2,E01010802,3,1,0,1
2024131534200,2024,131534200,415168,432986,-1.77123,53.79297,13,3,2,1,23/12/2024,2,17:55,-1,E08000032,E08000032,E08000032,6,0,6,30,-1,13,4,6,0,-1,-1,0,4,1,1,-1,-1,0,1,1,2,E01010833,3,1,0,1
2025131566204,2025,131566204,419344,429673,-1.70805,53.76305,13,3,1,2,18/03/2025,3,06:47,-1,E08000032,E08000032,E08000032,6,0,6,30,-1,0,-1,6,0,-1,-1,0,1,1,4,-1,-1,0,1,1,2,E01010816,3,1,0,1
2025131587439,2025,131587439,415072,431083,-1.77278,53.77587,13,3,1,1,08/05/2025,5,15:45,-1,E08000032,E08000032,E08000032,6,0,3,30,-1,16,2,6,0,-1,-1,17,1,1,1,-1,-1,0,1,1,2,E01010666,3,1,0,1
2025131592151,2025,131592151,414587,431115,-1.78014,53.77617,13,3,1,1,19/05/2025,2,19:50,-1,E08000032,E08000032,E08000032,6,0,6,30,-1,0,-1,6,0,-1,-1,0,1,1,1,-1,-1,0,1,1,2,E01010666,3,1,0,1
2025131663931,2025,131663931,413248,434674,-1.8003,53.80819,13,2,1,1,05/11/2025,4,11:24,-1,E08000032,E08000032,E08000032,6,0,6,30,-1,0,-1,6,0,-1,-1,13,1,1,2,-1,-1,0,1,1,2,E01010806,6,1,1,0
2025131685169,2025,131685169,417735,440622,-1.73183,53.86152,13,3,1,1,18/12/2025,5,22:37,-1,E08000032,E08000032,E08000032,3,6038,6,40,-1,0,-1,6,0,-1,-1,17,4,8,2,-1,-1,0,2,1,2,E01010685,3,1,0,1
2024131431877,2024,131431877,390252,426176,-2.14924,53.73188,13,3,1,1,15/04/2024,2,13:22,-1,E08000033,E08000033,E08000033,3,646,6,30,-1,13,4,6,0,-1,-1,0,1,2,2,-1,-1,0,2,1,2,E01010986,3,1,0,1
2024131436775,2024,131436775,405546,419977,-1.91752,53.67623,13,3,2,1,28/04/2024,1,16:33,-1,E08000033,E08000033,E08000033,4,6114,6,30,-1,16,4,6,0,-1,-1,0,1,1,1,-1,-1,0,2,1,2,E01010953,3,1,0,1
2024131450872,2024,131450872,412136,417578,-1.81786,53.65456,13,3,1,1,31/05/2024,6,13:00,-1,E08000034,E08000034,E08000034,6,0,6,30,-1,0,-1,6,0,-1,-1,0,1,1,1,-1,-1,0,1,2,2,E01011208,3,1,0,1
2024131459198,2024,131459198,420304,421764,-1.694,53.69193,13,2,1,2,24/06/2024,2,04:22,-1,E08000034,E08000034,E08000034,6,0,6,30,-1,0,-1,6,0,-1,-1,0,1,1,1,-1,-1,11,1,1,2,E01011217,7,1,1,0
2024131503024,2024,131503024,416887,426431,-1.74549,53.734,13,2,2,1,12/10/2024,7,12:11,-1,E08000034,E08000034,E08000034,3,58,6,60,-1,13,4,6,0,-1,-1,0,1,1,2,-1,-1,0,2,1,2,E01011069,7,1,1,0
2024131513613,2024,131513613,423092,422166,-1.65175,53.69543,13,2,3,2,07/11/2024,5,16:53,-1,E08000034,E08000034,E08000034,6,0,6,30,-1,0,-1,6,0,-1,-1,0,4,1,1,-1,-1,0,1,1,2,E01011136,7,1,1,0
2025131598273,2025,131598273,422913,427724,-1.65405,53.74539,13,3,4,2,03/06/2025,3,21:40,-1,E08000034,E08000034,E08000034,1,62,3,50,-1,0,-1,0,-1,-1,-1,0,4,1,2,-1,-1,0,1,1,1,E01011050,3,1,0,1
2025131614868,2025,131614868,414654,417726,-1.77975,53.65583,13,2,2,4,11/07/2025,6,16:51,-1,E08000034,E08000034,E08000034,6,0,6,30,-1,16,4,6,0,-1,-1,0,1,1,1,-1,-1,0,1,1,2,E01011107,7,1,1,0
2024131449952,2024,131449952,429560,433968,-1.55267,53.80118,13,3,2,1,04/04/2024,5,11:25,-1,E08000035,E08000035,E08000035,6,0,6,20,-1,13,4,6,0,-1,-1,0,1,1,2,-1,-1,0,1,1,2,E01033008,3,1,0,1
2024131431920,2024,131431920,442288,434762,-1.35933,53.80744,13,2,1,2,14/04/2024,1,11:26,-1,E08000035,E08000035,E08000035,4,1217,6,40,-1,0,-1,-1,-1,-1,-1,0,1,1,1,-1,-1,0,2,1,2,E01011297,6,1,1,0
2024131439576,2024,131439576,445127,436310,-1.31599,53.82111,13,3,1,1,06/05/2024,2,11:00,-1,E08000035,E08000035,E08000035,6,0,6,60,-1,0,-1,6,0,-1,-1,0,1,1,1,-1,-1,11,2,1,2,E01011297,3,1,0,1
2024131468307,2024,131468307,430308,437041,-1.54101,53.82876,13,2,2,1,15/07/2024,2,17:45,-1,E08000035,E08000035,E08000035,6,0,6,30,-1,19,4,6,0,-1,-1,0,1,1,1,-1,-1,0,1,2,2,E01011352,7,1,1,0
2024131516833,2024,131516833,436883,433607,-1.44154,53.79747,13,3,2,1,14/11/2024,5,17:15,-1,E08000035,E08000035,E08000035,3,6120,3,30,-1,-1,4,6,0,-1,-1,0,4,1,1,-1,-1,0,1,2,2,E01011411,3,1,0,1
2024131565185,2024,131565185,429592,435400,-1.55205,53.81405,13,3,2,1,25/11/2024,2,23:35,-1,E08000035,E08000035,E08000035,6,0,6,30,-1,16,4,6,0,-1,-1,0,4,1,1,-1,-1,17,1,1,2,E01011670,3,1,0,1
2024131524381,2024,131524381,431957,435862,-1.51608,53.81806,13,3,2,3,02/12/2024,2,11:05,-1,E08000035,E08000035,E08000035,4,6159,6,30,-1,19,2,6,0,-1,-1,0,1,1,1,-1,-1,0,1,2,2,E01011422,3,1,0,1
2025131629062,2025,131629062,431539,427013,-1.52333,53.73855,13,2,3,1,15/08/2025,6,05:03,-1,E08000035,E08000035,E08000035,3,654,6,40,-1,0,-1,0,-1,-1,-1,0,4,1,1,-1,-1,0,2,1,2,E01035051,7,1,1,0
2025131647386,2025,131647386,424994,432642,-1.6221,53.7895,13,2,1,1,27/09/2025,7,20:06,-1,E08000035,E08000035,E08000035,6,0,6,30,-1,0,-1,6,0,-1,-1,0,4,1,1,-1,-1,0,1,1,2,E01011726,5,1,1,0
2025131676373,2025,131676373,430582,431402,-1.53741,53.77806,13,3,2,1,01/12/2025,2,08:32,-1,E08000035,E08000035,E08000035,1,621,3,50,-1,0,-1,1,621,-1,-1,0,1,2,2,-1,-1,0,1,1,1,E01011468,3,1,0,1
2025131687708,2025,131687708,440361,448171,-1.38683,53.9281,13,2,1,1,24/12/2025,4,12:42,-1,E08000035,E08000035,E08000035,3,661,6,30,-1,19,4,6,0,-1,-1,0,1,1,1,-1,-1,0,1,1,2,E01011704,7,1,1,0
2024131411767,2024,131411767,444962,421635,-1.32063,53.68924,13,3,2,1,19/02/2024,2,19:22,-1,E08000036,E08000036,E08000036,6,0,9,30,-1,16,1,6,0,-1,-1,0,4,8,1,-1,-1,0,1,1,2,E01011851,3,1,0,1
2024131421987,2024,131421987,432533,421132,-1.50888,53.68564,13,3,2,1,18/03/2024,2,09:31,-1,E08000036,E08000036,E08000036,6,0,6,30,-1,13,4,6,0,-1,-1,0,1,1,1,-1,-1,0,1,1,2,E01011920,3,1,0,1
2024131529104,2024,131529104,443434,425642,-1.34321,53.72538,13,2,1,1,12/12/2024,5,08:15,-1,E08000036,E08000036,E08000036,6,0,6,30,-1,13,4,6,0,-1,-1,0,5,2,2,-1,-1,0,1,1,2,E01011753,7,1,1,0
2025131598759,2025,131598759,432299,418030,-1.51275,53.65777,13,3,2,1,04/06/2025,4,16:40,-1,E08000036,E08000036,E08000036,3,636,3,40,-1,0,-1,0,-1,-1,-1,0,1,4,1,-1,-1,0,2,1,2,E01011937,3,1,0,1
2025141588312,2025,141588312,435247,400042,-1.47017,53.49591,14,2,2,2,10/05/2025,7,18:34,-1,E08000038,E08000038,E08000038,6,0,6,40,-1,0,-1,6,0,-1,-1,17,1,1,1,-1,-1,0,2,1,2,E01007424,5,1,1,0
2025141651542,2025,141651542,435001,408327,-1.47295,53.57039,14,2,2,1,07/10/2025,3,17:22,-1,E08000038,E08000038,E08000038,3,61,6,30,-1,0,-1,6,0,-1,-1,0,1,8,1,-1,-1,0,1,1,2,E01034258,5,1,1,0
2025141661755,2025,141661755,435647,411897,-1.46279,53.60243,14,2,2,1,22/10/2025,4,15:10,-1,E08000038,E08000038,E08000038,6,0,6,30,-1,0,-1,6,0,-1,-1,0,1,1,1,-1,-1,0,1,1,2,E01007438,5,1,1,0
2025141659715,2025,141659715,438510,390735,-1.42212,53.41203,14,3,2,1,17/09/2025,4,15:10,-1,E08000039,E08000039,E08000039,6,0,6,30,-1,13,4,4,6082,-1,-1,0,1,1,1,-1,-1,0,1,3,2,E01007854,3,1,0,1
2025141681536,2025,141681536,431171,386771,-1.53291,53.37688,14,3,2,1,11/12/2025,5,12:30,-1,E08000039,E08000039,E08000039,6,0,6,30,-1,19,4,6,0,-1,-1,0,1,4,1,-1,-1,0,1,1,2,E01007953,3,1,0,1
2025010559302,2025,010559302,546555,185783,0.11241,51.55191,1,2,1,1,15/02/2025,7,00:05,-1,E09000002,E09000002,E09000002,3,124,3,30,-1,13,4,6,0,-1,-1,0,4,1,1,-1,-1,0,1,1,2,E01034471,6,1,1,0
2025010587926,2025,010587926,523977,188402,-0.21213,51.58085,1,3,2,1,21/07/2025,2,13:40,-1,E09000003,E09000003,E09000003,3,406,3,40,-1,16,2,3,406,-1,-1,-1,1,1,1,-1,-1,-1,1,3,2,E01000215,3,1,0,1
2025010590516,2025,010590516,522629,187258,-0.23197,51.57087,1,3,2,1,05/08/2025,3,15:01,-1,E09000003,E09000003,E09000003,3,5,1,30,-1,-1,2,3,406,-1,-1,0,1,1,1,-1,-1,0,1,1,2,E01000223,3,1,0,1
2025010612938,2025,010612938,521629,190276,-0.24535,51.5982,1,3,1,1,02/12/2025,3,12:05,-1,E09000003,E09000003,E09000003,6,0,6,30,-1,16,4,6,0,-1,-1,13,1,1,1,-1,-1,0,1,1,2,E01000154,3,1,0,1
2025010561262,2025,010561262,521164,185874,-0.25358,51.55874,1,3,2,1,26/02/2025,4,19:35,-1,E09000005,E09000005,E09000005,3,406,7,40,-1,-1,3,3,4088,-1,-1,-1,4,1,1,-1,-1,0,1,3,2,E01000628,3,1,0,1
2025010597332,2025,010597332,523601,185181,-0.21869,51.55199,1,3,2,1,11/09/2025,5,20:50,-1,E09000005,E09000005,E09000005,3,407,9,30,-1,99,9,6,0,-1,-1,-1,4,9,9,-1,-1,-1,1,3,2,E01000560,3,1,0,1
2025010583085,2025,010583085,535430,170334,-0.05386,51.41586,1,3,2,1,26/06/2025,5,16:23,-1,E09000006,E09000006,E09000006,3,234,6,20,-1,99,9,6,0,-1,-1,-1,1,1,1,-1,-1,-1,1,3,2,E01000806,3,1,0,1
2025010615638,2025,010615638,534120,170346,-0.07269,51.41627,1,3,1,1,15/12/2025,2,15:18,-1,E09000006,E09000006,E09000006,3,214,6,30,-1,0,-1,0,-1,-1,-1,14,1,1,2,-1,-1,0,1,1,2,E01034383,3,1,0,1
2025010596304,2025,010596304,530860,181576,-0.11539,51.51796,1,3,2,1,08/09/2025,2,12:29,-1,E09000007,E09000007,E09000007,3,40,3,30,-1,0,-1,0,-1,-1,-1,14,1,1,1,-1,-1,0,1,1,2,E01000914,3,1,0,1
2025010596512,2025,010596512,526882,184918,-0.17148,51.5489,1,3,1,1,08/09/2025,2,15:00,-1,E09000007,E09000007,E09000007,6,0,9,20,-1,13,9,6,0,-1,-1,-1,1,1,1,-1,-1,-1,1,3,2,E01000882,3,1,0,1
2025010602897,2025,010602897,527227,185487,-0.1663,51.55393,1,3,1,1,10/10/2025,6,10:40,-1,E09000007,E09000007,E09000007,4,518,6,20,-1,0,-1,0,-1,-1,-1,0,1,1,1,-1,-1,0,1,1,2,E01000897,3,1,0,1
2025010591546,2025,010591546,518266,182655,-0.29644,51.53043,1,3,2,1,11/08/2025,2,20:10,-1,E09000009,E09000009,E09000009,3,40,3,40,-1,0,-1,0,-1,-1,-1,0,1,1,1,-1,-1,0,1,1,2,E01001277,3,1,0,1
2025010580808,2025,010580808,538039,177711,-0.0135,51.48152,1,3,2,1,15/06/2025,1,20:00,-1,E09000011,E09000011,E09000011,3,200,6,20,-1,13,4,6,0,-1,-1,-1,1,1,1,-1,-1,-1,1,3,2,E01034180,3,1,0,1
2025010578142,2025,010578142,531949,187746,-0.09739,51.57315,1,3,2,1,30/05/2025,6,12:10,-1,E09000012,E09000012,E09000012,3,105,6,20,-1,0,-1,0,-1,-1,-1,-1,1,8,1,-1,-1,0,1,3,2,E01001813,3,1,0,1
2025010581833,2025,010581833,534395,184685,-0.06328,51.54506,1,3,1,1,15/06/2025,1,04:45,-1,E09000012,E09000012,E09000012,6,0,9,20,-1,0,-1,0,-1,-1,-1,-1,1,8,1,-1,-1,-1,1,3,2,E01001763,3,1,0,1
2025010600443,2025,010600443,534856,184004,-0.0569,51.53884,1,2,1,1,10/09/2025,4,17:55,-1,E09000012,E09000012,E09000012,3,107,6,20,-1,16,2,6,0,-1,-1,-1,1,2,2,-1,-1,-1,1,3,2,E01033704,7,1,1,0
2025010561154,2025,010561154,525563,177018,-0.19331,51.47819,1,3,3,1,26/02/2025,4,18:00,-1,E09000013,E09000013,E09000013,4,318,2,20,-1,13,4,6,0,-1,-1,15,4,1,2,-1,-1,16,1,1,2,E01001921,3,1,0,1
2025010569918,2025,010569918,523137,180744,-0.22692,51.51221,1,3,2,1,16/04/2025,4,13:52,-1,E09000013,E09000013,E09000013,6,0,6,20,-1,0,-1,0,-1,-1,-1,0,1,1,1,-1,-1,0,1,1,2,E01035485,3,1,0,1
2025010581136,2025,010581136,525205,175871,-0.19887,51.46796,1,3,1,1,17/06/2025,3,13:15,-1,E09000013,E09000013,E09000013,6,0,6,20,-1,0,-1,0,-1,-1,-1,17,1,1,1,-1,-1,0,1,1,2,E01001916,3,1,0,1
2025010583481,2025,010583481,525184,177925,-0.19844,51.48643,1,2,2,1,29/06/2025,1,00:45,-1,E09000013,E09000013,E09000013,3,3218,6,20,-1,19,4,6,0,-1,-1,0,4,1,1,-1,-1,0,1,1,2,E01001883,5,1,1,0
2025010589938,2025,010589938,525932,177123,-0.18796,51.47906,1,2,2,1,01/08/2025,6,12:30,-1,E09000013,E09000013,E09000013,3,308,6,20,-1,0,-1,0,-1,-1,-1,13,1,9,9,-1,-1,-1,1,3,2,E01001921,7,1,1,0
2025010606854,2025,010606854,523437,179038,-0.2232,51.49682,1,3,5,6,01/11/2025,7,07:30,-1,E09000013,E09000013,E09000013,3,219,6,20,-1,13,2,6,0,-1,-1,15,1,1,2,-1,-1,0,1,1,2,E01001869,3,1,0,1
2025010555897,2025,010555897,528729,188001,-0.14373,51.57618,1,3,1,1,26/01/2025,1,02:09,-1,E09000014,E09000014,E09000014,3,1,6,30,-1,19,2,6,0,-1,-1,0,4,1,2,-1,-1,0,1,1,2,E01002007,3,1,0,1
2025010586932,2025,010586932,528935,187677,-0.14088,51.57323,1,3,2,1,15/07/2025,3,17:45,-1,E09000014,E09000014,E09000014,3,1,6,20,-1,16,9,6,0,-1,-1,-1,1,9,9,-1,-1,-1,1,3,2,E01002009,3,1,0,1
2025010570493,2025,010570493,550936,187534,0.1763,51.56648,1,2,2,1,20/04/2025,1,17:17,-1,E09000016,E09000016,E09000016,5,0,6,30,-1,13,4,6,0,-1,-1,0,1,1,1,-1,-1,0,1,1,2,E01002248,7,1,1,0
2025010581437,2025,010581437,551855,186745,0.18921,51.55915,1,3,2,1,18/06/2025,4,19:45,-1,E09000016,E09000016,E09000016,6,0,6,20,-1,0,-1,0,-1,-1,-1,0,1,8,1,-1,-1,11,1,3,2,E01002322,3,1,0,1
2025010573627,2025,010573627,507768,182411,-0.4478,51.53033,1,2,1,1,07/05/2025,4,15:51,-1,E09000017,E09000017,E09000017,3,4020,3,40,-1,13,2,5,0,-1,-1,15,4,1,1,-1,-1,0,1,1,2,E01002457,7,1,1,0
2025010586090,2025,010586090,505875,185593,-0.47412,51.55929,1,3,2,1,10/07/2025,5,06:31,-1,E09000017,E09000017,E09000017,3,40,7,70,-1,0,9,0,-1,-1,-1,-1,1,1,1,-1,-1,-1,2,3,1,E01002512,3,1,0,1
2025010579122,2025,010579122,516080,176597,-0.32993,51.47643,1,2,3,1,06/06/2025,6,15:05,-1,E09000018,E09000018,E09000018,3,315,6,20,-1,0,-1,0,-1,-1,-1,17,1,1,1,-1,-1,0,1,1,2,E01002681,7,1,1,0
2025010594532,2025,010594532,529807,184997,-0.12929,51.54894,1,3,2,1,29/08/2025,6,17:20,-1,E09000019,E09000019,E09000019,3,5200,6,20,-1,16,2,3,503,-1,-1,-1,1,1,1,-1,-1,-1,1,3,2,E01000926,3,1,0,1
2025010568499,2025,010568499,524037,179759,-0.21431,51.50316,1,2,2,1,08/04/2025,3,10:05,-1,E09000020,E09000020,E09000020,3,3220,3,20,-1,16,2,6,0,-1,-1,15,1,1,1,-1,-1,0,1,1,2,E01002869,7,1,1,0
2025010595973,2025,010595973,524807,179150,-0.20343,51.49752,1,2,2,1,06/09/2025,7,14:41,-1,E09000020,E09000020,E09000020,3,315,6,20,-1,13,4,6,0,-1,-1,0,1,1,1,-1,-1,0,1,1,2,E01002864,7,1,1,0
2025010596489,2025,010596489,524030,182035,-0.21361,51.52362,1,3,2,1,09/09/2025,3,10:10,-1,E09000020,E09000020,E09000020,4,450,6,20,-1,13,4,6,0,-1,-1,13,1,1,1,-1,-1,0,1,1,2,E01002852,3,1,0,1
2025010603227,2025,010603227,524639,179537,-0.20572,51.50104,1,3,2,1,12/10/2025,1,11:50,-1,E09000020,E09000020,E09000020,6,0,6,20,-1,0,-1,0,-1,-1,-1,0,1,1,1,-1,-1,21,1,1,2,E01002864,3,1,0,1
2025010589824,2025,010589824,530974,180087,-0.1143,51.50455,1,3,2,1,30/07/2025,4,23:48,-1,E09000022,E09000022,E09000022,3,3200,1,20,-1,-1,2,3,301,-1,-1,-1,4,8,1,-1,-1,-1,1,3,2,E01032582,3,1,0,1
2025010603187,2025,010603187,528881,174403,-0.14651,51.45395,1,3,2,1,11/10/2025,7,23:35,-1,E09000022,E09000022,E09000022,3,24,6,20,-1,16,2,3,205,-1,-1,15,4,1,1,-1,-1,0,1,1,2,E01003030,3,1,0,1
2025010620454,2025,010620454,529505,170192,-0.13907,51.41596,1,2,2,1,06/12/2025,7,16:00,-1,E09000022,E09000022,E09000022,4,272,6,20,-1,13,9,6,0,-1,-1,-1,4,1,1,-1,-1,-1,1,3,2,E01003139,7,1,1,0
2024010521733,2024,010521733,539698,171190,0.00781,51.42251,1,2,3,2,14/07/2024,1,21:25,-1,E09000023,E09000023,E09000023,6,0,6,20,-1,-1,4,6,0,0,0,0,1,1,1,0,0,0,1,1,2,E01032565,-1,0,1,0
2025010563748,2025,010563748,538191,174941,-0.01239,51.45659,1,3,1,2,13/03/2025,5,13:14,-1,E09000023,E09000023,E09000023,6,0,2,20,-1,0,-1,0,-1,-1,-1,0,1,1,1,-1,-1,0,1,1,2,E01033341,3,1,0,1
2025010584217,2025,010584217,537037,177730,-0.02791,51.48193,1,3,2,1,02/07/2025,4,13:30,-1,E09000023,E09000023,E09000023,3,200,6,20,-1,13,4,6,0,-1,-1,0,1,2,2,-1,-1,0,1,1,2,E01003251,3,1,0,1
2025010590089,2025,010590089,537672,176478,-0.01926,51.47053,1,2,4,1,03/08/2025,1,04:30,-1,E09000023,E09000023,E09000023,6,0,6,20,-1,19,4,6,0,-1,-1,0,4,1,1,-1,-1,0,1,1,2,E01033324,7,1,1,0
2025010602499,2025,010602499,537045,171639,-0.03015,51.42719,1,2,3,1,08/10/2025,4,11:59,-1,E09000023,E09000023,E09000023,3,2218,3,20,-1,18,-1,6,0,-1,-1,0,1,1,1,-1,-1,0,1,1,2,E01003190,7,1,1,0
2025010605583,2025,010605583,539731,173768,0.0093,51.44567,1,3,1,1,12/10/2025,1,11:45,-1,E09000023,E09000023,E09000023,3,205,9,20,-1,99,9,6,0,-1,-1,-1,1,8,1,-1,-1,-1,1,3,2,E01003268,3,1,0,1
2025010604059,2025,010604059,536110,178520,-0.04095,51.48925,1,3,2,1,16/10/2025,5,16:20,-1,E09000023,E09000023,E09000023,3,200,6,30,-1,13,9,6,0,-1,-1,-1,1,1,1,-1,-1,0,1,3,2,E01003247,3,1,0,1
2025010561426,2025,010561426,529257,169897,-0.14274,51.41337,1,3,1,1,28/02/2025,6,09:26,-1,E09000024,E09000024,E09000022,4,272,6,20,-1,17,4,5,0,-1,-1,15,1,1,1,-1,-1,0,1,1,2,E01003143,3,1,0,1
2025010600136,2025,010600136,544035,182810,0.07487,51.52584,1,2,4,4,27/09/2025,7,00:27,-1,E09000025,E09000025,E09000025,3,406,3,50,-1,13,4,3,406,-1,-1,16,4,1,1,-1,-1,0,2,1,2,E01003535,6,1,1,0
2024010549736,2024,010549736,544443,190203,0.08379,51.59217,1,3,4,1,17/12/2024,3,12:00,-1,E09000026,E09000026,E09000026,3,123,6,20,-1,-1,4,6,0,0,0,0,1,1,1,0,0,0,1,1,2,E01003701,-1,0,0,1
2025010582003,2025,010582003,546435,192148,0.11333,51.60913,1,3,2,1,21/06/2025,7,10:30,-1,E09000026,E09000026,E09000026,5,0,6,30,-1,0,-1,0,-1,-1,-1,0,1,1,1,-1,-1,0,1,1,2,E01003723,3,1,0,1
2025010600950,2025,010600950,518731,171741,-0.29341,51.43224,1,3,2,1,30/09/2025,3,13:30,-1,E09000027,E09000027,E09000027,4,352,6,20,-1,13,9,6,0,-1,-1,-1,1,1,1,-1,-1,-1,2,3,2,E01003817,3,1,0,1
2025010555114,2025,010555114,532567,178968,-0.09178,51.49412,1,3,2,1,21/01/2025,3,12:20,-1,E09000028,E09000028,E09000028,3,201,2,30,-1,13,4,6,0,-1,-1,-1,1,1,1,-1,-1,-1,1,3,2,E01003960,3,1,0,1
2025010556806,2025,010556806,533061,179482,-0.08447,51.49862,1,2,1,1,31/01/2025,6,08:45,-1,E09000028,E09000028,E09000028,3,2198,6,20,-1,13,4,6,0,-1,-1,-1,1,2,2,-1,-1,17,1,3,2,E01003941,7,1,1,0
2025010577525,2025,010577525,534644,176254,-0.06291,51.46924,1,3,2,1,28/05/2025,4,17:40,-1,E09000028,E09000028,E09000028,6,0,6,20,-1,13,9,6,0,-1,-1,13,1,1,1,-1,-1,0,1,3,2,E01004068,3,1,0,1
2025010580660,2025,010580660,534442,176756,-0.06563,51.4738,1,3,2,1,15/06/2025,1,02:25,-1,E09000028,E09000028,E09000028,3,202,7,20,-1,-1,4,3,2215,-1,-1,-1,5,1,1,-1,-1,-1,1,3,2,E01004067,3,1,0,1
2025010590108,2025,010590108,535891,180293,-0.04342,51.50524,1,3,2,1,03/08/2025,1,07:14,-1,E09000028,E09000028,E09000028,4,205,6,20,-1,18,4,6,0,-1,-1,13,1,1,1,-1,-1,0,1,1,2,E01004055,3,1,0,1
2025010612928,2025,010612928,531658,179816,-0.10455,51.50195,1,3,1,1,02/12/2025,3,09:20,-1,E09000028,E09000028,E09000028,3,201,6,20,-1,13,4,6,0,-1,-1,13,1,1,1,-1,-1,-1,1,3,2,E01032583,3,1,0,1
2025010558134,2025,010558134,524794,165124,-0.20856,51.37147,1,3,2,2,07/02/2025,6,22:01,-1,E09000029,E09000029,E09000029,5,0,3,40,-1,17,2,3,217,-1,-1,15,4,2,2,-1,-1,0,1,1,2,E01004130,3,1,0,1
2025010587471,2025,010587471,535451,182074,-0.04907,51.52135,1,2,2,1,18/07/2025,6,18:13,-1,E09000030,E09000030,E09000030,3,11,6,20,-1,13,4,6,0,-1,-1,15,1,1,1,-1,-1,0,1,1,2,E01004208,7,1,1,0
2025010611973,2025,010611973,537634,182286,-0.01754,51.52273,1,3,1,1,27/11/2025,5,12:09,-1,E09000030,E09000030,E09000030,4,140,6,20,-1,0,-1,0,-1,-1,-1,14,1,1,2,-1,-1,17,1,1,2,E01004239,3,1,0,1
2025010613531,2025,010613531,537858,186905,-0.01251,51.56418,1,3,2,1,04/12/2025,5,13:04,-1,E09000031,E09000031,E09000031,5,0,9,30,-1,16,4,3,1006,-1,-1,-1,1,9,9,-1,-1,-1,1,3,2,E01004435,3,1,0,1
2025010556577,2025,010556577,526219,175144,-0.18453,51.46121,1,3,1,1,29/01/2025,4,22:40,-1,E09000032,E09000032,E09000032,3,214,1,40,-1,-1,2,3,3205,-1,-1,15,4,1,1,-1,-1,0,1,1,2,E01004510,3,1,0,1
2025010571817,2025,010571817,527713,175854,-0.16278,51.46725,1,3,2,1,28/04/2025,2,09:25,-1,E09000032,E09000032,E09000032,3,3220,6,30,-1,19,4,6,0,-1,-1,0,1,1,1,-1,-1,0,1,1,2,E01004585,3,1,0,1
2025010578058,2025,010578058,528587,175994,-0.15016,51.46831,1,3,2,1,31/05/2025,7,22:44,-1,E09000032,E09000032,E09000032,3,3216,6,20,-1,0,-1,0,-1,-1,-1,15,4,1,1,-1,-1,0,1,1,2,E01004565,3,1,0,1
2025010592194,2025,010592194,528408,173037,-0.15381,51.44178,1,3,2,1,15/08/2025,6,14:30,-1,E09000032,E09000032,E09000032,3,24,6,20,-1,0,-1,0,-1,-1,-1,15,1,1,1,-1,-1,0,1,1,2,E01004485,3,1,0,1
2025010595735,2025,010595735,527816,172438,-0.16254,51.43653,1,3,1,1,05/09/2025,6,09:20,-1,E09000032,E09000032,E09000032,6,0,6,20,-1,16,4,6,0,-1,-1,0,1,1,1,-1,-1,11,1,1,2,E01004549,3,1,0,1
2025010598943,2025,010598943,526817,173238,-0.17661,51.44394,1,3,2,1,21/09/2025,1,12:15,-1,E09000032,E09000032,E09000032,6,0,6,20,-1,13,4,6,0,-1,-1,0,1,1,1,-1,-1,17,1,3,2,E01004625,3,1,0,1
2025010602487,2025,010602487,528106,172451,-0.15836,51.43658,1,3,2,1,08/10/2025,4,09:00,-1,E09000032,E09000032,E09000032,3,24,6,20,-1,13,9,6,0,-1,-1,-1,1,1,1,-1,-1,-1,1,3,2,E01004548,3,1,0,1
2025010603684,2025,010603684,521688,172483,-0.25064,51.43828,1,3,2,1,14/10/2025,3,19:06,-1,E09000032,E09000032,E09000032,3,3,3,40,-1,0,-1,0,-1,-1,-1,0,4,1,1,-1,-1,0,1,1,2,E01004573,3,1,0,1
2025010607465,2025,010607465,528901,177083,-0.14524,51.47803,1,3,2,1,04/11/2025,3,12:19,-1,E09000032,E09000032,E09000032,3,3205,6,20,-1,16,2,5,0,-1,-1,14,1,1,2,-1,-1,0,1,1,2,E01033098,3,1,0,1
2025010565030,2025,010565030,530181,179673,-0.12587,51.50101,1,3,1,1,20/03/2025,5,15:25,-1,E09000033,E09000033,E09000033,3,302,6,20,-1,0,-1,0,-1,-1,-1,15,1,1,1,-1,-1,0,1,3,2,E01004733,3,1,0,1
2025010575483,2025,010575483,528417,179472,-0.15134,51.49961,1,3,2,1,17/05/2025,7,12:01,-1,E09000033,E09000033,E09000033,6,0,6,20,-1,13,4,6,0,-1,-1,0,1,1,1,-1,-1,0,1,1,2,E01004690,3,1,0,1
2024351399004,2024,351399004,540847,255575,0.05858,52.18045,35,2,1,1,10/01/2024,4,10:58,-1,E07000012,E10000003,E10000003,6,0,6,20,-1,0,-1,6,0,-1,-1,0,1,1,4,-1,-1,0,2,1,2,E01018225,6,1,1,0
2024351422777,2024,351422777,547896,259001,0.16309,52.20939,35,3,1,2,18/01/2024,5,11:37,-1,E07000008,E10000003,E10000003,3,1134,6,30,-1,0,-1,6,0,-1,-1,0,1,1,4,-1,-1,0,1,1,2,E01017947,3,1,0,1
2024351506444,2024,351506444,541913,296083,0.09127,52.54411,35,3,2,2,17/10/2024,5,13:20,-1,E07000010,E10000003,E10000003,4,1099,6,40,-1,0,-1,6,0,-1,-1,-1,1,1,1,-1,-1,-1,1,3,2,E01018079,3,1,0,1
2025351570955,2025,351570955,547350,256447,0.15399,52.18659,35,3,2,2,11/03/2025,3,19:45,-1,E07000008,E10000003,E10000003,6,0,6,20,-1,18,-1,6,0,-1,-1,15,4,2,2,-1,-1,-1,1,3,2,E01017968,3,1,0,1
2025351576385,2025,351576385,547622,255721,0.15765,52.17999,35,3,1,2,10/04/2025,5,17:44,-1,E07000008,E10000003,E10000003,6,0,6,20,-1,0,-1,6,0,-1,-1,0,1,1,1,-1,-1,0,1,1,2,E01017994,3,1,0,1
2025351593740,2025,351593740,519875,261052,-0.24605,52.23462,35,3,4,1,08/05/2025,5,17:45,-1,E07000011,E10000003,E10000003,6,0,6,40,-1,13,4,6,0,-1,-1,0,1,1,1,-1,-1,0,1,1,2,E01018189,3,1,0,1
2025302500295,2025,302500295,437948,369774,-1.43307,53.22366,30,3,2,1,28/02/2025,6,17:00,-1,E07000034,E10000007,E10000007,5,0,6,30,-1,0,-1,0,-1,-1,-1,0,1,8,1,-1,-1,0,1,1,2,E01019575,3,1,0,1
2025302501148,2025,302501148,452699,373980,-1.21146,53.26021,30,3,3,1,23/07/2025,4,18:15,-1,E07000033,E10000007,E10000007,6,0,6,30,-1,13,4,6,0,-1,-1,0,1,1,1,-1,-1,0,2,3,2,E01019498,3,1,0,1
2025302501290,2025,302501290,447574,336337,-1.29384,52.92235,30,3,3,2,21/08/2025,5,17:40,-1,E07000036,E10000007,E10000007,4,5010,6,30,-1,0,-1,0,-1,-1,-1,0,1,1,1,-1,-1,0,1,1,2,E01019696,3,1,0,1
2025302501649,2025,302501649,436133,379595,-1.45915,53.31207,30,3,2,1,12/09/2025,6,13:03,-1,E07000038,E10000007,E10000007,4,6056,1,30,-1,19,4,4,6158,-1,-1,0,1,1,2,-1,-1,0,1,1,2,E01019779,3,1,0,1
2025302501673,2025,302501673,445863,366363,-1.31502,53.19238,30,3,1,1,25/10/2025,7,22:00,-1,E07000033,E10000007,E10000007,6,0,6,30,-1,0,-1,0,-1,-1,-1,0,4,1,1,-1,-1,0,2,1,2,E01019520,3,1,0,1
2025302501768,2025,302501768,429574,358733,-1.55951,53.12495,30,3,2,2,17/11/2025,2,18:41,-1,E07000035,E10000007,E10000007,3,6,6,30,-1,0,-1,0,-1,-1,-1,0,4,1,2,-1,-1,0,2,1,2,E01019620,3,1,0,1
2024501396941,2024,501396941,265386,142710,-3.92676,51.16775,50,3,4,1,09/01/2024,3,19:15,-1,E07000043,E10000008,E10000008,3,399,6,60,-1,0,-1,6,0,-1,-1,0,6,8,4,-1,-1,18,2,1,2,E01020088,3,1,0,1
2024501418664,2024,501418664,293980,120805,-3.51153,50.97686,50,3,1,1,09/03/2024,7,01:15,-1,E07000042,E10000008,E10000008,3,396,6,60,-1,0,-1,6,0,-1,-1,0,6,4,2,-1,-1,0,2,1,2,E01020050,3,1,0,1
2024501471866,2024,501471866,245014,98327,-4.199,50.76378,50,3,1,3,25/07/2024,5,00:30,-1,E07000047,E10000008,E10000008,3,3079,6,60,-1,0,-1,-1,-1,-1,-1,0,6,1,2,-1,-1,0,2,1,2,E01034642,3,1,0,1
2024501498021,2024,501498021,268945,52523,-3.84374,50.35799,50,3,1,1,31/07/2024,4,20:50,-1,E07000044,E10000008,E10000008,6,0,6,60,-1,0,-1,6,0,-1,-1,0,6,1,1,-1,-1,0,2,1,2,E01020158,3,1,0,1
2024501504157,2024,501504157,252522,62386,-4.07834,50.44274,50,3,2,1,15/10/2024,3,16:00,-1,E07000044,E10000008,E10000008,6,0,6,60,-1,0,-1,-1,-1,-1,-1,0,1,1,2,-1,-1,0,2,1,2,E01020145,3,1,0,1
2024501511991,2024,501511991,291004,90125,-3.54476,50.70052,50,3,3,2,03/11/2024,1,11:15,-1,E07000045,E10000008,E10000008,3,30,7,60,-1,-1,4,3,377,-1,-1,0,1,1,1,-1,-1,0,2,1,1,E01020243,3,1,0,1
2024501533827,2024,501533827,271288,125929,-3.83641,51.01829,50,2,1,2,22/12/2024,1,11:14,-1,E07000043,E10000008,E10000008,4,3227,6,30,-1,0,-1,4,3226,-1,-1,0,1,1,1,-1,-1,0,2,1,2,E01020137,6,1,1,0
2025501598816,2025,501598816,295554,94359,-3.48156,50.73942,50,2,2,1,01/06/2025,1,15:15,-1,E07000041,E10000008,E10000008,6,0,6,20,-1,13,4,6,0,-1,-1,0,1,1,1,-1,-1,0,1,3,2,E01020002,7,1,1,0
2025501661615,2025,501661615,243313,128546,-4.23608,51.03486,50,3,2,1,01/10/2025,4,10:13,-1,E07000046,E10000008,E10000008,4,3236,6,30,-1,13,4,6,0,-1,-1,0,1,1,1,-1,-1,0,1,1,2,E01034641,3,1,0,1
2025501661003,2025,501661003,234831,122885,-4.35437,50.98162,50,3,2,1,29/10/2025,4,22:50,-1,E07000046,E10000008,E10000008,3,39,6,40,-1,17,4,6,0,-1,-1,0,6,8,2,-1,-1,0,2,1,2,E01020288,3,1,0,1
2024471507677,2024,471507677,542536,109165,0.02407,50.86443,47,3,2,1,21/10/2024,2,06:50,-1,E07000063,E10000011,E10000011,3,27,7,50,-1,-1,4,3,27,-1,-1,0,1,1,1,-1,-1,0,2,3,1,E01021054,3,1,0,1
2024471508943,2024,471508943,592193,119956,0.73462,50.947,47,2,1,1,26/10/2024,7,17:10,-1,E07000064,E10000011,E10000011,6,0,6,30,-1,0,-1,-1,-1,-1,-1,0,6,2,2,-1,-1,0,2,1,2,E01021117,7,1,1,0
2024471513879,2024,471513879,581390,109397,0.57576,50.85564,47,3,1,1,08/11/2024,6,09:40,-1,E07000062,E10000011,E10000011,6,0,6,30,-1,13,4,3,21,-1,-1,15,1,1,1,-1,-1,0,1,3,2,E01020979,3,1,0,1
2024471526421,2024,471526421,546589,119943,0.08595,50.96027,47,3,2,2,05/12/2024,5,15:05,-1,E07000065,E10000011,E10000011,3,22,6,60,-1,0,-1,-1,-1,-1,-1,0,1,5,2,-1,-1,0,2,1,2,E01021228,3,1,0,1
2025471560273,2025,471560273,557246,111877,0.2341,50.88499,47,3,3,1,02/03/2025,1,16:52,-1,E07000065,E10000011,E10000011,3,267,6,60,-1,0,-1,0,-1,-1,-1,0,1,1,1,-1,-1,13,2,1,2,E01034299,3,1,0,1
2025471601450,2025,471601450,574244,107374,0.47338,50.83966,47,3,1,2,11/06/2025,4,12:20,-1,E07000064,E10000011,E10000011,6,0,6,30,-1,13,4,6,0,-1,-1,0,1,1,1,-1,-1,0,1,1,2,E01021092,3,1,0,1
2025471640487,2025,471640487,575161,115725,0.49039,50.91441,47,2,1,1,11/09/2025,5,20:30,-1,E07000064,E10000011,E10000011,3,2100,1,30,-1,-1,4,6,0,-1,-1,0,4,2,2,-1,-1,0,2,1,2,E01021084,7,1,1,0
2025471678566,2025,471678566,548020,136526,0.11308,51.10892,47,2,1,1,05/12/2025,6,09:44,-1,E07000065,E10000011,E10000011,4,2026,6,60,-1,0,-1,6,0,-1,-1,0,1,1,4,-1,-1,0,2,1,2,E01021186,5,1,1,0
2024421396512,2024,421396512,541883,199508,0.05062,51.67643,42,3,2,1,09/01/2024,3,13:31,-1,E07000072,E10000012,E10000012,3,121,6,40,-1,0,-1,6,0,-1,-1,0,1,1,2,-1,-1,0,2,1,2,E01021806,3,1,0,1
2024421398027,2024,421398027,580193,183622,0.59599,51.52277,42,2,1,1,13/01/2024,7,17:40,-1,E07000069,E10000012,E10000012,4,1014,2,30,-1,19,4,4,1014,-1,-1,13,4,1,1,-1,-1,0,1,1,2,E01021498,5,1,1,0
2024421411014,2024,421411014,602421,226891,0.94108,51.90377,42,2,2,1,17/02/2024,7,13:42,-1,E07000071,E10000012,E10000012,3,137,6,30,-1,0,-1,6,0,-1,-1,0,1,1,1,-1,-1,0,1,1,2,E01021708,7,1,1,0
2024421421228,2024,421421228,581087,215555,0.6254,51.8093,42,3,1,1,15/03/2024,6,21:04,-1,E07000067,E10000012,E10000012,6,0,6,30,-1,0,-1,6,0,-1,-1,0,4,1,2,-1,-1,0,1,1,2,E01021426,3,1,0,1
2024421421303,2024,421421303,578518,193298,0.57678,51.61021,42,2,1,1,16/03/2024,7,06:30,-1,E07000075,E10000012,E10000012,6,0,6,40,-1,0,-1,-1,-1,-1,-1,0,1,1,1,-1,-1,0,2,1,2,E01021920,7,1,1,0
2024421436194,2024,421436194,543661,194853,0.07441,51.63415,42,3,2,1,26/04/2024,6,17:00,-1,E07000072,E10000012,E10000012,1,11,3,70,-1,0,-1,-1,-1,-1,-1,0,1,1,1,-1,-1,0,2,1,1,E01021750,3,1,0,1
2024421459019,2024,421459019,577352,195328,0.56099,51.62881,42,3,3,2,23/06/2024,1,12:21,-1,E07000070,E10000012,E10000012,3,132,3,60,-1,19,4,3,132,-1,-1,17,1,1,1,-1,-1,0,2,1,2,E01034087,3,1,0,1
2024421461577,2024,421461577,580987,219807,0.62617,51.84752,42,1,1,1,29/06/2024,7,06:30,-1,E07000067,E10000012,E10000012,6,0,6,30,-1,0,-1,6,0,-1,-1,0,1,1,1,-1,-1,0,2,1,2,E01021360,1,1,0,0
2024421480271,2024,421480271,601391,227460,0.92646,51.90925,42,3,2,1,14/08/2024,4,17:09,-1,E07000071,E10000012,E10000012,3,1232,1,30,-1,-1,4,6,0,-1,-1,15,1,1,1,-1,-1,0,1,1,2,E01021710,3,1,0,1
2024421494798,2024,421494798,560415,191533,0.31477,51.5998,42,2,1,1,23/09/2024,2,08:25,-1,E07000068,E10000012,E10000012,6,0,6,40,-1,13,4,6,0,-1,-1,0,1,2,2,-1,-1,0,2,1,2,E01021473,5,1,1,0
2024421499476,2024,421499476,563197,195761,0.35687,51.63698,42,2,1,1,24/09/2024,3,13:25,-1,E07000068,E10000012,E10000012,6,0,6,30,-1,13,-1,6,0,-1,-1,-1,1,1,1,-1,-1,0,1,3,2,E01021451,7,1,1,0
2024421498520,2024,421498520,576610,223485,0.56457,51.88195,42,3,1,1,02/10/2024,4,08:43,-1,E07000067,E10000012,E10000012,6,0,6,30,-1,13,4,6,0,-1,-1,0,1,1,2,-1,-1,0,1,1,2,E01021353,3,1,0,1
2024421509854,2024,421509854,598141,223049,0.87674,51.87081,42,3,1,1,22/10/2024,3,08:00,-1,E07000071,E10000012,E10000012,4,1026,6,30,-1,13,4,6,0,-1,-1,13,1,1,1,-1,-1,0,1,3,2,E01021711,3,1,0,1
2024421509133,2024,421509133,616109,215548,1.13266,51.79681,42,3,2,2,27/10/2024,1,12:54,-1,E07000076,E10000012,E10000012,6,0,6,30,-1,16,4,6,0,-1,-1,0,1,1,1,-1,-1,0,1,1,2,E01021969,3,1,0,1
2024421515525,2024,421515525,551927,223021,0.20606,51.88505,42,3,2,1,29/10/2024,3,19:00,-1,E07000077,E10000012,E10000012,1,11,3,70,-1,0,-1,-1,-1,-1,-1,0,4,1,1,-1,-1,0,2,3,1,E01022086,3,1,0,1
2024421515096,2024,421515096,625612,231559,1.28069,51.93677,42,3,1,1,04/11/2024,2,09:30,-1,E07000076,E10000012,E10000012,6,0,6,30,-1,13,4,4,1414,-1,-1,15,1,1,1,-1,-1,0,1,2,2,E01022001,3,1,0,1
2024421521596,2024,421521596,551963,241891,0.21493,52.05457,42,3,2,1,26/11/2024,3,09:40,-1,E07000077,E10000012,E10000012,4,184,1,40,-1,-1,4,6,0,-1,-1,17,1,1,1,-1,-1,0,2,3,2,E01022094,3,1,0,1
2024421532914,2024,421532914,577525,226918,0.57962,51.9125,42,3,1,1,20/12/2024,6,09:45,-1,E07000067,E10000012,E10000012,3,131,6,30,-1,0,-1,6,0,-1,-1,0,1,8,1,-1,-1,0,1,3,2,E01021381,3,1,0,1
2025421540455,2025,421540455,599406,225104,0.89628,51.88881,42,3,1,1,12/01/2025,1,01:06,-1,E07000071,E10000012,E10000012,6,0,6,30,-1,0,-1,6,0,-1,-1,15,4,1,4,-1,-1,0,1,1,2,E01035158,3,1,0,1
2025421595400,2025,421595400,616057,215530,1.1319,51.79666,42,3,2,1,24/04/2025,5,18:12,-1,E07000076,E10000012,E10000012,6,0,6,30,-1,0,-1,6,0,-1,-1,0,1,1,1,-1,-1,0,1,1,2,E01021969,3,1,0,1
2025421600667,2025,421600667,573384,208622,0.51032,51.74946,42,3,3,1,09/06/2025,2,16:00,-1,E07000070,E10000012,E10000012,4,1137,6,30,-1,0,-1,0,-1,-1,-1,0,1,1,1,-1,-1,0,1,1,2,E01033144,3,1,0,1
2025421632583,2025,421632583,611974,223108,1.07741,51.86626,42,2,2,3,23/08/2025,7,17:20,-1,E07000076,E10000012,E10000012,3,133,6,60,-1,0,-1,0,-1,-1,-1,0,1,1,1,-1,-1,0,2,1,2,E01021993,5,1,1,0
2025421635396,2025,421635396,591616,223763,0.78248,51.8795,42,3,2,1,31/08/2025,1,04:10,-1,E07000071,E10000012,E10000012,3,12,3,70,-1,0,-1,0,-1,-1,-1,0,4,1,2,-1,-1,0,2,1,1,E01021678,3,1,0,1
2025421654159,2025,421654159,540959,197512,0.03646,51.65872,42,3,2,1,13/10/2025,2,13:30,-1,E07000072,E10000012,E10000012,6,0,6,30,-1,13,4,6,0,-1,-1,0,1,1,1,-1,-1,0,2,1,2,E01021806,3,1,0,1
2025421667554,2025,421667554,544840,192537,0.09048,51.61304,42,2,3,1,12/11/2025,4,15:10,-1,E07000072,E10000012,E10000012,4,173,6,30,-1,13,4,6,0,-1,-1,14,1,1,1,-1,-1,0,1,1,2,E01021765,5,1,1,0
2024531416030,2024,531416030,382311,216823,-2.25821,51.84972,53,2,2,1,02/03/2024,7,01:25,-1,E07000081,E10000013,E10000013,6,0,3,30,-1,16,2,6,0,-1,-1,15,4,1,2,-1,-1,0,1,1,2,E01022334,7,1,1,0
2024531458501,2024,531458501,385945,205125,-2.20497,51.74465,53,3,3,2,20/06/2024,5,14:25,-1,E07000082,E10000013,E10000013,6,0,6,20,-1,13,4,6,0,-1,-1,0,1,1,1,-1,-1,0,1,1,2,E01022414,3,1,0,1
2024531474585,2024,531474585,378004,218959,-2.32087,51.86877,53,2,2,1,17/07/2024,4,12:22,-1,E07000083,E10000013,E10000013,3,40,6,50,-1,0,-1,6,0,-1,-1,0,1,1,1,-1,-1,0,2,1,1,E01022235,6,1,1,0
2024531531764,2024,531531764,385066,207786,-2.21782,51.76855,53,3,2,1,18/12/2024,4,07:45,-1,E07000082,E10000013,E10000013,3,46,6,50,-1,13,4,3,4173,-1,-1,0,1,4,2,-1,-1,0,2,1,2,E01022391,3,1,0,1
2025531544746,2025,531544746,381205,204177,-2.27357,51.73598,53,3,2,1,20/01/2025,2,08:30,-1,E07000082,E10000013,E10000013,6,0,6,30,-1,13,4,6,0,-1,-1,0,1,1,1,-1,-1,0,2,2,2,E01022407,3,1,0,1
2025531550494,2025,531550494,392372,220998,-2.11224,51.88749,53,2,2,1,04/02/2025,3,15:30,-1,E07000078,E10000013,E10000013,6,0,6,30,-1,0,-1,6,0,-1,-1,0,1,9,1,-1,-1,0,1,2,2,E01022169,7,1,1,0
2025531641080,2025,531641080,394110,213778,-2.08686,51.82259,53,3,5,2,12/09/2025,6,15:56,-1,E07000079,E10000013,E10000013,3,417,6,50,-1,0,-1,0,-1,-1,-1,0,1,1,2,-1,-1,0,2,1,1,E01022201,3,1,0,1
2025531682371,2025,531682371,388299,220758,-2.17141,51.88526,53,3,2,1,25/09/2025,5,08:47,-1,E07000083,E10000013,E10000013,3,40,3,70,-1,0,-1,0,-1,-1,-1,0,1,1,1,-1,-1,0,2,1,1,E01022429,3,1,0,1
2025440508934,2025,440508934,419440,105408,-1.72524,50.84787,44,2,2,2,10/11/2025,2,18:14,-1,E07000091,E10000014,E10000014,6,0,6,40,-1,0,-1,0,-1,-1,-1,0,6,2,2,-1,-1,20,2,1,2,E01022997,5,1,1,0
2025440560697,2025,440560697,480979,144634,-0.84248,51.1952,44,3,1,2,13/12/2025,7,22:48,-1,E07000085,E10000014,E10000014,3,31,3,70,-1,0,-1,0,-1,-1,-1,0,6,1,1,-1,-1,0,2,1,2,E01022581,3,1,0,1
2025440565231,2025,440565231,457372,104432,-1.18663,50.83658,44,3,3,2,16/12/2025,3,09:18,-1,E07000087,E10000014,E10000014,4,3385,6,40,-1,0,-1,0,-1,-1,-1,0,1,1,1,-1,-1,0,1,1,2,E01022738,3,1,0,1
2024411432082,2024,411432082,511691,197548,-0.38645,51.66562,41,3,2,1,11/04/2024,5,17:45,-1,E07000103,E10000015,E10000015,6,0,6,20,-1,0,-1,6,0,-1,-1,17,1,1,1,-1,-1,0,2,3,2,E01023895,3,1,0,1
2024411441036,2024,411441036,518161,228689,-0.28234,51.94416,41,3,2,1,23/04/2024,3,19:36,-1,E07000099,E10000015,E10000015,3,602,3,50,-1,13,4,6,0,-1,-1,0,1,1,1,-1,-1,0,2,1,2,E01023615,3,1,0,1
